gate,question,outcome_class,resolved_units,eligible_units,provisional,no_count_note,source_document,source_document_sha256,source_pointer
ranking_beyond_profile,Ranking beyond an implemented evolutionary profile,supported,2,14,False,,archive/docs/shared/hierarchy-crossed-controls.md,2404eb7b245c60e1aa6e6c204729bc29405359d142f172044c8a75b5f2d2efc5,checkpoints exceeding the profile over checkpoints carrying the contrast
states_beyond_likelihood,Frozen-state information beyond the native likelihood,supported,69,99,True,,archive/docs/R2/readout-results.md,b34ef1924b74ac1e6d5beb7d3a2f6a8d29913490cdb80fc2dbd03e53ec8528ab,"checkpoint-seed cells, R minus native likelihood"
states_beyond_matched,Frozen-state information beyond matched supervised controls,not_detected,3,33,True,,archive/docs/R2/readout-results.md,b34ef1924b74ac1e6d5beb7d3a2f6a8d29913490cdb80fc2dbd03e53ec8528ab,unconditioned checkpoints with a resolved increment over the matched baseline
likelihood_beyond_local,Likelihood information beyond a qualified local-context control,supported,14,33,False,,archive/docs/R1/gate-local-context.md,360cbef9b717eb567153c3636d1529b8ed307e1b92009adaf31e8e359f3606aa,"full-panel generalizability check, all three split seeds"
states_beyond_local,Frozen-state information beyond the same control,supported,8,33,True,,archive/docs/R1/gate-local-context.md,360cbef9b717eb567153c3636d1529b8ed307e1b92009adaf31e8e359f3606aa,"full-panel generalizability check, all three split seeds"
first_order_nonadditivity,First-order likelihood information on measured stability nonadditivity,supported,5,33,False,,archive/docs/R3/pairwise-epistasis-results.md,15056229ac22983c43e26fe069ea00b3867edc0fcb4e56b19806e61b89d990d6,C_G_T_M1|C_G_T resolved at all three seeds
pairwise_interaction,Measured-singles-adjusted likelihood interaction,unresolved,0,33,False,,archive/docs/R3/residual-panel.md,4c9d61417d7cbd283241d1170de5fb1acc32090076cf570388a4a33b65f29a02,C_G_T+M|C_G_T; full33 simultaneous intervals; label-assisted sensitivity
higher_order,Higher-order and background dependence,measurement_limited,,33,False,below its own noise floor,archive/docs/R3/gate-higher-order-extended.md,e1862ae7af97cc7c2099b547d993920a50dac20674675c56165f54198b4c2d00,order-3 cycle below its own channel-noise floor
structural_contact,Concentration of measured nonadditivity at structural contacts,measurement_limited,,33,False,control side does not resolve,archive/docs/R3/gate-structure-contact.md,3b35cc5e5ea626a70eb125a030d8cff2843f22fce609e3fb55f57be64eaa98ad,contact minus matched control does not resolve
related_context,Related-context use beyond matched unrelated context at low overlap,supported,6,19,False,,archive/docs/R5/gate-global-context.md,a03f0efb09e32eb91314018451aa594fbaf170a311326bda6d533c52b482a0ec,joint criterion in the pooled cohort and the low-overlap stratum
retrieval_strata,First-order likelihood information under retrieval and provenance stratification,supported,,33,False,resolved on every axis with units,archive/docs/R5/gate-retrieval-memorization.md,093dd1ed69fab14d1f15bbad2443972d25cc20fee456b95f9838ee2e36b0131d,resolved on every axis with the units to resolve
generation_products,Generation of products satisfying a stated biological requirement,supported,3,20,False,,archive/docs/R6/gate-generative-control.md,086dee0a986763812810225b60837c30d25c60abc4f3bf92d7654c293659c24b,complete-domain endpoint beyond every qualified generator
