version,definition,endpoint,weighting,estimate,ci_low,ci_high,n_contact,n_control,source_path,source_sha256,source_pointer
corrected,cb,mean_abs_epsilon,group_equal,0.04430677622363388,-0.17254046966953435,0.2733588598369119,117,57,results/R3/contact_bootstrap_corrected_20260927/epsilon_enrichment.json,61a670461c31e39a7d2d60fcd03628e6d8d16ffd0f308c273b83f9673144095c,supports.indel_excluded.definitions.cb.endpoints.mean_abs_epsilon.group_equal
corrected,cb,mean_abs_epsilon,site_pair_equal,0.06452205925125243,-0.1498064756791919,0.33014695263661936,117,57,results/R3/contact_bootstrap_corrected_20260927/epsilon_enrichment.json,61a670461c31e39a7d2d60fcd03628e6d8d16ffd0f308c273b83f9673144095c,supports.indel_excluded.definitions.cb.endpoints.mean_abs_epsilon.site_pair_equal
corrected,cb,mean_abs_epsilon_adjusted,group_equal,-0.006031122468297012,-0.08383339172734107,0.07753449035487497,117,57,results/R3/contact_bootstrap_corrected_20260927/epsilon_enrichment.json,61a670461c31e39a7d2d60fcd03628e6d8d16ffd0f308c273b83f9673144095c,supports.indel_excluded.definitions.cb.endpoints.mean_abs_epsilon_adjusted.group_equal
corrected,cb,mean_abs_epsilon_adjusted,site_pair_equal,-0.05991309377434828,-0.13088377711283528,0.06997775229577784,117,57,results/R3/contact_bootstrap_corrected_20260927/epsilon_enrichment.json,61a670461c31e39a7d2d60fcd03628e6d8d16ffd0f308c273b83f9673144095c,supports.indel_excluded.definitions.cb.endpoints.mean_abs_epsilon_adjusted.site_pair_equal
corrected,cb,mean_abs_half_channel_difference,group_equal,0.010831152183395781,-0.03176341462463593,0.050573521153774136,117,57,results/R3/contact_bootstrap_corrected_20260927/epsilon_enrichment.json,61a670461c31e39a7d2d60fcd03628e6d8d16ffd0f308c273b83f9673144095c,supports.indel_excluded.definitions.cb.endpoints.mean_abs_half_channel_difference.group_equal
corrected,cb,mean_abs_half_channel_difference,site_pair_equal,0.03211532453970292,-0.008784194376423998,0.061743563714747395,117,57,results/R3/contact_bootstrap_corrected_20260927/epsilon_enrichment.json,61a670461c31e39a7d2d60fcd03628e6d8d16ffd0f308c273b83f9673144095c,supports.indel_excluded.definitions.cb.endpoints.mean_abs_half_channel_difference.site_pair_equal
corrected,cb,mean_epsilon,group_equal,-0.027657316098463558,-0.2555026989475199,0.23098168573772182,117,57,results/R3/contact_bootstrap_corrected_20260927/epsilon_enrichment.json,61a670461c31e39a7d2d60fcd03628e6d8d16ffd0f308c273b83f9673144095c,supports.indel_excluded.definitions.cb.endpoints.mean_epsilon.group_equal
corrected,cb,mean_epsilon,site_pair_equal,0.008603176647776212,-0.23903790386091003,0.3002955755541075,117,57,results/R3/contact_bootstrap_corrected_20260927/epsilon_enrichment.json,61a670461c31e39a7d2d60fcd03628e6d8d16ffd0f308c273b83f9673144095c,supports.indel_excluded.definitions.cb.endpoints.mean_epsilon.site_pair_equal
corrected,cb,mean_epsilon_adjusted,group_equal,-0.006810417909213804,-0.16198791032465185,0.15650082341127736,117,57,results/R3/contact_bootstrap_corrected_20260927/epsilon_enrichment.json,61a670461c31e39a7d2d60fcd03628e6d8d16ffd0f308c273b83f9673144095c,supports.indel_excluded.definitions.cb.endpoints.mean_epsilon_adjusted.group_equal
corrected,cb,mean_epsilon_adjusted,site_pair_equal,-0.06818204662016833,-0.2407475315923382,0.2094943377862709,117,57,results/R3/contact_bootstrap_corrected_20260927/epsilon_enrichment.json,61a670461c31e39a7d2d60fcd03628e6d8d16ffd0f308c273b83f9673144095c,supports.indel_excluded.definitions.cb.endpoints.mean_epsilon_adjusted.site_pair_equal
corrected,ensemble_majority,mean_abs_epsilon,group_equal,0.20824665010043875,-0.010910422374108613,0.39447201340671173,129,51,results/R3/contact_bootstrap_corrected_20260927/epsilon_enrichment.json,61a670461c31e39a7d2d60fcd03628e6d8d16ffd0f308c273b83f9673144095c,supports.indel_excluded.definitions.ensemble_majority.endpoints.mean_abs_epsilon.group_equal
corrected,ensemble_majority,mean_abs_epsilon,site_pair_equal,0.24977756886518288,-0.010874965552940121,0.44291996202784806,129,51,results/R3/contact_bootstrap_corrected_20260927/epsilon_enrichment.json,61a670461c31e39a7d2d60fcd03628e6d8d16ffd0f308c273b83f9673144095c,supports.indel_excluded.definitions.ensemble_majority.endpoints.mean_abs_epsilon.site_pair_equal
corrected,ensemble_majority,mean_abs_epsilon_adjusted,group_equal,0.026708062179968628,-0.07887926627632438,0.08571726764768822,129,51,results/R3/contact_bootstrap_corrected_20260927/epsilon_enrichment.json,61a670461c31e39a7d2d60fcd03628e6d8d16ffd0f308c273b83f9673144095c,supports.indel_excluded.definitions.ensemble_majority.endpoints.mean_abs_epsilon_adjusted.group_equal
corrected,ensemble_majority,mean_abs_epsilon_adjusted,site_pair_equal,-0.012184956523415669,-0.11909164599750086,0.06629827799130612,129,51,results/R3/contact_bootstrap_corrected_20260927/epsilon_enrichment.json,61a670461c31e39a7d2d60fcd03628e6d8d16ffd0f308c273b83f9673144095c,supports.indel_excluded.definitions.ensemble_majority.endpoints.mean_abs_epsilon_adjusted.site_pair_equal
corrected,ensemble_majority,mean_abs_half_channel_difference,group_equal,0.02753623660870219,-0.01903312387583436,0.06336529889958857,129,51,results/R3/contact_bootstrap_corrected_20260927/epsilon_enrichment.json,61a670461c31e39a7d2d60fcd03628e6d8d16ffd0f308c273b83f9673144095c,supports.indel_excluded.definitions.ensemble_majority.endpoints.mean_abs_half_channel_difference.group_equal
corrected,ensemble_majority,mean_abs_half_channel_difference,site_pair_equal,0.023494889275750358,-0.0043530181518141395,0.05859862672990318,129,51,results/R3/contact_bootstrap_corrected_20260927/epsilon_enrichment.json,61a670461c31e39a7d2d60fcd03628e6d8d16ffd0f308c273b83f9673144095c,supports.indel_excluded.definitions.ensemble_majority.endpoints.mean_abs_half_channel_difference.site_pair_equal
corrected,ensemble_majority,mean_epsilon,group_equal,0.1904141344547844,-0.06406976371933962,0.41455436959108316,129,51,results/R3/contact_bootstrap_corrected_20260927/epsilon_enrichment.json,61a670461c31e39a7d2d60fcd03628e6d8d16ffd0f308c273b83f9673144095c,supports.indel_excluded.definitions.ensemble_majority.endpoints.mean_epsilon.group_equal
corrected,ensemble_majority,mean_epsilon,site_pair_equal,0.2753001697865052,-0.05430945511693531,0.5015894151657435,129,51,results/R3/contact_bootstrap_corrected_20260927/epsilon_enrichment.json,61a670461c31e39a7d2d60fcd03628e6d8d16ffd0f308c273b83f9673144095c,supports.indel_excluded.definitions.ensemble_majority.endpoints.mean_epsilon.site_pair_equal
corrected,ensemble_majority,mean_epsilon_adjusted,group_equal,0.12600776244380169,-0.062273394026565274,0.25778438401715903,129,51,results/R3/contact_bootstrap_corrected_20260927/epsilon_enrichment.json,61a670461c31e39a7d2d60fcd03628e6d8d16ffd0f308c273b83f9673144095c,supports.indel_excluded.definitions.ensemble_majority.endpoints.mean_epsilon_adjusted.group_equal
corrected,ensemble_majority,mean_epsilon_adjusted,site_pair_equal,0.11808407240862065,-0.11230370116439642,0.28389937161627365,129,51,results/R3/contact_bootstrap_corrected_20260927/epsilon_enrichment.json,61a670461c31e39a7d2d60fcd03628e6d8d16ffd0f308c273b83f9673144095c,supports.indel_excluded.definitions.ensemble_majority.endpoints.mean_epsilon_adjusted.site_pair_equal
corrected,heavy_atom,mean_abs_epsilon,group_equal,0.16476496204925994,-0.073372325549659,0.36428590076439893,111,53,results/R3/contact_bootstrap_corrected_20260927/epsilon_enrichment.json,61a670461c31e39a7d2d60fcd03628e6d8d16ffd0f308c273b83f9673144095c,supports.indel_excluded.definitions.heavy_atom.endpoints.mean_abs_epsilon.group_equal
corrected,heavy_atom,mean_abs_epsilon,site_pair_equal,0.19161131453917735,-0.0608326774197944,0.4120112602799862,111,53,results/R3/contact_bootstrap_corrected_20260927/epsilon_enrichment.json,61a670461c31e39a7d2d60fcd03628e6d8d16ffd0f308c273b83f9673144095c,supports.indel_excluded.definitions.heavy_atom.endpoints.mean_abs_epsilon.site_pair_equal
corrected,heavy_atom,mean_abs_epsilon_adjusted,group_equal,0.028775043720081883,-0.07800296462952308,0.09608933700112977,111,53,results/R3/contact_bootstrap_corrected_20260927/epsilon_enrichment.json,61a670461c31e39a7d2d60fcd03628e6d8d16ffd0f308c273b83f9673144095c,supports.indel_excluded.definitions.heavy_atom.endpoints.mean_abs_epsilon_adjusted.group_equal
corrected,heavy_atom,mean_abs_epsilon_adjusted,site_pair_equal,-0.0007046105487865106,-0.09480550653360578,0.07509104688406736,111,53,results/R3/contact_bootstrap_corrected_20260927/epsilon_enrichment.json,61a670461c31e39a7d2d60fcd03628e6d8d16ffd0f308c273b83f9673144095c,supports.indel_excluded.definitions.heavy_atom.endpoints.mean_abs_epsilon_adjusted.site_pair_equal
corrected,heavy_atom,mean_abs_half_channel_difference,group_equal,0.022440300420359882,-0.026729095908291523,0.05787488065143383,111,53,results/R3/contact_bootstrap_corrected_20260927/epsilon_enrichment.json,61a670461c31e39a7d2d60fcd03628e6d8d16ffd0f308c273b83f9673144095c,supports.indel_excluded.definitions.heavy_atom.endpoints.mean_abs_half_channel_difference.group_equal
corrected,heavy_atom,mean_abs_half_channel_difference,site_pair_equal,0.0313820391330924,-0.006951806678027437,0.06391190763091469,111,53,results/R3/contact_bootstrap_corrected_20260927/epsilon_enrichment.json,61a670461c31e39a7d2d60fcd03628e6d8d16ffd0f308c273b83f9673144095c,supports.indel_excluded.definitions.heavy_atom.endpoints.mean_abs_half_channel_difference.site_pair_equal
corrected,heavy_atom,mean_epsilon,group_equal,0.12439519496607776,-0.1246461152613784,0.3578330135294857,111,53,results/R3/contact_bootstrap_corrected_20260927/epsilon_enrichment.json,61a670461c31e39a7d2d60fcd03628e6d8d16ffd0f308c273b83f9673144095c,supports.indel_excluded.definitions.heavy_atom.endpoints.mean_epsilon.group_equal
corrected,heavy_atom,mean_epsilon,site_pair_equal,0.19292039411740014,-0.10383979143103404,0.4510269051879621,111,53,results/R3/contact_bootstrap_corrected_20260927/epsilon_enrichment.json,61a670461c31e39a7d2d60fcd03628e6d8d16ffd0f308c273b83f9673144095c,supports.indel_excluded.definitions.heavy_atom.endpoints.mean_epsilon.site_pair_equal
corrected,heavy_atom,mean_epsilon_adjusted,group_equal,0.055643588834163836,-0.13341251475249152,0.2068631226182982,111,53,results/R3/contact_bootstrap_corrected_20260927/epsilon_enrichment.json,61a670461c31e39a7d2d60fcd03628e6d8d16ffd0f308c273b83f9673144095c,supports.indel_excluded.definitions.heavy_atom.endpoints.mean_epsilon_adjusted.group_equal
corrected,heavy_atom,mean_epsilon_adjusted,site_pair_equal,0.10624979859340573,-0.1360382382866376,0.257010091892594,111,53,results/R3/contact_bootstrap_corrected_20260927/epsilon_enrichment.json,61a670461c31e39a7d2d60fcd03628e6d8d16ffd0f308c273b83f9673144095c,supports.indel_excluded.definitions.heavy_atom.endpoints.mean_epsilon_adjusted.site_pair_equal
historical,cb,mean_abs_epsilon,group_equal,0.04430677622363388,-0.15853068630962672,0.24635365667834666,117,57,archive/logs/shared/gate_structure_contact_20260924/epsilon_enrichment.json,b5c050c09b11fb422abc0a0eb0f41d1f387aa5cffd09d78363b409d58b7342ab,supports.indel_excluded.definitions.cb.endpoints.mean_abs_epsilon.group_equal
historical,cb,mean_abs_epsilon,site_pair_equal,0.06452205925125243,-0.1498064756791919,0.33014695263661936,117,57,archive/logs/shared/gate_structure_contact_20260924/epsilon_enrichment.json,b5c050c09b11fb422abc0a0eb0f41d1f387aa5cffd09d78363b409d58b7342ab,supports.indel_excluded.definitions.cb.endpoints.mean_abs_epsilon.site_pair_equal
historical,cb,mean_abs_epsilon_adjusted,group_equal,-0.006031122468297012,-0.07299976225461546,0.06962633338878826,117,57,archive/logs/shared/gate_structure_contact_20260924/epsilon_enrichment.json,b5c050c09b11fb422abc0a0eb0f41d1f387aa5cffd09d78363b409d58b7342ab,supports.indel_excluded.definitions.cb.endpoints.mean_abs_epsilon_adjusted.group_equal
historical,cb,mean_abs_epsilon_adjusted,site_pair_equal,-0.05991309377434828,-0.13088377711283528,0.06997775229577784,117,57,archive/logs/shared/gate_structure_contact_20260924/epsilon_enrichment.json,b5c050c09b11fb422abc0a0eb0f41d1f387aa5cffd09d78363b409d58b7342ab,supports.indel_excluded.definitions.cb.endpoints.mean_abs_epsilon_adjusted.site_pair_equal
historical,cb,mean_abs_half_channel_difference,group_equal,0.010831152183395781,-0.022189737175420086,0.04549230061649236,117,57,archive/logs/shared/gate_structure_contact_20260924/epsilon_enrichment.json,b5c050c09b11fb422abc0a0eb0f41d1f387aa5cffd09d78363b409d58b7342ab,supports.indel_excluded.definitions.cb.endpoints.mean_abs_half_channel_difference.group_equal
historical,cb,mean_abs_half_channel_difference,site_pair_equal,0.03211532453970292,-0.008784194376423998,0.061743563714747395,117,57,archive/logs/shared/gate_structure_contact_20260924/epsilon_enrichment.json,b5c050c09b11fb422abc0a0eb0f41d1f387aa5cffd09d78363b409d58b7342ab,supports.indel_excluded.definitions.cb.endpoints.mean_abs_half_channel_difference.site_pair_equal
historical,cb,mean_epsilon,group_equal,-0.027657316098463558,-0.24071390095171216,0.19785645058244108,117,57,archive/logs/shared/gate_structure_contact_20260924/epsilon_enrichment.json,b5c050c09b11fb422abc0a0eb0f41d1f387aa5cffd09d78363b409d58b7342ab,supports.indel_excluded.definitions.cb.endpoints.mean_epsilon.group_equal
historical,cb,mean_epsilon,site_pair_equal,0.008603176647776212,-0.23903790386091003,0.3002955755541075,117,57,archive/logs/shared/gate_structure_contact_20260924/epsilon_enrichment.json,b5c050c09b11fb422abc0a0eb0f41d1f387aa5cffd09d78363b409d58b7342ab,supports.indel_excluded.definitions.cb.endpoints.mean_epsilon.site_pair_equal
historical,cb,mean_epsilon_adjusted,group_equal,-0.006810417909213804,-0.14460107528691563,0.14731449354893425,117,57,archive/logs/shared/gate_structure_contact_20260924/epsilon_enrichment.json,b5c050c09b11fb422abc0a0eb0f41d1f387aa5cffd09d78363b409d58b7342ab,supports.indel_excluded.definitions.cb.endpoints.mean_epsilon_adjusted.group_equal
historical,cb,mean_epsilon_adjusted,site_pair_equal,-0.06818204662016833,-0.2407475315923382,0.2094943377862709,117,57,archive/logs/shared/gate_structure_contact_20260924/epsilon_enrichment.json,b5c050c09b11fb422abc0a0eb0f41d1f387aa5cffd09d78363b409d58b7342ab,supports.indel_excluded.definitions.cb.endpoints.mean_epsilon_adjusted.site_pair_equal
historical,ensemble_majority,mean_abs_epsilon,group_equal,0.20824665010043875,0.016793962490264457,0.37302653764787086,129,51,archive/logs/shared/gate_structure_contact_20260924/epsilon_enrichment.json,b5c050c09b11fb422abc0a0eb0f41d1f387aa5cffd09d78363b409d58b7342ab,supports.indel_excluded.definitions.ensemble_majority.endpoints.mean_abs_epsilon.group_equal
historical,ensemble_majority,mean_abs_epsilon,site_pair_equal,0.24977756886518288,-0.010874965552940121,0.44291996202784806,129,51,archive/logs/shared/gate_structure_contact_20260924/epsilon_enrichment.json,b5c050c09b11fb422abc0a0eb0f41d1f387aa5cffd09d78363b409d58b7342ab,supports.indel_excluded.definitions.ensemble_majority.endpoints.mean_abs_epsilon.site_pair_equal
historical,ensemble_majority,mean_abs_epsilon_adjusted,group_equal,0.026708062179968628,-0.06669279976152044,0.07924656038288244,129,51,archive/logs/shared/gate_structure_contact_20260924/epsilon_enrichment.json,b5c050c09b11fb422abc0a0eb0f41d1f387aa5cffd09d78363b409d58b7342ab,supports.indel_excluded.definitions.ensemble_majority.endpoints.mean_abs_epsilon_adjusted.group_equal
historical,ensemble_majority,mean_abs_epsilon_adjusted,site_pair_equal,-0.012184956523415669,-0.11909164599750086,0.06629827799130612,129,51,archive/logs/shared/gate_structure_contact_20260924/epsilon_enrichment.json,b5c050c09b11fb422abc0a0eb0f41d1f387aa5cffd09d78363b409d58b7342ab,supports.indel_excluded.definitions.ensemble_majority.endpoints.mean_abs_epsilon_adjusted.site_pair_equal
historical,ensemble_majority,mean_abs_half_channel_difference,group_equal,0.02753623660870219,-0.006985091414610464,0.0590751035467394,129,51,archive/logs/shared/gate_structure_contact_20260924/epsilon_enrichment.json,b5c050c09b11fb422abc0a0eb0f41d1f387aa5cffd09d78363b409d58b7342ab,supports.indel_excluded.definitions.ensemble_majority.endpoints.mean_abs_half_channel_difference.group_equal
historical,ensemble_majority,mean_abs_half_channel_difference,site_pair_equal,0.023494889275750358,-0.0043530181518141395,0.05859862672990318,129,51,archive/logs/shared/gate_structure_contact_20260924/epsilon_enrichment.json,b5c050c09b11fb422abc0a0eb0f41d1f387aa5cffd09d78363b409d58b7342ab,supports.indel_excluded.definitions.ensemble_majority.endpoints.mean_abs_half_channel_difference.site_pair_equal
historical,ensemble_majority,mean_epsilon,group_equal,0.1904141344547844,-0.035436624721720975,0.38885375773561115,129,51,archive/logs/shared/gate_structure_contact_20260924/epsilon_enrichment.json,b5c050c09b11fb422abc0a0eb0f41d1f387aa5cffd09d78363b409d58b7342ab,supports.indel_excluded.definitions.ensemble_majority.endpoints.mean_epsilon.group_equal
historical,ensemble_majority,mean_epsilon,site_pair_equal,0.2753001697865052,-0.05430945511693531,0.5015894151657435,129,51,archive/logs/shared/gate_structure_contact_20260924/epsilon_enrichment.json,b5c050c09b11fb422abc0a0eb0f41d1f387aa5cffd09d78363b409d58b7342ab,supports.indel_excluded.definitions.ensemble_majority.endpoints.mean_epsilon.site_pair_equal
historical,ensemble_majority,mean_epsilon_adjusted,group_equal,0.12600776244380169,-0.030166469576455916,0.24779779958199816,129,51,archive/logs/shared/gate_structure_contact_20260924/epsilon_enrichment.json,b5c050c09b11fb422abc0a0eb0f41d1f387aa5cffd09d78363b409d58b7342ab,supports.indel_excluded.definitions.ensemble_majority.endpoints.mean_epsilon_adjusted.group_equal
historical,ensemble_majority,mean_epsilon_adjusted,site_pair_equal,0.11808407240862065,-0.11230370116439642,0.28389937161627365,129,51,archive/logs/shared/gate_structure_contact_20260924/epsilon_enrichment.json,b5c050c09b11fb422abc0a0eb0f41d1f387aa5cffd09d78363b409d58b7342ab,supports.indel_excluded.definitions.ensemble_majority.endpoints.mean_epsilon_adjusted.site_pair_equal
historical,heavy_atom,mean_abs_epsilon,group_equal,0.16476496204925994,-0.04569333811135193,0.34375980283049484,111,53,archive/logs/shared/gate_structure_contact_20260924/epsilon_enrichment.json,b5c050c09b11fb422abc0a0eb0f41d1f387aa5cffd09d78363b409d58b7342ab,supports.indel_excluded.definitions.heavy_atom.endpoints.mean_abs_epsilon.group_equal
historical,heavy_atom,mean_abs_epsilon,site_pair_equal,0.19161131453917735,-0.0608326774197944,0.4120112602799862,111,53,archive/logs/shared/gate_structure_contact_20260924/epsilon_enrichment.json,b5c050c09b11fb422abc0a0eb0f41d1f387aa5cffd09d78363b409d58b7342ab,supports.indel_excluded.definitions.heavy_atom.endpoints.mean_abs_epsilon.site_pair_equal
historical,heavy_atom,mean_abs_epsilon_adjusted,group_equal,0.028775043720081883,-0.061544308076711345,0.08746080136286957,111,53,archive/logs/shared/gate_structure_contact_20260924/epsilon_enrichment.json,b5c050c09b11fb422abc0a0eb0f41d1f387aa5cffd09d78363b409d58b7342ab,supports.indel_excluded.definitions.heavy_atom.endpoints.mean_abs_epsilon_adjusted.group_equal
historical,heavy_atom,mean_abs_epsilon_adjusted,site_pair_equal,-0.0007046105487865106,-0.09480550653360578,0.07509104688406736,111,53,archive/logs/shared/gate_structure_contact_20260924/epsilon_enrichment.json,b5c050c09b11fb422abc0a0eb0f41d1f387aa5cffd09d78363b409d58b7342ab,supports.indel_excluded.definitions.heavy_atom.endpoints.mean_abs_epsilon_adjusted.site_pair_equal
historical,heavy_atom,mean_abs_half_channel_difference,group_equal,0.022440300420359882,-0.014911352630079788,0.052840918462682816,111,53,archive/logs/shared/gate_structure_contact_20260924/epsilon_enrichment.json,b5c050c09b11fb422abc0a0eb0f41d1f387aa5cffd09d78363b409d58b7342ab,supports.indel_excluded.definitions.heavy_atom.endpoints.mean_abs_half_channel_difference.group_equal
historical,heavy_atom,mean_abs_half_channel_difference,site_pair_equal,0.0313820391330924,-0.006951806678027437,0.06391190763091469,111,53,archive/logs/shared/gate_structure_contact_20260924/epsilon_enrichment.json,b5c050c09b11fb422abc0a0eb0f41d1f387aa5cffd09d78363b409d58b7342ab,supports.indel_excluded.definitions.heavy_atom.endpoints.mean_abs_half_channel_difference.site_pair_equal
historical,heavy_atom,mean_epsilon,group_equal,0.12439519496607776,-0.11290822720497418,0.32734838154431867,111,53,archive/logs/shared/gate_structure_contact_20260924/epsilon_enrichment.json,b5c050c09b11fb422abc0a0eb0f41d1f387aa5cffd09d78363b409d58b7342ab,supports.indel_excluded.definitions.heavy_atom.endpoints.mean_epsilon.group_equal
historical,heavy_atom,mean_epsilon,site_pair_equal,0.19292039411740014,-0.10383979143103404,0.4510269051879621,111,53,archive/logs/shared/gate_structure_contact_20260924/epsilon_enrichment.json,b5c050c09b11fb422abc0a0eb0f41d1f387aa5cffd09d78363b409d58b7342ab,supports.indel_excluded.definitions.heavy_atom.endpoints.mean_epsilon.site_pair_equal
historical,heavy_atom,mean_epsilon_adjusted,group_equal,0.055643588834163836,-0.1061814823281054,0.18795678895302143,111,53,archive/logs/shared/gate_structure_contact_20260924/epsilon_enrichment.json,b5c050c09b11fb422abc0a0eb0f41d1f387aa5cffd09d78363b409d58b7342ab,supports.indel_excluded.definitions.heavy_atom.endpoints.mean_epsilon_adjusted.group_equal
historical,heavy_atom,mean_epsilon_adjusted,site_pair_equal,0.10624979859340573,-0.1360382382866376,0.257010091892594,111,53,archive/logs/shared/gate_structure_contact_20260924/epsilon_enrichment.json,b5c050c09b11fb422abc0a0eb0f41d1f387aa5cffd09d78363b409d58b7342ab,supports.indel_excluded.definitions.heavy_atom.endpoints.mean_epsilon_adjusted.site_pair_equal
