arm,panel,axis,block,blocks,relative_depth,increment_min,increment_max,interface,resolved_at_every_seed,source_path,source_sha256,source_pointer
proteinglm-7b-clm,EC_conditioned40,pooled,34,36,0.9714,0.042542,0.05301,native_protein,True,results/R2/readout_depth_panel_20260925/readout_depth_panel.json,076b93525abbb126e6f5a828ad758c0b369eea198dda45f0af57fa916d197939,"seed_consistent, depth axis, blocks resolved at every declared seed"
proteinglm-7b-clm,EC_conditioned40,pooled,33,36,0.9429,0.037016,0.043653,native_protein,True,results/R2/readout_depth_panel_20260925/readout_depth_panel.json,076b93525abbb126e6f5a828ad758c0b369eea198dda45f0af57fa916d197939,"seed_consistent, depth axis, blocks resolved at every declared seed"
proteinglm-7b-clm,EC_conditioned40,pooled,35,36,1.0,0.030321,0.035961,native_protein,True,results/R2/readout_depth_panel_20260925/readout_depth_panel.json,076b93525abbb126e6f5a828ad758c0b369eea198dda45f0af57fa916d197939,"seed_consistent, depth axis, blocks resolved at every declared seed"
progen3-3b,EC_conditioned40,pooled,23,24,1.0,0.016251,0.018326,native_protein,True,results/R2/readout_depth_panel_20260925/readout_depth_panel.json,076b93525abbb126e6f5a828ad758c0b369eea198dda45f0af57fa916d197939,"seed_consistent, depth axis, blocks resolved at every declared seed"
proteinglm-7b-clm,anchor201,pooled,30,36,0.8571,0.013499,0.016616,native_protein,True,results/R2/readout_depth_panel_20260925/readout_depth_panel.json,076b93525abbb126e6f5a828ad758c0b369eea198dda45f0af57fa916d197939,"seed_consistent, depth axis, blocks resolved at every declared seed"
proteinglm-7b-clm,anchor201,pooled,33,36,0.9429,0.012705,0.018599,native_protein,True,results/R2/readout_depth_panel_20260925/readout_depth_panel.json,076b93525abbb126e6f5a828ad758c0b369eea198dda45f0af57fa916d197939,"seed_consistent, depth axis, blocks resolved at every declared seed"
proteinglm-7b-clm,anchor201,pooled,11,36,0.3143,0.012088,0.016246,native_protein,True,results/R2/readout_depth_panel_20260925/readout_depth_panel.json,076b93525abbb126e6f5a828ad758c0b369eea198dda45f0af57fa916d197939,"seed_consistent, depth axis, blocks resolved at every declared seed"
proteinglm-7b-clm,anchor201,pooled,12,36,0.3429,0.011899,0.019062,native_protein,True,results/R2/readout_depth_panel_20260925/readout_depth_panel.json,076b93525abbb126e6f5a828ad758c0b369eea198dda45f0af57fa916d197939,"seed_consistent, depth axis, blocks resolved at every declared seed"
proteinglm-7b-clm,anchor201,pooled,32,36,0.9143,0.011563,0.015172,native_protein,True,results/R2/readout_depth_panel_20260925/readout_depth_panel.json,076b93525abbb126e6f5a828ad758c0b369eea198dda45f0af57fa916d197939,"seed_consistent, depth axis, blocks resolved at every declared seed"
progen3-112m,anchor201,pooled,9,10,1.0,0.011416,0.013702,native_protein,True,results/R2/readout_depth_panel_20260925/readout_depth_panel.json,076b93525abbb126e6f5a828ad758c0b369eea198dda45f0af57fa916d197939,"seed_consistent, depth axis, blocks resolved at every declared seed"
proteinglm-7b-clm,anchor201,pooled,35,36,1.0,0.011073,0.01626,native_protein,True,results/R2/readout_depth_panel_20260925/readout_depth_panel.json,076b93525abbb126e6f5a828ad758c0b369eea198dda45f0af57fa916d197939,"seed_consistent, depth axis, blocks resolved at every declared seed"
protgpt2,anchor201,pooled,21,36,0.6,0.010775,0.016836,native_protein,True,results/R2/readout_depth_panel_20260925/readout_depth_panel.json,076b93525abbb126e6f5a828ad758c0b369eea198dda45f0af57fa916d197939,"seed_consistent, depth axis, blocks resolved at every declared seed"
progen2-large,anchor201,pooled,25,32,0.8065,0.010746,0.012079,native_protein,True,results/R2/readout_depth_panel_20260925/readout_depth_panel.json,076b93525abbb126e6f5a828ad758c0b369eea198dda45f0af57fa916d197939,"seed_consistent, depth axis, blocks resolved at every declared seed"
progen2-medium,anchor201,pooled,23,27,0.8846,0.01069,0.017632,native_protein,True,results/R2/readout_depth_panel_20260925/readout_depth_panel.json,076b93525abbb126e6f5a828ad758c0b369eea198dda45f0af57fa916d197939,"seed_consistent, depth axis, blocks resolved at every declared seed"
progen3-3b,anchor201,pooled,11,24,0.4783,0.010343,0.016814,native_protein,True,results/R2/readout_depth_panel_20260925/readout_depth_panel.json,076b93525abbb126e6f5a828ad758c0b369eea198dda45f0af57fa916d197939,"seed_consistent, depth axis, blocks resolved at every declared seed"
progen2-xlarge,anchor201,pooled,28,32,0.9032,0.009763,0.012978,native_protein,True,results/R2/readout_depth_panel_20260925/readout_depth_panel.json,076b93525abbb126e6f5a828ad758c0b369eea198dda45f0af57fa916d197939,"seed_consistent, depth axis, blocks resolved at every declared seed"
progen2-medium,anchor201,pooled,24,27,0.9231,0.009331,0.014571,native_protein,True,results/R2/readout_depth_panel_20260925/readout_depth_panel.json,076b93525abbb126e6f5a828ad758c0b369eea198dda45f0af57fa916d197939,"seed_consistent, depth axis, blocks resolved at every declared seed"
proteinglm-7b-clm,EC_conditioned40,position_resolved,34,36,0.9714,0.03472,0.040477,native_protein,True,results/R2/readout_depth_panel_20260925/readout_depth_panel.json,076b93525abbb126e6f5a828ad758c0b369eea198dda45f0af57fa916d197939,"seed_consistent, pos axis, blocks resolved at every declared seed"
proteinglm-7b-clm,EC_conditioned40,position_resolved,35,36,1.0,0.031473,0.037639,native_protein,True,results/R2/readout_depth_panel_20260925/readout_depth_panel.json,076b93525abbb126e6f5a828ad758c0b369eea198dda45f0af57fa916d197939,"seed_consistent, pos axis, blocks resolved at every declared seed"
progen3-3b,EC_conditioned40,position_resolved,22,24,0.9565,0.028442,0.032694,native_protein,True,results/R2/readout_depth_panel_20260925/readout_depth_panel.json,076b93525abbb126e6f5a828ad758c0b369eea198dda45f0af57fa916d197939,"seed_consistent, pos axis, blocks resolved at every declared seed"
proteinglm-7b-clm,anchor201,position_resolved,33,36,0.9429,0.019177,0.022215,native_protein,True,results/R2/readout_depth_panel_20260925/readout_depth_panel.json,076b93525abbb126e6f5a828ad758c0b369eea198dda45f0af57fa916d197939,"seed_consistent, pos axis, blocks resolved at every declared seed"
progen3-3b,EC_conditioned40,position_resolved,23,24,1.0,0.015988,0.017836,native_protein,True,results/R2/readout_depth_panel_20260925/readout_depth_panel.json,076b93525abbb126e6f5a828ad758c0b369eea198dda45f0af57fa916d197939,"seed_consistent, pos axis, blocks resolved at every declared seed"
proteinglm-7b-clm,anchor201,position_resolved,34,36,0.9714,0.015951,0.019604,native_protein,True,results/R2/readout_depth_panel_20260925/readout_depth_panel.json,076b93525abbb126e6f5a828ad758c0b369eea198dda45f0af57fa916d197939,"seed_consistent, pos axis, blocks resolved at every declared seed"
rita-xl,anchor201,position_resolved,23,24,1.0,0.015119,0.019877,native_protein,True,results/R2/readout_depth_panel_20260925/readout_depth_panel.json,076b93525abbb126e6f5a828ad758c0b369eea198dda45f0af57fa916d197939,"seed_consistent, pos axis, blocks resolved at every declared seed"
progen3-3b,anchor201,position_resolved,22,24,0.9565,0.014607,0.024514,native_protein,True,results/R2/readout_depth_panel_20260925/readout_depth_panel.json,076b93525abbb126e6f5a828ad758c0b369eea198dda45f0af57fa916d197939,"seed_consistent, pos axis, blocks resolved at every declared seed"
proteinglm-7b-clm,anchor201,position_resolved,35,36,1.0,0.01313,0.018203,native_protein,True,results/R2/readout_depth_panel_20260925/readout_depth_panel.json,076b93525abbb126e6f5a828ad758c0b369eea198dda45f0af57fa916d197939,"seed_consistent, pos axis, blocks resolved at every declared seed"
progen3-3b,anchor201,position_resolved,23,24,1.0,0.012918,0.017575,native_protein,True,results/R2/readout_depth_panel_20260925/readout_depth_panel.json,076b93525abbb126e6f5a828ad758c0b369eea198dda45f0af57fa916d197939,"seed_consistent, pos axis, blocks resolved at every declared seed"
protgpt3-1.3b,anchor201,position_resolved,0,17,0.0,0.011911,0.014963,native_protein,True,results/R2/readout_depth_panel_20260925/readout_depth_panel.json,076b93525abbb126e6f5a828ad758c0b369eea198dda45f0af57fa916d197939,"seed_consistent, pos axis, blocks resolved at every declared seed"
progen2-large,anchor201,position_resolved,28,32,0.9032,0.010852,0.016373,native_protein,True,results/R2/readout_depth_panel_20260925/readout_depth_panel.json,076b93525abbb126e6f5a828ad758c0b369eea198dda45f0af57fa916d197939,"seed_consistent, pos axis, blocks resolved at every declared seed"
progen2-xlarge,anchor201,position_resolved,28,32,0.9032,0.010782,0.018143,native_protein,True,results/R2/readout_depth_panel_20260925/readout_depth_panel.json,076b93525abbb126e6f5a828ad758c0b369eea198dda45f0af57fa916d197939,"seed_consistent, pos axis, blocks resolved at every declared seed"
proteinglm-7b-clm,anchor201,position_resolved,30,36,0.8571,0.010107,0.011859,native_protein,True,results/R2/readout_depth_panel_20260925/readout_depth_panel.json,076b93525abbb126e6f5a828ad758c0b369eea198dda45f0af57fa916d197939,"seed_consistent, pos axis, blocks resolved at every declared seed"
progen2-xlarge,anchor201,position_resolved,25,32,0.8065,0.009961,0.014246,native_protein,True,results/R2/readout_depth_panel_20260925/readout_depth_panel.json,076b93525abbb126e6f5a828ad758c0b369eea198dda45f0af57fa916d197939,"seed_consistent, pos axis, blocks resolved at every declared seed"
progen2-medium,anchor201,position_resolved,0,27,0.0,0.006983,0.010573,native_protein,True,results/R2/readout_depth_panel_20260925/readout_depth_panel.json,076b93525abbb126e6f5a828ad758c0b369eea198dda45f0af57fa916d197939,"seed_consistent, pos axis, blocks resolved at every declared seed"
bygpt5-medium-en,anchor201,pooled,0,12,0.0,0.000772,0.000772,literal_text_AA,False,results/R2/readout_depth_panel_20260925/readout_depth_panel.json,076b93525abbb126e6f5a828ad758c0b369eea198dda45f0af57fa916d197939,"falsification, literal amino-acid string stratum, largest point estimate"
