release_family,checkpoints,protein_pretraining,estimate,ci_low,ci_high,biological_groups,simultaneous_family,bootstrap_resamples,source_path,source_sha256,source_pointer,panel,arm,endpoint_mutation,estimate_mutation,ci_low_mutation,ci_high_mutation,n_assays,n_units_mutation,unit_mutation,split_seed_mutation,source_path_mutation,source_sha256_mutation,source_pointer_mutation,endpoint_abundance,split_seed_abundance,estimate_abundance,ci_low_abundance,ci_high_abundance,n_units_abundance,n_domains,n_variants,unit_abundance,source_path_abundance,source_sha256_abundance,source_pointer_abundance
InstructProtein,1.0,yes,0.0085824713589553,0.0029895220411979,0.0141754206767127,163.0,16.0,10000,results/shared/followup_support_20260927/lineage_robustness.json,bc9e3743e0da46f306a81c5946aa79aff7be20a89fea570722c0848769ef8b93,family_records.InstructProtein,b,,,,,,,,,,,,,,,,,,,,,,,,
ProGen2,5.0,yes,0.0200475403491029,0.0127029033100453,0.0273921773881606,163.0,16.0,10000,results/shared/followup_support_20260927/lineage_robustness.json,bc9e3743e0da46f306a81c5946aa79aff7be20a89fea570722c0848769ef8b93,family_records.ProGen2,b,,,,,,,,,,,,,,,,,,,,,,,,
ProGen3,2.0,yes,0.0180382784733165,0.0115116872742448,0.0245648696723883,163.0,16.0,10000,results/shared/followup_support_20260927/lineage_robustness.json,bc9e3743e0da46f306a81c5946aa79aff7be20a89fea570722c0848769ef8b93,family_records.ProGen3,b,,,,,,,,,,,,,,,,,,,,,,,,
ProLLaMA,2.0,yes,0.0035999263309845,0.0004414056738873,0.0067584469880818,163.0,16.0,10000,results/shared/followup_support_20260927/lineage_robustness.json,bc9e3743e0da46f306a81c5946aa79aff7be20a89fea570722c0848769ef8b93,family_records.ProLLaMA,b,,,,,,,,,,,,,,,,,,,,,,,,
ProtGPT2,1.0,yes,0.015332201056227,0.0080907789427108,0.0225736231697432,163.0,16.0,10000,results/shared/followup_support_20260927/lineage_robustness.json,bc9e3743e0da46f306a81c5946aa79aff7be20a89fea570722c0848769ef8b93,family_records.ProtGPT2,b,,,,,,,,,,,,,,,,,,,,,,,,
ProtGPT3,1.0,yes,0.0109773943123593,0.0047728151688751,0.0171819734558434,163.0,16.0,10000,results/shared/followup_support_20260927/lineage_robustness.json,bc9e3743e0da46f306a81c5946aa79aff7be20a89fea570722c0848769ef8b93,family_records.ProtGPT3,b,,,,,,,,,,,,,,,,,,,,,,,,
ProteinGLM,1.0,yes,0.0238129994916558,0.0145873320872525,0.033038666896059,163.0,16.0,10000,results/shared/followup_support_20260927/lineage_robustness.json,bc9e3743e0da46f306a81c5946aa79aff7be20a89fea570722c0848769ef8b93,family_records.ProteinGLM,b,,,,,,,,,,,,,,,,,,,,,,,,
RITA,1.0,yes,0.0192535517283058,0.0110143753813245,0.0274927280752871,163.0,16.0,10000,results/shared/followup_support_20260927/lineage_robustness.json,bc9e3743e0da46f306a81c5946aa79aff7be20a89fea570722c0848769ef8b93,family_records.RITA,b,,,,,,,,,,,,,,,,,,,,,,,,
ByGPT5,3.0,no,-0.0001114058997011,-0.0004156842917679,0.0001928724923656,163.0,16.0,10000,results/shared/followup_support_20260927/lineage_robustness.json,bc9e3743e0da46f306a81c5946aa79aff7be20a89fea570722c0848769ef8b93,family_records.ByGPT5,b,,,,,,,,,,,,,,,,,,,,,,,,
DialoGPT,1.0,no,-0.000136492558849,-0.0003671724978786,9.418738018054156e-05,163.0,16.0,10000,results/shared/followup_support_20260927/lineage_robustness.json,bc9e3743e0da46f306a81c5946aa79aff7be20a89fea570722c0848769ef8b93,family_records.DialoGPT,b,,,,,,,,,,,,,,,,,,,,,,,,
GPT2,4.0,no,5.993506236712308e-05,-0.0002904303697775,0.0004103004945117,163.0,16.0,10000,results/shared/followup_support_20260927/lineage_robustness.json,bc9e3743e0da46f306a81c5946aa79aff7be20a89fea570722c0848769ef8b93,family_records.GPT2,b,,,,,,,,,,,,,,,,,,,,,,,,
Galactica,4.0,no,0.0005164441152626,-0.0004207377439207,0.001453625974446,163.0,16.0,10000,results/shared/followup_support_20260927/lineage_robustness.json,bc9e3743e0da46f306a81c5946aa79aff7be20a89fea570722c0848769ef8b93,family_records.Galactica,b,,,,,,,,,,,,,,,,,,,,,,,,
Llama2,1.0,no,-8.117410888687695e-05,-0.0004893681158003,0.0003270198980265,163.0,16.0,10000,results/shared/followup_support_20260927/lineage_robustness.json,bc9e3743e0da46f306a81c5946aa79aff7be20a89fea570722c0848769ef8b93,family_records.Llama2,b,,,,,,,,,,,,,,,,,,,,,,,,
Llama3,1.0,no,-1.6131288004068624e-05,-0.0002690787790893,0.0002368162030812,163.0,16.0,10000,results/shared/followup_support_20260927/lineage_robustness.json,bc9e3743e0da46f306a81c5946aa79aff7be20a89fea570722c0848769ef8b93,family_records.Llama3,b,,,,,,,,,,,,,,,,,,,,,,,,
Qwen2.5,4.0,no,3.71144448503244e-05,-0.0001066396266488,0.0001808685163494,163.0,16.0,10000,results/shared/followup_support_20260927/lineage_robustness.json,bc9e3743e0da46f306a81c5946aa79aff7be20a89fea570722c0848769ef8b93,family_records.Qwen2.5,b,,,,,,,,,,,,,,,,,,,,,,,,
Qwen3,1.0,no,-0.0001171898480055,-0.0004249323732227,0.0001905526772116,163.0,16.0,10000,results/shared/followup_support_20260927/lineage_robustness.json,bc9e3743e0da46f306a81c5946aa79aff7be20a89fea570722c0848769ef8b93,family_records.Qwen3,b,,,,,,,,,,,,,,,,,,,,,,,,
,,,,,,,,2000,,,,c,bygpt5-base-en,increment_M_C_P_wall,-0.0002535992599305,-0.0004565548161407,-5.336436927488513e-05,201.0,163.0,wild-type family at 50% identity,20260923.0,results/R5/local_context_20260923/20260923233257_e429ce7f31e4/lcgp_admission/local_context_measurement.json,6d18d2f40c99e6c969121d0806794c8dd4017af4ef3bc344093e7014b160447e,summaries.bygpt5-base-en/20260923.increment_M_C_P_wall,primary_likelihood_spearman,20260923.0,-2.478107938344316e-05,-0.0003132339746651,0.0002614594137764,96.0,428.0,109568.0,dimensionless Spearman,results/R1/external_confirmation_20260924/fits/fit_bygpt5-base-en.json,ab6fae0b6bd2a81a29bbf58db85ff9a4fb2bff4d332c2de4363f163d8a069b08,per_seed.20260923.primary_likelihood_spearman
,,,,,,,,2000,,,,c,bygpt5-medium-en,increment_M_C_P_wall,-0.0002375849424856,-0.0007652252679407,0.0002772695393142,201.0,163.0,wild-type family at 50% identity,20260923.0,results/R5/local_context_20260923/20260923233257_e429ce7f31e4/lcgp_admission/local_context_measurement.json,6d18d2f40c99e6c969121d0806794c8dd4017af4ef3bc344093e7014b160447e,summaries.bygpt5-medium-en/20260923.increment_M_C_P_wall,primary_likelihood_spearman,20260923.0,-0.0002377814221159,-0.0004802853254262,-5.139666073735836e-06,96.0,428.0,109568.0,dimensionless Spearman,results/R1/external_confirmation_20260924/fits/fit_bygpt5-medium-en.json,4b7b7f46562d8c7ef47bfc24d011e29ecb58f63e26ef8a97447881a484d1d700,per_seed.20260923.primary_likelihood_spearman
,,,,,,,,2000,,,,c,bygpt5-small-en,increment_M_C_P_wall,-0.0001365821432341,-0.0004716195660128,0.0002022051822596,201.0,163.0,wild-type family at 50% identity,20260923.0,results/R5/local_context_20260923/20260923233257_e429ce7f31e4/lcgp_admission/local_context_measurement.json,6d18d2f40c99e6c969121d0806794c8dd4017af4ef3bc344093e7014b160447e,summaries.bygpt5-small-en/20260923.increment_M_C_P_wall,primary_likelihood_spearman,20260923.0,-2.0755672660532505e-07,-7.311012219123555e-05,7.501676189993941e-05,96.0,428.0,109568.0,dimensionless Spearman,results/R1/external_confirmation_20260924/fits/fit_bygpt5-small-en.json,1363cfe92b0d366d7da7969835bb61409a953d50812e64d0df230cc3f6ff0ab0,per_seed.20260923.primary_likelihood_spearman
,,,,,,,,2000,,,,c,dialogpt-small,increment_M_C_P_wall,-0.0002440947053749,-0.0005195777426049,5.1143804690592536e-05,201.0,163.0,wild-type family at 50% identity,20260923.0,results/R5/local_context_20260923/20260923233257_e429ce7f31e4/lcgp_admission/local_context_measurement.json,6d18d2f40c99e6c969121d0806794c8dd4017af4ef3bc344093e7014b160447e,summaries.dialogpt-small/20260923.increment_M_C_P_wall,primary_likelihood_spearman,20260923.0,-0.0001521449698766,-0.0003795832178909,4.955595415968068e-05,96.0,428.0,109568.0,dimensionless Spearman,results/R1/external_confirmation_20260924/fits/fit_dialogpt-small.json,a1d720db9345d72ae278e2bc679b3ad94674afe4ab1e18b3b0eaa957673fe421,per_seed.20260923.primary_likelihood_spearman
,,,,,,,,2000,,,,c,galactica-1.3b,increment_M_C_P_wall,-7.145458021430599e-05,-0.0006612139799625,0.0004867176580247,201.0,163.0,wild-type family at 50% identity,20260923.0,results/R5/local_context_20260923/20260923233257_e429ce7f31e4/lcgp_admission/local_context_measurement.json,6d18d2f40c99e6c969121d0806794c8dd4017af4ef3bc344093e7014b160447e,summaries.galactica-1.3b/20260923.increment_M_C_P_wall,primary_likelihood_spearman,20260923.0,-1.7730145394860015e-05,-0.0001208492029415,7.41012189599e-05,96.0,428.0,109568.0,dimensionless Spearman,results/R1/external_confirmation_20260924/fits/fit_galactica-1.3b.json,198acee4fb41e0a87184f46576caf1dadf53b06bb850b4a2caf1da9df8a6c47a,per_seed.20260923.primary_likelihood_spearman
,,,,,,,,2000,,,,c,galactica-125m,increment_M_C_P_wall,-0.0001897376492389,-0.0004162831965015,5.659776546150827e-05,201.0,163.0,wild-type family at 50% identity,20260923.0,results/R5/local_context_20260923/20260923233257_e429ce7f31e4/lcgp_admission/local_context_measurement.json,6d18d2f40c99e6c969121d0806794c8dd4017af4ef3bc344093e7014b160447e,summaries.galactica-125m/20260923.increment_M_C_P_wall,primary_likelihood_spearman,20260923.0,0.0003141234411113,-0.0001982619557306,0.0008715635913559,96.0,428.0,109568.0,dimensionless Spearman,results/R1/external_confirmation_20260924/fits/fit_galactica-125m.json,2275c2667227c9c436aad8c4fab6e588ecfd86c5e3a852bf70b5bb199306bcfb,per_seed.20260923.primary_likelihood_spearman
,,,,,,,,2000,,,,c,galactica-30b,increment_M_C_P_wall,0.0013392336770045,-0.0003092301296012,0.0030685645416547,201.0,163.0,wild-type family at 50% identity,20260923.0,results/R5/local_context_20260923/20260923233257_e429ce7f31e4/lcgp_admission/local_context_measurement.json,6d18d2f40c99e6c969121d0806794c8dd4017af4ef3bc344093e7014b160447e,summaries.galactica-30b/20260923.increment_M_C_P_wall,primary_likelihood_spearman,20260923.0,0.0001168165501657,-0.0003221671909153,0.0005042873081032,96.0,428.0,109568.0,dimensionless Spearman,results/R1/external_confirmation_20260924/fits/fit_galactica-30b.json,c3e91916cdaf4f09612bc94f4195d084e585039b3c4c49804b470b6deafb3982,per_seed.20260923.primary_likelihood_spearman
,,,,,,,,2000,,,,c,galactica-6.7b,increment_M_C_P_wall,0.0001689512364957,-0.0008020383102896,0.0010954739692852,201.0,163.0,wild-type family at 50% identity,20260923.0,results/R5/local_context_20260923/20260923233257_e429ce7f31e4/lcgp_admission/local_context_measurement.json,6d18d2f40c99e6c969121d0806794c8dd4017af4ef3bc344093e7014b160447e,summaries.galactica-6.7b/20260923.increment_M_C_P_wall,primary_likelihood_spearman,20260923.0,0.0001754356801462,-2.270172893788882e-05,0.0003641999061047,96.0,428.0,109568.0,dimensionless Spearman,results/R1/external_confirmation_20260924/fits/fit_galactica-6.7b.json,296042c1de9991174e5626ba8858c69ca3e2e76c2c7ceb5bb04a1110a7c4a2d7,per_seed.20260923.primary_likelihood_spearman
,,,,,,,,2000,,,,c,gpt2-large,increment_M_C_P_wall,0.0002912050132386,-0.0001720296371156,0.0007928300403059,201.0,163.0,wild-type family at 50% identity,20260923.0,results/R5/local_context_20260923/20260923233257_e429ce7f31e4/lcgp_admission/local_context_measurement.json,6d18d2f40c99e6c969121d0806794c8dd4017af4ef3bc344093e7014b160447e,summaries.gpt2-large/20260923.increment_M_C_P_wall,primary_likelihood_spearman,20260923.0,-5.766318360640551e-05,-0.0001728098763356,5.104867787752252e-05,96.0,428.0,109568.0,dimensionless Spearman,results/R1/external_confirmation_20260924/fits/fit_gpt2-large.json,16b6ae3db2fb201ad70f1240898d7699b45e82551e529fa0030e3c05095ab6e5,per_seed.20260923.primary_likelihood_spearman
,,,,,,,,2000,,,,c,gpt2-medium,increment_M_C_P_wall,4.687590393442041e-05,-0.0003086422092107,0.0003896347599186,201.0,163.0,wild-type family at 50% identity,20260923.0,results/R5/local_context_20260923/20260923233257_e429ce7f31e4/lcgp_admission/local_context_measurement.json,6d18d2f40c99e6c969121d0806794c8dd4017af4ef3bc344093e7014b160447e,summaries.gpt2-medium/20260923.increment_M_C_P_wall,primary_likelihood_spearman,20260923.0,-0.0001395527074918,-0.0005596547645969,0.0003011062956797,96.0,428.0,109568.0,dimensionless Spearman,results/R1/external_confirmation_20260924/fits/fit_gpt2-medium.json,85e0c171ae2d19bfd6a5e8640e569d079a045ce7c23f9aa9f290121d05952d7f,per_seed.20260923.primary_likelihood_spearman
,,,,,,,,2000,,,,c,gpt2-xl,increment_M_C_P_wall,0.0001234583785462,-0.0002252956875582,0.0004741331172766,201.0,163.0,wild-type family at 50% identity,20260923.0,results/R5/local_context_20260923/20260923233257_e429ce7f31e4/lcgp_admission/local_context_measurement.json,6d18d2f40c99e6c969121d0806794c8dd4017af4ef3bc344093e7014b160447e,summaries.gpt2-xl/20260923.increment_M_C_P_wall,primary_likelihood_spearman,20260923.0,-6.647062996111767e-05,-0.0001710279811713,3.5817697491032006e-05,96.0,428.0,109568.0,dimensionless Spearman,results/R1/external_confirmation_20260924/fits/fit_gpt2-xl.json,fd2190e8f6e67aca9ab510d81e03abec85d9b549c23b30c18224fd288e490b2b,per_seed.20260923.primary_likelihood_spearman
,,,,,,,,2000,,,,c,gpt2,increment_M_C_P_wall,0.0002249830684883,-7.134027274616858e-05,0.0005195408192405,201.0,163.0,wild-type family at 50% identity,20260923.0,results/R5/local_context_20260923/20260923233257_e429ce7f31e4/lcgp_admission/local_context_measurement.json,6d18d2f40c99e6c969121d0806794c8dd4017af4ef3bc344093e7014b160447e,summaries.gpt2/20260923.increment_M_C_P_wall,primary_likelihood_spearman,20260923.0,-1.575681966804396e-06,-0.0002938504786297,0.0002969845282993,96.0,428.0,109568.0,dimensionless Spearman,results/R1/external_confirmation_20260924/fits/fit_gpt2.json,e421adf45f3a807d918f24964c8aed8b63dc51986b4859ef0366effb2391bd85,per_seed.20260923.primary_likelihood_spearman
,,,,,,,,2000,,,,c,instructprotein,increment_M_C_P_wall,0.0080539999000644,0.0040050782141709,0.0118237037683307,201.0,163.0,wild-type family at 50% identity,20260923.0,results/R5/local_context_20260923/20260923233257_e429ce7f31e4/lcgp_admission/local_context_measurement.json,6d18d2f40c99e6c969121d0806794c8dd4017af4ef3bc344093e7014b160447e,summaries.instructprotein/20260923.increment_M_C_P_wall,primary_likelihood_spearman,20260923.0,0.0009525193931195,0.0002469689096224,0.0016994402119106,96.0,428.0,109568.0,dimensionless Spearman,results/R1/external_confirmation_20260924/fits/fit_instructprotein.json,40663271b165e24aea63b650388654872d21e2a7d3052a3c016f6698299e1cf7,per_seed.20260923.primary_likelihood_spearman
,,,,,,,,2000,,,,c,llama-2-7b,increment_M_C_P_wall,-4.568318855591959e-05,-0.0003852678314972,0.0003170353346694,201.0,163.0,wild-type family at 50% identity,20260923.0,results/R5/local_context_20260923/20260923233257_e429ce7f31e4/lcgp_admission/local_context_measurement.json,6d18d2f40c99e6c969121d0806794c8dd4017af4ef3bc344093e7014b160447e,summaries.llama-2-7b/20260923.increment_M_C_P_wall,primary_likelihood_spearman,20260923.0,7.664176587619996e-06,-5.635980195542832e-05,6.90747926274059e-05,96.0,428.0,109568.0,dimensionless Spearman,results/R1/external_confirmation_20260924/fits/fit_llama-2-7b.json,93690f6214e87655e486707aceb78433261be5376c4ad0276c02240152964c78,per_seed.20260923.primary_likelihood_spearman
,,,,,,,,2000,,,,c,llama-3.2-3b,increment_M_C_P_wall,-9.204106706427584e-05,-0.0003434300131328,0.000153127613594,201.0,163.0,wild-type family at 50% identity,20260923.0,results/R5/local_context_20260923/20260923233257_e429ce7f31e4/lcgp_admission/local_context_measurement.json,6d18d2f40c99e6c969121d0806794c8dd4017af4ef3bc344093e7014b160447e,summaries.llama-3.2-3b/20260923.increment_M_C_P_wall,primary_likelihood_spearman,20260923.0,-2.884900445243595e-05,-0.0001554234796553,9.290564903982196e-05,96.0,428.0,109568.0,dimensionless Spearman,results/R1/external_confirmation_20260924/fits/fit_llama-3.2-3b.json,8d6f7b2a91fc01a539abc727abaeb53565a5911c746bb4740c0a7f2ffaa630ca,per_seed.20260923.primary_likelihood_spearman
,,,,,,,,2000,,,,c,progen2-base,increment_M_C_P_wall,0.0195100206484611,0.0136366604875589,0.0255137575519022,201.0,163.0,wild-type family at 50% identity,20260923.0,results/R5/local_context_20260923/20260923233257_e429ce7f31e4/lcgp_admission/local_context_measurement.json,6d18d2f40c99e6c969121d0806794c8dd4017af4ef3bc344093e7014b160447e,summaries.progen2-base/20260923.increment_M_C_P_wall,primary_likelihood_spearman,20260923.0,0.0053199526825821,0.0031448840225161,0.0074575662870733,96.0,428.0,109568.0,dimensionless Spearman,results/R1/external_confirmation_20260924/fits/fit_progen2-base.json,5018aff2ba949136a5079826ed212ddfe6928fa7c4f07b2de685797ff697cb76,per_seed.20260923.primary_likelihood_spearman
,,,,,,,,2000,,,,c,progen2-large,increment_M_C_P_wall,0.0197817191385522,0.0139179655652434,0.0257348042821838,201.0,163.0,wild-type family at 50% identity,20260923.0,results/R5/local_context_20260923/20260923233257_e429ce7f31e4/lcgp_admission/local_context_measurement.json,6d18d2f40c99e6c969121d0806794c8dd4017af4ef3bc344093e7014b160447e,summaries.progen2-large/20260923.increment_M_C_P_wall,primary_likelihood_spearman,20260923.0,0.0036775019180307,0.0017328752440983,0.0056211363811225,96.0,428.0,109568.0,dimensionless Spearman,results/R1/external_confirmation_20260924/fits/fit_progen2-large.json,e07f6a689e14b2659da86d001d09eaa919b0449f4f71d6e3b377689c6556fab4,per_seed.20260923.primary_likelihood_spearman
,,,,,,,,2000,,,,c,progen2-medium,increment_M_C_P_wall,0.0194421084690368,0.0136564893428426,0.0254477145046366,201.0,163.0,wild-type family at 50% identity,20260923.0,results/R5/local_context_20260923/20260923233257_e429ce7f31e4/lcgp_admission/local_context_measurement.json,6d18d2f40c99e6c969121d0806794c8dd4017af4ef3bc344093e7014b160447e,summaries.progen2-medium/20260923.increment_M_C_P_wall,primary_likelihood_spearman,20260923.0,0.0052152106084321,0.0029625760105587,0.0074083105425362,96.0,428.0,109568.0,dimensionless Spearman,results/R1/external_confirmation_20260924/fits/fit_progen2-medium.json,d58b5159ac108a9e4ec77fbc5696133441170e420f2c933b63199852b5dec77d,per_seed.20260923.primary_likelihood_spearman
,,,,,,,,2000,,,,c,progen2-small,increment_M_C_P_wall,0.0131644515886009,0.0082228669265736,0.0178379662931925,201.0,163.0,wild-type family at 50% identity,20260923.0,results/R5/local_context_20260923/20260923233257_e429ce7f31e4/lcgp_admission/local_context_measurement.json,6d18d2f40c99e6c969121d0806794c8dd4017af4ef3bc344093e7014b160447e,summaries.progen2-small/20260923.increment_M_C_P_wall,primary_likelihood_spearman,20260923.0,0.0019906512580056,0.0008797952446415,0.0031745803961826,96.0,428.0,109568.0,dimensionless Spearman,results/R1/external_confirmation_20260924/fits/fit_progen2-small.json,400d0889b04af5f15f039c1cbd52730c79422d5f8aa9e5338f8d6236575d8872,per_seed.20260923.primary_likelihood_spearman
,,,,,,,,2000,,,,c,progen2-xlarge,increment_M_C_P_wall,0.0259308626797627,0.0190613638908996,0.0329386340381077,201.0,163.0,wild-type family at 50% identity,20260923.0,results/R5/local_context_20260923/20260923233257_e429ce7f31e4/lcgp_admission/local_context_measurement.json,6d18d2f40c99e6c969121d0806794c8dd4017af4ef3bc344093e7014b160447e,summaries.progen2-xlarge/20260923.increment_M_C_P_wall,primary_likelihood_spearman,20260923.0,0.0076228183849248,0.0044022825388714,0.0111027236451721,96.0,428.0,109568.0,dimensionless Spearman,results/R1/external_confirmation_20260924/fits/fit_progen2-xlarge.json,1f876e35c6b674d70d5609a0c0fef455b2faf7d189bf78844a6bfa34d7505743,per_seed.20260923.primary_likelihood_spearman
,,,,,,,,2000,,,,c,progen3-112m,increment_M_C_P_wall,0.010965630531651,0.0066563249330123,0.015025772051843,201.0,163.0,wild-type family at 50% identity,20260923.0,results/R5/local_context_20260923/20260923233257_e429ce7f31e4/lcgp_admission/local_context_measurement.json,6d18d2f40c99e6c969121d0806794c8dd4017af4ef3bc344093e7014b160447e,summaries.progen3-112m/20260923.increment_M_C_P_wall,primary_likelihood_spearman,20260923.0,0.0052471985972781,0.0035808606661448,0.0068600414969874,96.0,428.0,109568.0,dimensionless Spearman,results/R1/external_confirmation_20260924/fits/fit_progen3-112m.json,133dc7e7d1004e0359f191b675fceb65c2d9854998e632a01f4d7c4ead4d45b6,per_seed.20260923.primary_likelihood_spearman
,,,,,,,,2000,,,,c,progen3-3b,increment_M_C_P_wall,0.023278811186344,0.0173144990705261,0.029489715805238,201.0,163.0,wild-type family at 50% identity,20260923.0,results/R5/local_context_20260923/20260923233257_e429ce7f31e4/lcgp_admission/local_context_measurement.json,6d18d2f40c99e6c969121d0806794c8dd4017af4ef3bc344093e7014b160447e,summaries.progen3-3b/20260923.increment_M_C_P_wall,primary_likelihood_spearman,20260923.0,0.0039578324692809,0.0018668091670519,0.0060631410287203,96.0,428.0,109568.0,dimensionless Spearman,results/R1/external_confirmation_20260924/fits/fit_progen3-3b.json,922c123e060070a21a1676fbb190bde3a70374c79cec741d346a004b74862290,per_seed.20260923.primary_likelihood_spearman
,,,,,,,,2000,,,,c,prollama-stage-1,increment_M_C_P_wall,0.002800105215699,0.000686075408407,0.0049679423400322,201.0,163.0,wild-type family at 50% identity,20260923.0,results/R5/local_context_20260923/20260923233257_e429ce7f31e4/lcgp_admission/local_context_measurement.json,6d18d2f40c99e6c969121d0806794c8dd4017af4ef3bc344093e7014b160447e,summaries.prollama-stage-1/20260923.increment_M_C_P_wall,primary_likelihood_spearman,20260923.0,0.0046580998518912,0.0026947685318974,0.0066791917451849,96.0,428.0,109568.0,dimensionless Spearman,results/R1/external_confirmation_20260924/fits/fit_prollama-stage-1.json,98a6214113b605c47df5cb08f3b712c13e3d1e5e2b14ba407765e8c2ae08fd98,per_seed.20260923.primary_likelihood_spearman
,,,,,,,,2000,,,,c,prollama,increment_M_C_P_wall,0.0035616858956972,0.001111855646697,0.0059812834334808,201.0,163.0,wild-type family at 50% identity,20260923.0,results/R5/local_context_20260923/20260923233257_e429ce7f31e4/lcgp_admission/local_context_measurement.json,6d18d2f40c99e6c969121d0806794c8dd4017af4ef3bc344093e7014b160447e,summaries.prollama/20260923.increment_M_C_P_wall,primary_likelihood_spearman,20260923.0,0.0030476058222684,0.0011607358231683,0.0050004674358262,96.0,428.0,109568.0,dimensionless Spearman,results/R1/external_confirmation_20260924/fits/fit_prollama.json,844f32fee2311de7d14be96f0aeac5e67035bc5a8c771c1c88eff9019e8590ee,per_seed.20260923.primary_likelihood_spearman
,,,,,,,,2000,,,,c,proteinglm-7b-clm,increment_M_C_P_wall,0.023404844065777,0.0172473175116074,0.0296076712887371,201.0,163.0,wild-type family at 50% identity,20260923.0,results/R5/local_context_20260923/20260923233257_e429ce7f31e4/lcgp_admission/local_context_measurement.json,6d18d2f40c99e6c969121d0806794c8dd4017af4ef3bc344093e7014b160447e,summaries.proteinglm-7b-clm/20260923.increment_M_C_P_wall,primary_likelihood_spearman,20260923.0,0.0069868412260233,0.0038867266382388,0.0100878503252429,96.0,428.0,109568.0,dimensionless Spearman,results/R1/external_confirmation_20260924/fits/fit_proteinglm-7b-clm.json,237020a44441b208fc3a7085e8c4e037c28ef793a8010034e0a028733f7f5cce,per_seed.20260923.primary_likelihood_spearman
,,,,,,,,2000,,,,c,protgpt2,increment_M_C_P_wall,0.0147715482315087,0.0100098838740224,0.0195087075631213,201.0,163.0,wild-type family at 50% identity,20260923.0,results/R5/local_context_20260923/20260923233257_e429ce7f31e4/lcgp_admission/local_context_measurement.json,6d18d2f40c99e6c969121d0806794c8dd4017af4ef3bc344093e7014b160447e,summaries.protgpt2/20260923.increment_M_C_P_wall,primary_likelihood_spearman,20260923.0,0.002390300496941,0.0007811940165755,0.0039559140520089,96.0,428.0,109568.0,dimensionless Spearman,results/R1/external_confirmation_20260924/fits/fit_protgpt2.json,cf6c5ee6a5d20a2b4a3a0df96667f04d854a56b4db678c87b77be7e17cf94d02,per_seed.20260923.primary_likelihood_spearman
,,,,,,,,2000,,,,c,protgpt3-1.3b,increment_M_C_P_wall,0.0105553520031448,0.0063698500201847,0.0147112062949617,201.0,163.0,wild-type family at 50% identity,20260923.0,results/R5/local_context_20260923/20260923233257_e429ce7f31e4/lcgp_admission/local_context_measurement.json,6d18d2f40c99e6c969121d0806794c8dd4017af4ef3bc344093e7014b160447e,summaries.protgpt3-1.3b/20260923.increment_M_C_P_wall,primary_likelihood_spearman,20260923.0,0.0016368600673472,0.0008518824643244,0.0024030068721198,96.0,428.0,109568.0,dimensionless Spearman,results/R1/external_confirmation_20260924/fits/fit_protgpt3-1.3b.json,75f1e96e325abbad998e9b2c359565fe012e45b83d40708815852f3b7b803fb6,per_seed.20260923.primary_likelihood_spearman
,,,,,,,,2000,,,,c,qwen2.5-0.5b-instruct,increment_M_C_P_wall,-0.0001679749955087,-0.0003855895577502,5.1829349462906775e-05,201.0,163.0,wild-type family at 50% identity,20260923.0,results/R5/local_context_20260923/20260923233257_e429ce7f31e4/lcgp_admission/local_context_measurement.json,6d18d2f40c99e6c969121d0806794c8dd4017af4ef3bc344093e7014b160447e,summaries.qwen2.5-0.5b-instruct/20260923.increment_M_C_P_wall,primary_likelihood_spearman,20260923.0,-6.687352473313309e-05,-0.000409865577439,0.0002690834412079,96.0,428.0,109568.0,dimensionless Spearman,results/R1/external_confirmation_20260924/fits/fit_qwen2.5-0.5b-instruct.json,a4c5a45075410d91fedb750d5d119779057527e887ed1102befbaea105d1b74d,per_seed.20260923.primary_likelihood_spearman
,,,,,,,,2000,,,,c,qwen2.5-0.5b,increment_M_C_P_wall,3.620440752208367e-05,-0.0003274628184759,0.0003768641311556,201.0,163.0,wild-type family at 50% identity,20260923.0,results/R5/local_context_20260923/20260923233257_e429ce7f31e4/lcgp_admission/local_context_measurement.json,6d18d2f40c99e6c969121d0806794c8dd4017af4ef3bc344093e7014b160447e,summaries.qwen2.5-0.5b/20260923.increment_M_C_P_wall,primary_likelihood_spearman,20260923.0,-0.0001429856963929,-0.0003463273268635,4.356781981260346e-05,96.0,428.0,109568.0,dimensionless Spearman,results/R1/external_confirmation_20260924/fits/fit_qwen2.5-0.5b.json,386ee4f7687790ce2d8e29cb19c1114e7c302ab12bb8040dbfbfe9b9336b58fe,per_seed.20260923.primary_likelihood_spearman
,,,,,,,,2000,,,,c,qwen2.5-32b,increment_M_C_P_wall,6.493002168204824e-05,-0.0002334719916027,0.0003800861556591,201.0,163.0,wild-type family at 50% identity,20260923.0,results/R5/local_context_20260923/20260923233257_e429ce7f31e4/lcgp_admission/local_context_measurement.json,6d18d2f40c99e6c969121d0806794c8dd4017af4ef3bc344093e7014b160447e,summaries.qwen2.5-32b/20260923.increment_M_C_P_wall,primary_likelihood_spearman,20260923.0,0.0002668487968928,-0.0006579140684996,0.0011339291386022,96.0,428.0,109568.0,dimensionless Spearman,results/R1/external_confirmation_20260924/fits/fit_qwen2.5-32b.json,6e767a45e74992643640a11112dbfc7ece0217b35155eb9d86d544001042320e,per_seed.20260923.primary_likelihood_spearman
,,,,,,,,2000,,,,c,qwen2.5-7b,increment_M_C_P_wall,-0.0001775443018464,-0.0005154097986922,0.0001481611698902,201.0,163.0,wild-type family at 50% identity,20260923.0,results/R5/local_context_20260923/20260923233257_e429ce7f31e4/lcgp_admission/local_context_measurement.json,6d18d2f40c99e6c969121d0806794c8dd4017af4ef3bc344093e7014b160447e,summaries.qwen2.5-7b/20260923.increment_M_C_P_wall,primary_likelihood_spearman,20260923.0,0.0002291095249767,-0.0004353104851866,0.0010497986082308,96.0,428.0,109568.0,dimensionless Spearman,results/R1/external_confirmation_20260924/fits/fit_qwen2.5-7b.json,a1d1c216f30fe44524bf03fdb0c3900c20922d6eb2e164ca3f7a74c1595ff84a,per_seed.20260923.primary_likelihood_spearman
,,,,,,,,2000,,,,c,qwen3-8b-base,increment_M_C_P_wall,-0.0001089720827686,-0.0003941950037241,0.0001532620099823,201.0,163.0,wild-type family at 50% identity,20260923.0,results/R5/local_context_20260923/20260923233257_e429ce7f31e4/lcgp_admission/local_context_measurement.json,6d18d2f40c99e6c969121d0806794c8dd4017af4ef3bc344093e7014b160447e,summaries.qwen3-8b-base/20260923.increment_M_C_P_wall,primary_likelihood_spearman,20260923.0,0.0001433062787269,-0.000237624107173,0.0005333271106048,96.0,428.0,109568.0,dimensionless Spearman,results/R1/external_confirmation_20260924/fits/fit_qwen3-8b-base.json,544710558f1b10a196682e344760c58e99ef36159d56544a6d67c1c4702a1a9d,per_seed.20260923.primary_likelihood_spearman
,,,,,,,,2000,,,,c,rita-xl,increment_M_C_P_wall,0.0192189572901793,0.013929856426743,0.0248257701310918,201.0,163.0,wild-type family at 50% identity,20260923.0,results/R5/local_context_20260923/20260923233257_e429ce7f31e4/lcgp_admission/local_context_measurement.json,6d18d2f40c99e6c969121d0806794c8dd4017af4ef3bc344093e7014b160447e,summaries.rita-xl/20260923.increment_M_C_P_wall,primary_likelihood_spearman,20260923.0,0.0032199972791693,0.0010024285229014,0.0054291395225637,96.0,428.0,109568.0,dimensionless Spearman,results/R1/external_confirmation_20260924/fits/fit_rita-xl.json,2a646f2b6c7c7ef460fe81cd9d002d0de9df4f098ee2c5a2d8524de9cfb8979e,per_seed.20260923.primary_likelihood_spearman
