arm,endpoint,estimate,ci_low,ci_high,n_assays,n_units,bootstrap_resamples,unit,comparison_group,source_path,source_sha256,source_pointer,panel,encoding_role,control,interval_level,resamples
progen2-large,raw_spearman,0.3722372992241555,0.3453199344723437,0.3999399992721765,201.0,163,2000.0,design series / natural WT_cluster,ProGen2,results/R1/progen2_scale_20260826/scale_capability.json,d156af6cbe25f3f76671d7a93600fb0b1e40b6fa1bbe2366c09d5d918b4284a9,dms.raw_spearman.per_rung.progen2-large,b,,,,
progen2-medium,raw_spearman,0.3556526533864215,0.3255686277578624,0.3849674617185121,201.0,163,2000.0,design series / natural WT_cluster,ProGen2,results/R1/progen2_scale_20260826/scale_capability.json,d156af6cbe25f3f76671d7a93600fb0b1e40b6fa1bbe2366c09d5d918b4284a9,dms.raw_spearman.per_rung.progen2-medium,b,,,,
progen2-xlarge,raw_spearman,0.3639094740628402,0.34050774915269,0.3876203350714096,201.0,163,2000.0,design series / natural WT_cluster,ProGen2,results/R1/progen2_scale_20260826/scale_capability.json,d156af6cbe25f3f76671d7a93600fb0b1e40b6fa1bbe2366c09d5d918b4284a9,dms.raw_spearman.per_rung.progen2-xlarge,b,,,,
progen2-large,model_minus_lookup,0.0122465312579343,-0.0125968882441223,0.0356924638826759,201.0,163,2000.0,design series / natural WT_cluster,ProGen2,results/R1/progen2_scale_20260826/scale_capability.json,d156af6cbe25f3f76671d7a93600fb0b1e40b6fa1bbe2366c09d5d918b4284a9,dms.model_minus_lookup.per_rung.progen2-large,b,,,,
progen2-medium,model_minus_lookup,-0.0043381145797995,-0.029842430041046,0.02147990154878,201.0,163,2000.0,design series / natural WT_cluster,ProGen2,results/R1/progen2_scale_20260826/scale_capability.json,d156af6cbe25f3f76671d7a93600fb0b1e40b6fa1bbe2366c09d5d918b4284a9,dms.model_minus_lookup.per_rung.progen2-medium,b,,,,
progen2-xlarge,model_minus_lookup,0.0039187060966191,-0.0148449907069016,0.0209757543173296,201.0,163,2000.0,design series / natural WT_cluster,ProGen2,results/R1/progen2_scale_20260826/scale_capability.json,d156af6cbe25f3f76671d7a93600fb0b1e40b6fa1bbe2366c09d5d918b4284a9,dms.model_minus_lookup.per_rung.progen2-xlarge,b,,,,
progen2-large,model_minus_blosum62,0.1687545745601918,0.1465114583436852,0.1916070421694819,201.0,163,2000.0,design series / natural WT_cluster,ProGen2,results/R1/progen2_scale_20260826/scale_capability.json,d156af6cbe25f3f76671d7a93600fb0b1e40b6fa1bbe2366c09d5d918b4284a9,dms.model_minus_blosum62.per_rung.progen2-large,b,,,,
progen2-medium,model_minus_blosum62,0.1521699287224579,0.1248251166466537,0.178689353565666,201.0,163,2000.0,design series / natural WT_cluster,ProGen2,results/R1/progen2_scale_20260826/scale_capability.json,d156af6cbe25f3f76671d7a93600fb0b1e40b6fa1bbe2366c09d5d918b4284a9,dms.model_minus_blosum62.per_rung.progen2-medium,b,,,,
progen2-xlarge,model_minus_blosum62,0.1604267493988765,0.1412127791484792,0.1788804549752331,201.0,163,2000.0,design series / natural WT_cluster,ProGen2,results/R1/progen2_scale_20260826/scale_capability.json,d156af6cbe25f3f76671d7a93600fb0b1e40b6fa1bbe2366c09d5d918b4284a9,dms.model_minus_blosum62.per_rung.progen2-xlarge,b,,,,
progen3-112m,raw_spearman,0.2746260253067937,0.246541966113808,0.3037548624170095,217.0,174,2000.0,design series / natural WT_cluster,ProGen3,results/R1/progen3_stage_20260917/second_stage_capability/second_stage_capability.json,18cc1b4774da79f5f233a22d2bbb9d045d966efc882936d79b0518fa67ba67c2,dms.raw_spearman.per_rung.progen3-112m,b,,,,
progen3-3b,raw_spearman,0.4119017413598226,0.388662829807585,0.4364509074161776,217.0,174,2000.0,design series / natural WT_cluster,ProGen3,results/R1/progen3_stage_20260917/second_stage_capability/second_stage_capability.json,18cc1b4774da79f5f233a22d2bbb9d045d966efc882936d79b0518fa67ba67c2,dms.raw_spearman.per_rung.progen3-3b,b,,,,
progen3-112m,model_minus_lookup,-0.0804332943007449,-0.1131548306590043,-0.0465008002224356,217.0,174,2000.0,design series / natural WT_cluster,ProGen3,results/R1/progen3_stage_20260917/second_stage_capability/second_stage_capability.json,18cc1b4774da79f5f233a22d2bbb9d045d966efc882936d79b0518fa67ba67c2,dms.model_minus_lookup.per_rung.progen3-112m,b,,,,
progen3-3b,model_minus_lookup,0.0568424217522839,0.036046586995031,0.0785846252382275,217.0,174,2000.0,design series / natural WT_cluster,ProGen3,results/R1/progen3_stage_20260917/second_stage_capability/second_stage_capability.json,18cc1b4774da79f5f233a22d2bbb9d045d966efc882936d79b0518fa67ba67c2,dms.model_minus_lookup.per_rung.progen3-3b,b,,,,
progen3-112m,model_minus_blosum62,0.0684374433035101,0.0395554293044806,0.0964935951081368,217.0,174,2000.0,design series / natural WT_cluster,ProGen3,results/R1/progen3_stage_20260917/second_stage_capability/second_stage_capability.json,18cc1b4774da79f5f233a22d2bbb9d045d966efc882936d79b0518fa67ba67c2,dms.model_minus_blosum62.per_rung.progen3-112m,b,,,,
progen3-3b,model_minus_blosum62,0.2057131593565389,0.1849675549494565,0.2275413052793845,217.0,174,2000.0,design series / natural WT_cluster,ProGen3,results/R1/progen3_stage_20260917/second_stage_capability/second_stage_capability.json,18cc1b4774da79f5f233a22d2bbb9d045d966efc882936d79b0518fa67ba67c2,dms.model_minus_blosum62.per_rung.progen3-3b,b,,,,
llama-2-7b,raw_spearman,-0.0070670865067339,-0.0228016511959629,0.0075650076410579,217.0,174,2000.0,design series / natural WT_cluster,Llama2-ProLLaMA,results/R1/adaptation_lineage_20260813/adaptation_stage_capability.json,511e40aa983c3a4ca2486a241b25dce5760d77984d21f043c4b1c1621b53bc1a,dms.raw_spearman.per_rung.llama-2-7b,b,,,,
prollama,raw_spearman,0.1507144933363524,0.1239815872990085,0.1776991737240685,217.0,174,2000.0,design series / natural WT_cluster,Llama2-ProLLaMA,results/R1/adaptation_lineage_20260813/adaptation_stage_capability.json,511e40aa983c3a4ca2486a241b25dce5760d77984d21f043c4b1c1621b53bc1a,dms.raw_spearman.per_rung.prollama,b,,,,
prollama-stage-1,raw_spearman,0.135802734396265,0.1109723288021904,0.1627897067863441,217.0,174,2000.0,design series / natural WT_cluster,Llama2-ProLLaMA,results/R1/adaptation_lineage_20260813/adaptation_stage_capability.json,511e40aa983c3a4ca2486a241b25dce5760d77984d21f043c4b1c1621b53bc1a,dms.raw_spearman.per_rung.prollama-stage-1,b,,,,
llama-2-7b,model_minus_lookup,-0.3621264061142726,-0.3899650321380892,-0.3338197401329777,217.0,174,2000.0,design series / natural WT_cluster,Llama2-ProLLaMA,results/R1/adaptation_lineage_20260813/adaptation_stage_capability.json,511e40aa983c3a4ca2486a241b25dce5760d77984d21f043c4b1c1621b53bc1a,dms.model_minus_lookup.per_rung.llama-2-7b,b,,,,
prollama,model_minus_lookup,-0.2043448262711862,-0.2372150436534152,-0.1729007742819524,217.0,174,2000.0,design series / natural WT_cluster,Llama2-ProLLaMA,results/R1/adaptation_lineage_20260813/adaptation_stage_capability.json,511e40aa983c3a4ca2486a241b25dce5760d77984d21f043c4b1c1621b53bc1a,dms.model_minus_lookup.per_rung.prollama,b,,,,
prollama-stage-1,model_minus_lookup,-0.2192565852112736,-0.2538447765187923,-0.1861684913946908,217.0,174,2000.0,design series / natural WT_cluster,Llama2-ProLLaMA,results/R1/adaptation_lineage_20260813/adaptation_stage_capability.json,511e40aa983c3a4ca2486a241b25dce5760d77984d21f043c4b1c1621b53bc1a,dms.model_minus_lookup.per_rung.prollama-stage-1,b,,,,
llama-2-7b,model_minus_blosum62,-0.2132556685100175,-0.2345151339564023,-0.1895694918248501,217.0,174,2000.0,design series / natural WT_cluster,Llama2-ProLLaMA,results/R1/adaptation_lineage_20260813/adaptation_stage_capability.json,511e40aa983c3a4ca2486a241b25dce5760d77984d21f043c4b1c1621b53bc1a,dms.model_minus_blosum62.per_rung.llama-2-7b,b,,,,
prollama,model_minus_blosum62,-0.0554740886669311,-0.0839963235600927,-0.0282031201551335,217.0,174,2000.0,design series / natural WT_cluster,Llama2-ProLLaMA,results/R1/adaptation_lineage_20260813/adaptation_stage_capability.json,511e40aa983c3a4ca2486a241b25dce5760d77984d21f043c4b1c1621b53bc1a,dms.model_minus_blosum62.per_rung.prollama,b,,,,
prollama-stage-1,model_minus_blosum62,-0.0703858476070185,-0.0999459826408007,-0.0411393133153725,217.0,174,2000.0,design series / natural WT_cluster,Llama2-ProLLaMA,results/R1/adaptation_lineage_20260813/adaptation_stage_capability.json,511e40aa983c3a4ca2486a241b25dce5760d77984d21f043c4b1c1621b53bc1a,dms.model_minus_blosum62.per_rung.prollama-stage-1,b,,,,
rita-xl,raw_spearman,0.3674839383252574,0.3430940109456441,0.3911496854089216,201.0,163,2000.0,design series / natural WT_cluster,RITA-native-fp32,results/R1/native_dms_20260913/20260915134508_95c515bf6881/rita_xl_independent_analyse/native_dms_comparison.json,c826865cffc1057cb0b61b9ea6e9885787f188fcb3495048c240f057a10a7377,groups.rita-xl.raw_spearman.per_rung.rita-xl,b,,,,
rita-xl,model_minus_lookup,0.0074931703590363,-0.0140729476501162,0.0282363037127618,201.0,163,2000.0,design series / natural WT_cluster,RITA-native-fp32,results/R1/native_dms_20260913/20260915134508_95c515bf6881/rita_xl_independent_analyse/native_dms_comparison.json,c826865cffc1057cb0b61b9ea6e9885787f188fcb3495048c240f057a10a7377,groups.rita-xl.model_minus_lookup.per_rung.rita-xl,b,,,,
rita-xl,model_minus_blosum62,0.1640012136612938,0.1430571501405962,0.1833008050944012,201.0,163,2000.0,design series / natural WT_cluster,RITA-native-fp32,results/R1/native_dms_20260913/20260915134508_95c515bf6881/rita_xl_independent_analyse/native_dms_comparison.json,c826865cffc1057cb0b61b9ea6e9885787f188fcb3495048c240f057a10a7377,groups.rita-xl.model_minus_blosum62.per_rung.rita-xl,b,,,,
galactica-1.3b,raw_spearman,0.0484100170701763,0.0307134730227888,0.0671513105618645,213.0,171,2000.0,design series / natural WT_cluster,Galactica-native-fp32,results/R1/source_recovery_20260917/galactica_native_dms_comparison.json,38cb2b5dd549ef3e4b9f9fbb9e362a025c9a61f7ac94b1e9c204bc48b6ff7d84,groups.galactica.raw_spearman.per_rung.galactica-1.3b,b,,,,
galactica-125m,raw_spearman,-0.0077001286155574,-0.0244730040888861,0.0084085551863347,213.0,171,2000.0,design series / natural WT_cluster,Galactica-native-fp32,results/R1/source_recovery_20260917/galactica_native_dms_comparison.json,38cb2b5dd549ef3e4b9f9fbb9e362a025c9a61f7ac94b1e9c204bc48b6ff7d84,groups.galactica.raw_spearman.per_rung.galactica-125m,b,,,,
galactica-30b,raw_spearman,0.1479411293363347,0.1248790101471077,0.1710175932423231,213.0,171,2000.0,design series / natural WT_cluster,Galactica-native-fp32,results/R1/source_recovery_20260917/galactica_native_dms_comparison.json,38cb2b5dd549ef3e4b9f9fbb9e362a025c9a61f7ac94b1e9c204bc48b6ff7d84,groups.galactica.raw_spearman.per_rung.galactica-30b,b,,,,
galactica-6.7b,raw_spearman,0.095398198247697,0.0743531023750883,0.1167387062155809,213.0,171,2000.0,design series / natural WT_cluster,Galactica-native-fp32,results/R1/source_recovery_20260917/galactica_native_dms_comparison.json,38cb2b5dd549ef3e4b9f9fbb9e362a025c9a61f7ac94b1e9c204bc48b6ff7d84,groups.galactica.raw_spearman.per_rung.galactica-6.7b,b,,,,
galactica-1.3b,model_minus_lookup,-0.3071441203133887,-0.3366276564619744,-0.2768634987400434,213.0,171,2000.0,design series / natural WT_cluster,Galactica-native-fp32,results/R1/source_recovery_20260917/galactica_native_dms_comparison.json,38cb2b5dd549ef3e4b9f9fbb9e362a025c9a61f7ac94b1e9c204bc48b6ff7d84,groups.galactica.model_minus_lookup.per_rung.galactica-1.3b,b,,,,
galactica-125m,model_minus_lookup,-0.3632542659991225,-0.3909161298090138,-0.3351813613427388,213.0,171,2000.0,design series / natural WT_cluster,Galactica-native-fp32,results/R1/source_recovery_20260917/galactica_native_dms_comparison.json,38cb2b5dd549ef3e4b9f9fbb9e362a025c9a61f7ac94b1e9c204bc48b6ff7d84,groups.galactica.model_minus_lookup.per_rung.galactica-125m,b,,,,
galactica-30b,model_minus_lookup,-0.2076130080472303,-0.239313729040915,-0.1782167733168584,213.0,171,2000.0,design series / natural WT_cluster,Galactica-native-fp32,results/R1/source_recovery_20260917/galactica_native_dms_comparison.json,38cb2b5dd549ef3e4b9f9fbb9e362a025c9a61f7ac94b1e9c204bc48b6ff7d84,groups.galactica.model_minus_lookup.per_rung.galactica-30b,b,,,,
galactica-6.7b,model_minus_lookup,-0.260155939135868,-0.2930237821430418,-0.2270225145560524,213.0,171,2000.0,design series / natural WT_cluster,Galactica-native-fp32,results/R1/source_recovery_20260917/galactica_native_dms_comparison.json,38cb2b5dd549ef3e4b9f9fbb9e362a025c9a61f7ac94b1e9c204bc48b6ff7d84,groups.galactica.model_minus_lookup.per_rung.galactica-6.7b,b,,,,
galactica-1.3b,model_minus_blosum62,-0.1576956626975283,-0.1789481972021034,-0.1356670408366068,213.0,171,2000.0,design series / natural WT_cluster,Galactica-native-fp32,results/R1/source_recovery_20260917/galactica_native_dms_comparison.json,38cb2b5dd549ef3e4b9f9fbb9e362a025c9a61f7ac94b1e9c204bc48b6ff7d84,groups.galactica.model_minus_blosum62.per_rung.galactica-1.3b,b,,,,
galactica-125m,model_minus_blosum62,-0.2138058083832622,-0.2360143943861056,-0.1909685606053061,213.0,171,2000.0,design series / natural WT_cluster,Galactica-native-fp32,results/R1/source_recovery_20260917/galactica_native_dms_comparison.json,38cb2b5dd549ef3e4b9f9fbb9e362a025c9a61f7ac94b1e9c204bc48b6ff7d84,groups.galactica.model_minus_blosum62.per_rung.galactica-125m,b,,,,
galactica-30b,model_minus_blosum62,-0.0581645504313699,-0.0804987298619585,-0.0339063448715005,213.0,171,2000.0,design series / natural WT_cluster,Galactica-native-fp32,results/R1/source_recovery_20260917/galactica_native_dms_comparison.json,38cb2b5dd549ef3e4b9f9fbb9e362a025c9a61f7ac94b1e9c204bc48b6ff7d84,groups.galactica.model_minus_blosum62.per_rung.galactica-30b,b,,,,
galactica-6.7b,model_minus_blosum62,-0.1107074815200076,-0.1335528589313435,-0.0860932338212751,213.0,171,2000.0,design series / natural WT_cluster,Galactica-native-fp32,results/R1/source_recovery_20260917/galactica_native_dms_comparison.json,38cb2b5dd549ef3e4b9f9fbb9e362a025c9a61f7ac94b1e9c204bc48b6ff7d84,groups.galactica.model_minus_blosum62.per_rung.galactica-6.7b,b,,,,
proteinglm-7b-clm,model_minus_lookup,0.0384139835224668,0.0175224137863195,0.0591857739085159,201.0,163,2000.0,wild-type family at 50% identity,ProteinGLM-native,results/R1/source_recovery_20260917/proteinglm_retrieval_bound.json,de08ee2921003c557659a33e9d305d897c0c0202b8106bc6826628fa45f1dc78,arms.proteinglm-7b-clm.delta_lookup,b,,,,
proteinglm-7b-clm,model_minus_blosum62,0.1949220268247243,0.1724819280900601,0.2165019421567102,201.0,163,2000.0,wild-type family at 50% identity,ProteinGLM-native,results/R1/source_recovery_20260917/proteinglm_retrieval_bound.json,de08ee2921003c557659a33e9d305d897c0c0202b8106bc6826628fa45f1dc78,arms.proteinglm-7b-clm.delta_blosum62,b,,,,
bygpt5-base-en,raw,-0.0033469712051488,-0.0194920421562034,0.0137617939968516,211.0,169,2000.0,design series / natural WT_cluster,,results/R1/source_recovery_20260917/text_aa_analyse.json,c94e3c2febc3f158def049948f11eae010681dc6ae22c8b9556ca7289693c2ac,common_all13.per_model.bygpt5-base-en.raw,c,residue-aligned subset,,,
bygpt5-base-en,model_minus_lookup,-0.3593234654686012,-0.3880755080035321,-0.3316047943936676,211.0,169,2000.0,design series / natural WT_cluster,,results/R1/source_recovery_20260917/text_aa_analyse.json,c94e3c2febc3f158def049948f11eae010681dc6ae22c8b9556ca7289693c2ac,common_all13.per_model.bygpt5-base-en.model_minus_lookup,c,residue-aligned subset,,,
bygpt5-base-en,model_minus_blosum62,-0.2099824693542994,-0.2332069033347216,-0.1863602368946161,211.0,169,2000.0,design series / natural WT_cluster,,results/R1/source_recovery_20260917/text_aa_analyse.json,c94e3c2febc3f158def049948f11eae010681dc6ae22c8b9556ca7289693c2ac,common_all13.per_model.bygpt5-base-en.model_minus_blosum62,c,residue-aligned subset,,,
bygpt5-medium-en,raw,-0.0087759520948674,-0.0260463518244056,0.0076459922598285,211.0,169,2000.0,design series / natural WT_cluster,,results/R1/source_recovery_20260917/text_aa_analyse.json,c94e3c2febc3f158def049948f11eae010681dc6ae22c8b9556ca7289693c2ac,common_all13.per_model.bygpt5-medium-en.raw,c,residue-aligned subset,,,
bygpt5-medium-en,model_minus_lookup,-0.3647524463583197,-0.3953133265522917,-0.3350047738713412,211.0,169,2000.0,design series / natural WT_cluster,,results/R1/source_recovery_20260917/text_aa_analyse.json,c94e3c2febc3f158def049948f11eae010681dc6ae22c8b9556ca7289693c2ac,common_all13.per_model.bygpt5-medium-en.model_minus_lookup,c,residue-aligned subset,,,
bygpt5-medium-en,model_minus_blosum62,-0.2154114502440181,-0.2398484503432658,-0.1917946788514572,211.0,169,2000.0,design series / natural WT_cluster,,results/R1/source_recovery_20260917/text_aa_analyse.json,c94e3c2febc3f158def049948f11eae010681dc6ae22c8b9556ca7289693c2ac,common_all13.per_model.bygpt5-medium-en.model_minus_blosum62,c,residue-aligned subset,,,
bygpt5-small-en,raw,2.4792975769507084e-05,-0.0135995807323369,0.014131878703786,211.0,169,2000.0,design series / natural WT_cluster,,results/R1/source_recovery_20260917/text_aa_analyse.json,c94e3c2febc3f158def049948f11eae010681dc6ae22c8b9556ca7289693c2ac,common_all13.per_model.bygpt5-small-en.raw,c,residue-aligned subset,,,
bygpt5-small-en,model_minus_lookup,-0.3559517012876829,-0.38459708055711,-0.3295750413461007,211.0,169,2000.0,design series / natural WT_cluster,,results/R1/source_recovery_20260917/text_aa_analyse.json,c94e3c2febc3f158def049948f11eae010681dc6ae22c8b9556ca7289693c2ac,common_all13.per_model.bygpt5-small-en.model_minus_lookup,c,residue-aligned subset,,,
bygpt5-small-en,model_minus_blosum62,-0.2066107051733811,-0.2264634790098913,-0.1853135940003643,211.0,169,2000.0,design series / natural WT_cluster,,results/R1/source_recovery_20260917/text_aa_analyse.json,c94e3c2febc3f158def049948f11eae010681dc6ae22c8b9556ca7289693c2ac,common_all13.per_model.bygpt5-small-en.model_minus_blosum62,c,residue-aligned subset,,,
dialogpt-small,raw,-0.0060861418583537,-0.0237942330785511,0.0123431405655784,211.0,169,2000.0,design series / natural WT_cluster,,results/R1/source_recovery_20260917/text_aa_analyse.json,c94e3c2febc3f158def049948f11eae010681dc6ae22c8b9556ca7289693c2ac,common_all13.per_model.dialogpt-small.raw,c,string-level BPE control,,,
dialogpt-small,model_minus_lookup,-0.3620626361218061,-0.3951970082111675,-0.3283035436756306,211.0,169,2000.0,design series / natural WT_cluster,,results/R1/source_recovery_20260917/text_aa_analyse.json,c94e3c2febc3f158def049948f11eae010681dc6ae22c8b9556ca7289693c2ac,common_all13.per_model.dialogpt-small.model_minus_lookup,c,string-level BPE control,,,
dialogpt-small,model_minus_blosum62,-0.2127216400075043,-0.2381587616326561,-0.1880613561790977,211.0,169,2000.0,design series / natural WT_cluster,,results/R1/source_recovery_20260917/text_aa_analyse.json,c94e3c2febc3f158def049948f11eae010681dc6ae22c8b9556ca7289693c2ac,common_all13.per_model.dialogpt-small.model_minus_blosum62,c,string-level BPE control,,,
gpt2,raw,-0.0048742886478587,-0.0200363657326024,0.0107873862615513,211.0,169,2000.0,design series / natural WT_cluster,,results/R1/source_recovery_20260917/text_aa_analyse.json,c94e3c2febc3f158def049948f11eae010681dc6ae22c8b9556ca7289693c2ac,common_all13.per_model.gpt2.raw,c,string-level BPE control,,,
gpt2,model_minus_lookup,-0.3608507829113112,-0.3875888020819072,-0.3339700780505043,211.0,169,2000.0,design series / natural WT_cluster,,results/R1/source_recovery_20260917/text_aa_analyse.json,c94e3c2febc3f158def049948f11eae010681dc6ae22c8b9556ca7289693c2ac,common_all13.per_model.gpt2.model_minus_lookup,c,string-level BPE control,,,
gpt2,model_minus_blosum62,-0.2115097867970093,-0.233478369244633,-0.1885579651317956,211.0,169,2000.0,design series / natural WT_cluster,,results/R1/source_recovery_20260917/text_aa_analyse.json,c94e3c2febc3f158def049948f11eae010681dc6ae22c8b9556ca7289693c2ac,common_all13.per_model.gpt2.model_minus_blosum62,c,string-level BPE control,,,
gpt2-large,raw,-0.0010213256417061,-0.0166378024094099,0.0166716133530765,211.0,169,2000.0,design series / natural WT_cluster,,results/R1/source_recovery_20260917/text_aa_analyse.json,c94e3c2febc3f158def049948f11eae010681dc6ae22c8b9556ca7289693c2ac,common_all13.per_model.gpt2-large.raw,c,string-level BPE control,,,
gpt2-large,model_minus_lookup,-0.3569978199051585,-0.3848135400008443,-0.3287041327883108,211.0,169,2000.0,design series / natural WT_cluster,,results/R1/source_recovery_20260917/text_aa_analyse.json,c94e3c2febc3f158def049948f11eae010681dc6ae22c8b9556ca7289693c2ac,common_all13.per_model.gpt2-large.model_minus_lookup,c,string-level BPE control,,,
gpt2-large,model_minus_blosum62,-0.2076568237908567,-0.2300601280837516,-0.1856844634100409,211.0,169,2000.0,design series / natural WT_cluster,,results/R1/source_recovery_20260917/text_aa_analyse.json,c94e3c2febc3f158def049948f11eae010681dc6ae22c8b9556ca7289693c2ac,common_all13.per_model.gpt2-large.model_minus_blosum62,c,string-level BPE control,,,
gpt2-medium,raw,0.0023174331425681,-0.0124577502403508,0.017069325781377,211.0,169,2000.0,design series / natural WT_cluster,,results/R1/source_recovery_20260917/text_aa_analyse.json,c94e3c2febc3f158def049948f11eae010681dc6ae22c8b9556ca7289693c2ac,common_all13.per_model.gpt2-medium.raw,c,string-level BPE control,,,
gpt2-medium,model_minus_lookup,-0.3536590611208842,-0.3825886944065476,-0.3272274101022301,211.0,169,2000.0,design series / natural WT_cluster,,results/R1/source_recovery_20260917/text_aa_analyse.json,c94e3c2febc3f158def049948f11eae010681dc6ae22c8b9556ca7289693c2ac,common_all13.per_model.gpt2-medium.model_minus_lookup,c,string-level BPE control,,,
gpt2-medium,model_minus_blosum62,-0.2043180650065824,-0.2256484617939547,-0.1830102163783022,211.0,169,2000.0,design series / natural WT_cluster,,results/R1/source_recovery_20260917/text_aa_analyse.json,c94e3c2febc3f158def049948f11eae010681dc6ae22c8b9556ca7289693c2ac,common_all13.per_model.gpt2-medium.model_minus_blosum62,c,string-level BPE control,,,
gpt2-xl,raw,-0.0061738530366047,-0.0222063561723227,0.0108751212532182,211.0,169,2000.0,design series / natural WT_cluster,,results/R1/source_recovery_20260917/text_aa_analyse.json,c94e3c2febc3f158def049948f11eae010681dc6ae22c8b9556ca7289693c2ac,common_all13.per_model.gpt2-xl.raw,c,string-level BPE control,,,
gpt2-xl,model_minus_lookup,-0.3621503473000571,-0.3905274108001772,-0.3345893875635302,211.0,169,2000.0,design series / natural WT_cluster,,results/R1/source_recovery_20260917/text_aa_analyse.json,c94e3c2febc3f158def049948f11eae010681dc6ae22c8b9556ca7289693c2ac,common_all13.per_model.gpt2-xl.model_minus_lookup,c,string-level BPE control,,,
gpt2-xl,model_minus_blosum62,-0.2128093511857553,-0.2382311901663053,-0.1906615351416135,211.0,169,2000.0,design series / natural WT_cluster,,results/R1/source_recovery_20260917/text_aa_analyse.json,c94e3c2febc3f158def049948f11eae010681dc6ae22c8b9556ca7289693c2ac,common_all13.per_model.gpt2-xl.model_minus_blosum62,c,string-level BPE control,,,
llama-3.2-3b,raw,0.0002926752293304,-0.0149298777620277,0.0155767858605346,211.0,169,2000.0,design series / natural WT_cluster,,results/R1/source_recovery_20260917/text_aa_analyse.json,c94e3c2febc3f158def049948f11eae010681dc6ae22c8b9556ca7289693c2ac,common_all13.per_model.llama-3.2-3b.raw,c,string-level BPE control,,,
llama-3.2-3b,model_minus_lookup,-0.355683819034122,-0.3859926166703304,-0.3271382279864089,211.0,169,2000.0,design series / natural WT_cluster,,results/R1/source_recovery_20260917/text_aa_analyse.json,c94e3c2febc3f158def049948f11eae010681dc6ae22c8b9556ca7289693c2ac,common_all13.per_model.llama-3.2-3b.model_minus_lookup,c,string-level BPE control,,,
llama-3.2-3b,model_minus_blosum62,-0.2063428229198201,-0.2297819259783012,-0.1841700700079642,211.0,169,2000.0,design series / natural WT_cluster,,results/R1/source_recovery_20260917/text_aa_analyse.json,c94e3c2febc3f158def049948f11eae010681dc6ae22c8b9556ca7289693c2ac,common_all13.per_model.llama-3.2-3b.model_minus_blosum62,c,string-level BPE control,,,
qwen2.5-0.5b,raw,0.0088000174295319,-0.0072207982896576,0.023905493180983,211.0,169,2000.0,design series / natural WT_cluster,,results/R1/source_recovery_20260917/text_aa_analyse.json,c94e3c2febc3f158def049948f11eae010681dc6ae22c8b9556ca7289693c2ac,common_all13.per_model.qwen2.5-0.5b.raw,c,string-level BPE control,,,
qwen2.5-0.5b,model_minus_lookup,-0.3471764768339204,-0.3759668661905297,-0.318964732120563,211.0,169,2000.0,design series / natural WT_cluster,,results/R1/source_recovery_20260917/text_aa_analyse.json,c94e3c2febc3f158def049948f11eae010681dc6ae22c8b9556ca7289693c2ac,common_all13.per_model.qwen2.5-0.5b.model_minus_lookup,c,string-level BPE control,,,
qwen2.5-0.5b,model_minus_blosum62,-0.1978354807196186,-0.2236570140289567,-0.1750688334187145,211.0,169,2000.0,design series / natural WT_cluster,,results/R1/source_recovery_20260917/text_aa_analyse.json,c94e3c2febc3f158def049948f11eae010681dc6ae22c8b9556ca7289693c2ac,common_all13.per_model.qwen2.5-0.5b.model_minus_blosum62,c,string-level BPE control,,,
qwen2.5-32b,raw,0.0331991139361959,0.0149631039754737,0.052107003885285,211.0,169,2000.0,design series / natural WT_cluster,,results/R1/source_recovery_20260917/text_aa_analyse.json,c94e3c2febc3f158def049948f11eae010681dc6ae22c8b9556ca7289693c2ac,common_all13.per_model.qwen2.5-32b.raw,c,string-level BPE control,,,
qwen2.5-32b,model_minus_lookup,-0.3227773803272564,-0.3544234160503474,-0.2926216277626121,211.0,169,2000.0,design series / natural WT_cluster,,results/R1/source_recovery_20260917/text_aa_analyse.json,c94e3c2febc3f158def049948f11eae010681dc6ae22c8b9556ca7289693c2ac,common_all13.per_model.qwen2.5-32b.model_minus_lookup,c,string-level BPE control,,,
qwen2.5-32b,model_minus_blosum62,-0.1734363842129547,-0.1964727947362788,-0.1484125109661891,211.0,169,2000.0,design series / natural WT_cluster,,results/R1/source_recovery_20260917/text_aa_analyse.json,c94e3c2febc3f158def049948f11eae010681dc6ae22c8b9556ca7289693c2ac,common_all13.per_model.qwen2.5-32b.model_minus_blosum62,c,string-level BPE control,,,
qwen2.5-7b,raw,0.0096386507446408,-0.0052809663182737,0.0255541498387323,211.0,169,2000.0,design series / natural WT_cluster,,results/R1/source_recovery_20260917/text_aa_analyse.json,c94e3c2febc3f158def049948f11eae010681dc6ae22c8b9556ca7289693c2ac,common_all13.per_model.qwen2.5-7b.raw,c,string-level BPE control,,,
qwen2.5-7b,model_minus_lookup,-0.3463378435188115,-0.3750284015063114,-0.3171367417048817,211.0,169,2000.0,design series / natural WT_cluster,,results/R1/source_recovery_20260917/text_aa_analyse.json,c94e3c2febc3f158def049948f11eae010681dc6ae22c8b9556ca7289693c2ac,common_all13.per_model.qwen2.5-7b.model_minus_lookup,c,string-level BPE control,,,
qwen2.5-7b,model_minus_blosum62,-0.1969968474045097,-0.2187540994557333,-0.174516735399322,211.0,169,2000.0,design series / natural WT_cluster,,results/R1/source_recovery_20260917/text_aa_analyse.json,c94e3c2febc3f158def049948f11eae010681dc6ae22c8b9556ca7289693c2ac,common_all13.per_model.qwen2.5-7b.model_minus_blosum62,c,string-level BPE control,,,
qwen3-8b-base,raw,0.0011581443838289,-0.0150588764697934,0.01755256020971,211.0,169,2000.0,design series / natural WT_cluster,,results/R1/source_recovery_20260917/text_aa_analyse.json,c94e3c2febc3f158def049948f11eae010681dc6ae22c8b9556ca7289693c2ac,common_all13.per_model.qwen3-8b-base.raw,c,string-level BPE control,,,
qwen3-8b-base,model_minus_lookup,-0.3548183498796234,-0.3826692370294549,-0.3270904862447586,211.0,169,2000.0,design series / natural WT_cluster,,results/R1/source_recovery_20260917/text_aa_analyse.json,c94e3c2febc3f158def049948f11eae010681dc6ae22c8b9556ca7289693c2ac,common_all13.per_model.qwen3-8b-base.model_minus_lookup,c,string-level BPE control,,,
qwen3-8b-base,model_minus_blosum62,-0.2054773537653216,-0.2279871723903701,-0.1839324588517609,211.0,169,2000.0,design series / natural WT_cluster,,results/R1/source_recovery_20260917/text_aa_analyse.json,c94e3c2febc3f158def049948f11eae010681dc6ae22c8b9556ca7289693c2ac,common_all13.per_model.qwen3-8b-base.model_minus_blosum62,c,string-level BPE control,,,
bygpt5-base-en,unique_own,-0.0001080568220235,-0.0011569353727069,0.0009408217286598,,156,,,,results/R1/position_terms_20260926/position_simultaneous.json,adc04054ea5ad55b5dd5f1be2d70ca4c1d3c62b2b9371defd5cc3cd16c0752e8,,d,,wall,95% simultaneous over 128 contrasts,10000.0
bygpt5-base-en,unique_downstream,-3.8918204907502576e-05,-0.0002421148798208,0.0001642784700058,,156,,,,results/R1/position_terms_20260926/position_simultaneous.json,adc04054ea5ad55b5dd5f1be2d70ca4c1d3c62b2b9371defd5cc3cd16c0752e8,,d,,wall,95% simultaneous over 128 contrasts,10000.0
bygpt5-base-en,joint_over_full,-0.0002793522139986,-0.0008503803874159,0.0002916759594186,,156,,,,results/R1/position_terms_20260926/position_simultaneous.json,adc04054ea5ad55b5dd5f1be2d70ca4c1d3c62b2b9371defd5cc3cd16c0752e8,,d,,wall,95% simultaneous over 128 contrasts,10000.0
bygpt5-base-en,own_minus_downstream,-6.913861711606157e-05,-0.0011105481257345,0.0009722708915024,,156,,,,results/R1/position_terms_20260926/position_simultaneous.json,adc04054ea5ad55b5dd5f1be2d70ca4c1d3c62b2b9371defd5cc3cd16c0752e8,,d,,wall,95% simultaneous over 128 contrasts,10000.0
bygpt5-medium-en,unique_own,0.0006206842395918,-0.0014065793844888,0.0026479478636725,,156,,,,results/R1/position_terms_20260926/position_simultaneous.json,adc04054ea5ad55b5dd5f1be2d70ca4c1d3c62b2b9371defd5cc3cd16c0752e8,,d,,wall,95% simultaneous over 128 contrasts,10000.0
bygpt5-medium-en,unique_downstream,-0.0004178636857327,-0.0018101491879849,0.0009744218165194,,156,,,,results/R1/position_terms_20260926/position_simultaneous.json,adc04054ea5ad55b5dd5f1be2d70ca4c1d3c62b2b9371defd5cc3cd16c0752e8,,d,,wall,95% simultaneous over 128 contrasts,10000.0
bygpt5-medium-en,joint_over_full,0.0002031403766761,-0.0015578349615293,0.0019641157148817,,156,,,,results/R1/position_terms_20260926/position_simultaneous.json,adc04054ea5ad55b5dd5f1be2d70ca4c1d3c62b2b9371defd5cc3cd16c0752e8,,d,,wall,95% simultaneous over 128 contrasts,10000.0
bygpt5-medium-en,own_minus_downstream,0.0010385479253245,-0.0014076586131987,0.0034847544638479,,156,,,,results/R1/position_terms_20260926/position_simultaneous.json,adc04054ea5ad55b5dd5f1be2d70ca4c1d3c62b2b9371defd5cc3cd16c0752e8,,d,,wall,95% simultaneous over 128 contrasts,10000.0
bygpt5-small-en,unique_own,-0.0001361004066446,-0.0010446538033904,0.000772452990101,,156,,,,results/R1/position_terms_20260926/position_simultaneous.json,adc04054ea5ad55b5dd5f1be2d70ca4c1d3c62b2b9371defd5cc3cd16c0752e8,,d,,wall,95% simultaneous over 128 contrasts,10000.0
bygpt5-small-en,unique_downstream,0.0004358364844411,-0.001069566812099,0.0019412397809813,,156,,,,results/R1/position_terms_20260926/position_simultaneous.json,adc04054ea5ad55b5dd5f1be2d70ca4c1d3c62b2b9371defd5cc3cd16c0752e8,,d,,wall,95% simultaneous over 128 contrasts,10000.0
bygpt5-small-en,joint_over_full,0.0001636256076763,-0.0007724263609886,0.0010996775763412,,156,,,,results/R1/position_terms_20260926/position_simultaneous.json,adc04054ea5ad55b5dd5f1be2d70ca4c1d3c62b2b9371defd5cc3cd16c0752e8,,d,,wall,95% simultaneous over 128 contrasts,10000.0
bygpt5-small-en,own_minus_downstream,-0.0005719368910858,-0.0023318533567374,0.0011879795745657,,156,,,,results/R1/position_terms_20260926/position_simultaneous.json,adc04054ea5ad55b5dd5f1be2d70ca4c1d3c62b2b9371defd5cc3cd16c0752e8,,d,,wall,95% simultaneous over 128 contrasts,10000.0
dialogpt-small,unique_own,-0.0005321490505254,-0.0017244145414995,0.0006601164404486,,153,,,,results/R1/position_terms_20260926/position_simultaneous.json,adc04054ea5ad55b5dd5f1be2d70ca4c1d3c62b2b9371defd5cc3cd16c0752e8,,d,,wall,95% simultaneous over 128 contrasts,10000.0
dialogpt-small,unique_downstream,-0.0003413422337668,-0.0009700268490095,0.0002873423814758,,153,,,,results/R1/position_terms_20260926/position_simultaneous.json,adc04054ea5ad55b5dd5f1be2d70ca4c1d3c62b2b9371defd5cc3cd16c0752e8,,d,,wall,95% simultaneous over 128 contrasts,10000.0
dialogpt-small,joint_over_full,-0.0003778083719368,-0.001411325244257,0.0006557085003833,,153,,,,results/R1/position_terms_20260926/position_simultaneous.json,adc04054ea5ad55b5dd5f1be2d70ca4c1d3c62b2b9371defd5cc3cd16c0752e8,,d,,wall,95% simultaneous over 128 contrasts,10000.0
dialogpt-small,own_minus_downstream,-0.0001908068167585,-0.0013535652898813,0.0009719516563642,,153,,,,results/R1/position_terms_20260926/position_simultaneous.json,adc04054ea5ad55b5dd5f1be2d70ca4c1d3c62b2b9371defd5cc3cd16c0752e8,,d,,wall,95% simultaneous over 128 contrasts,10000.0
galactica-1.3b,unique_own,4.6189324422551575e-05,-0.0002252611302548,0.0003176397790999,,156,,,,results/R1/position_terms_20260926/position_simultaneous.json,adc04054ea5ad55b5dd5f1be2d70ca4c1d3c62b2b9371defd5cc3cd16c0752e8,,d,,wall,95% simultaneous over 128 contrasts,10000.0
galactica-1.3b,unique_downstream,0.0001604979954831,-0.0010842985671143,0.0014052945580806,,156,,,,results/R1/position_terms_20260926/position_simultaneous.json,adc04054ea5ad55b5dd5f1be2d70ca4c1d3c62b2b9371defd5cc3cd16c0752e8,,d,,wall,95% simultaneous over 128 contrasts,10000.0
galactica-1.3b,joint_over_full,-0.0002361900176475,-0.0021039252689969,0.0016315452337018,,156,,,,results/R1/position_terms_20260926/position_simultaneous.json,adc04054ea5ad55b5dd5f1be2d70ca4c1d3c62b2b9371defd5cc3cd16c0752e8,,d,,wall,95% simultaneous over 128 contrasts,10000.0
galactica-1.3b,own_minus_downstream,-0.0001143086710605,-0.0014098595997052,0.001181242257584,,156,,,,results/R1/position_terms_20260926/position_simultaneous.json,adc04054ea5ad55b5dd5f1be2d70ca4c1d3c62b2b9371defd5cc3cd16c0752e8,,d,,wall,95% simultaneous over 128 contrasts,10000.0
galactica-125m,unique_own,0.0003915861152739,-0.001234571738566,0.0020177439691138,,156,,,,results/R1/position_terms_20260926/position_simultaneous.json,adc04054ea5ad55b5dd5f1be2d70ca4c1d3c62b2b9371defd5cc3cd16c0752e8,,d,,wall,95% simultaneous over 128 contrasts,10000.0
galactica-125m,unique_downstream,0.0001263973369988,-0.0010295701989859,0.0012823648729837,,156,,,,results/R1/position_terms_20260926/position_simultaneous.json,adc04054ea5ad55b5dd5f1be2d70ca4c1d3c62b2b9371defd5cc3cd16c0752e8,,d,,wall,95% simultaneous over 128 contrasts,10000.0
galactica-125m,joint_over_full,0.0009276713364941,-0.0015681091678629,0.0034234518408513,,156,,,,results/R1/position_terms_20260926/position_simultaneous.json,adc04054ea5ad55b5dd5f1be2d70ca4c1d3c62b2b9371defd5cc3cd16c0752e8,,d,,wall,95% simultaneous over 128 contrasts,10000.0
galactica-125m,own_minus_downstream,0.000265188778275,-0.0016918571371111,0.0022222346936612,,156,,,,results/R1/position_terms_20260926/position_simultaneous.json,adc04054ea5ad55b5dd5f1be2d70ca4c1d3c62b2b9371defd5cc3cd16c0752e8,,d,,wall,95% simultaneous over 128 contrasts,10000.0
galactica-30b,unique_own,0.0010194877130421,-0.0021051043208766,0.0041440797469609,,156,,,,results/R1/position_terms_20260926/position_simultaneous.json,adc04054ea5ad55b5dd5f1be2d70ca4c1d3c62b2b9371defd5cc3cd16c0752e8,,d,,wall,95% simultaneous over 128 contrasts,10000.0
galactica-30b,unique_downstream,0.0003391097496565,-0.00584764045033,0.006525859949643,,156,,,,results/R1/position_terms_20260926/position_simultaneous.json,adc04054ea5ad55b5dd5f1be2d70ca4c1d3c62b2b9371defd5cc3cd16c0752e8,,d,,wall,95% simultaneous over 128 contrasts,10000.0
galactica-30b,joint_over_full,0.0004293051470335,-0.0053245064859183,0.0061831167799854,,156,,,,results/R1/position_terms_20260926/position_simultaneous.json,adc04054ea5ad55b5dd5f1be2d70ca4c1d3c62b2b9371defd5cc3cd16c0752e8,,d,,wall,95% simultaneous over 128 contrasts,10000.0
galactica-30b,own_minus_downstream,0.0006803779633856,-0.004785637911048,0.0061463938378193,,156,,,,results/R1/position_terms_20260926/position_simultaneous.json,adc04054ea5ad55b5dd5f1be2d70ca4c1d3c62b2b9371defd5cc3cd16c0752e8,,d,,wall,95% simultaneous over 128 contrasts,10000.0
galactica-6.7b,unique_own,-1.934907811127127e-05,-0.0012695462206659,0.0012308480644433,,156,,,,results/R1/position_terms_20260926/position_simultaneous.json,adc04054ea5ad55b5dd5f1be2d70ca4c1d3c62b2b9371defd5cc3cd16c0752e8,,d,,wall,95% simultaneous over 128 contrasts,10000.0
galactica-6.7b,unique_downstream,-0.0004742711787111,-0.0024225185797188,0.0014739762222965,,156,,,,results/R1/position_terms_20260926/position_simultaneous.json,adc04054ea5ad55b5dd5f1be2d70ca4c1d3c62b2b9371defd5cc3cd16c0752e8,,d,,wall,95% simultaneous over 128 contrasts,10000.0
galactica-6.7b,joint_over_full,-0.0004077784285919,-0.0022930971075138,0.0014775402503299,,156,,,,results/R1/position_terms_20260926/position_simultaneous.json,adc04054ea5ad55b5dd5f1be2d70ca4c1d3c62b2b9371defd5cc3cd16c0752e8,,d,,wall,95% simultaneous over 128 contrasts,10000.0
galactica-6.7b,own_minus_downstream,0.0004549221005998,-0.0014838580822333,0.0023937022834331,,156,,,,results/R1/position_terms_20260926/position_simultaneous.json,adc04054ea5ad55b5dd5f1be2d70ca4c1d3c62b2b9371defd5cc3cd16c0752e8,,d,,wall,95% simultaneous over 128 contrasts,10000.0
gpt2,unique_own,-0.0002894372693468,-0.0018899322201733,0.0013110576814796,,153,,,,results/R1/position_terms_20260926/position_simultaneous.json,adc04054ea5ad55b5dd5f1be2d70ca4c1d3c62b2b9371defd5cc3cd16c0752e8,,d,,wall,95% simultaneous over 128 contrasts,10000.0
gpt2,unique_downstream,-0.0001816442117959,-0.0005545848051742,0.0001912963815824,,153,,,,results/R1/position_terms_20260926/position_simultaneous.json,adc04054ea5ad55b5dd5f1be2d70ca4c1d3c62b2b9371defd5cc3cd16c0752e8,,d,,wall,95% simultaneous over 128 contrasts,10000.0
gpt2,joint_over_full,-0.0005488744367594,-0.0017467504834003,0.0006490016098815,,153,,,,results/R1/position_terms_20260926/position_simultaneous.json,adc04054ea5ad55b5dd5f1be2d70ca4c1d3c62b2b9371defd5cc3cd16c0752e8,,d,,wall,95% simultaneous over 128 contrasts,10000.0
gpt2,own_minus_downstream,-0.0001077930575509,-0.001720450369075,0.0015048642539731,,153,,,,results/R1/position_terms_20260926/position_simultaneous.json,adc04054ea5ad55b5dd5f1be2d70ca4c1d3c62b2b9371defd5cc3cd16c0752e8,,d,,wall,95% simultaneous over 128 contrasts,10000.0
gpt2-large,unique_own,-0.0007602950369042,-0.0030381508651586,0.0015175607913501,,153,,,,results/R1/position_terms_20260926/position_simultaneous.json,adc04054ea5ad55b5dd5f1be2d70ca4c1d3c62b2b9371defd5cc3cd16c0752e8,,d,,wall,95% simultaneous over 128 contrasts,10000.0
gpt2-large,unique_downstream,-0.0007552419528446,-0.0016402621819751,0.0001297782762858,,153,,,,results/R1/position_terms_20260926/position_simultaneous.json,adc04054ea5ad55b5dd5f1be2d70ca4c1d3c62b2b9371defd5cc3cd16c0752e8,,d,,wall,95% simultaneous over 128 contrasts,10000.0
gpt2-large,joint_over_full,-0.0008697402456262,-0.0025730526561523,0.0008335721648998,,153,,,,results/R1/position_terms_20260926/position_simultaneous.json,adc04054ea5ad55b5dd5f1be2d70ca4c1d3c62b2b9371defd5cc3cd16c0752e8,,d,,wall,95% simultaneous over 128 contrasts,10000.0
gpt2-large,own_minus_downstream,-5.0530840596829794e-06,-0.0023889192484524,0.0023788130803331,,153,,,,results/R1/position_terms_20260926/position_simultaneous.json,adc04054ea5ad55b5dd5f1be2d70ca4c1d3c62b2b9371defd5cc3cd16c0752e8,,d,,wall,95% simultaneous over 128 contrasts,10000.0
gpt2-medium,unique_own,0.0010249261553886,-0.0017661618881037,0.0038160141988811,,153,,,,results/R1/position_terms_20260926/position_simultaneous.json,adc04054ea5ad55b5dd5f1be2d70ca4c1d3c62b2b9371defd5cc3cd16c0752e8,,d,,wall,95% simultaneous over 128 contrasts,10000.0
gpt2-medium,unique_downstream,0.0007640993770513,-0.0016362207965731,0.0031644195506758,,153,,,,results/R1/position_terms_20260926/position_simultaneous.json,adc04054ea5ad55b5dd5f1be2d70ca4c1d3c62b2b9371defd5cc3cd16c0752e8,,d,,wall,95% simultaneous over 128 contrasts,10000.0
gpt2-medium,joint_over_full,0.000375027079409,-0.0032871712990317,0.0040372254578497,,153,,,,results/R1/position_terms_20260926/position_simultaneous.json,adc04054ea5ad55b5dd5f1be2d70ca4c1d3c62b2b9371defd5cc3cd16c0752e8,,d,,wall,95% simultaneous over 128 contrasts,10000.0
gpt2-medium,own_minus_downstream,0.0002608267783373,-0.0015554955790565,0.0020771491357311,,153,,,,results/R1/position_terms_20260926/position_simultaneous.json,adc04054ea5ad55b5dd5f1be2d70ca4c1d3c62b2b9371defd5cc3cd16c0752e8,,d,,wall,95% simultaneous over 128 contrasts,10000.0
gpt2-xl,unique_own,2.056259269731854e-05,-0.0008534402788515,0.0008945654642462,,153,,,,results/R1/position_terms_20260926/position_simultaneous.json,adc04054ea5ad55b5dd5f1be2d70ca4c1d3c62b2b9371defd5cc3cd16c0752e8,,d,,wall,95% simultaneous over 128 contrasts,10000.0
gpt2-xl,unique_downstream,-0.000239958652892,-0.0008903716890179,0.0004104543832339,,153,,,,results/R1/position_terms_20260926/position_simultaneous.json,adc04054ea5ad55b5dd5f1be2d70ca4c1d3c62b2b9371defd5cc3cd16c0752e8,,d,,wall,95% simultaneous over 128 contrasts,10000.0
gpt2-xl,joint_over_full,-0.0003030938020285,-0.0019920707278263,0.0013858831237691,,153,,,,results/R1/position_terms_20260926/position_simultaneous.json,adc04054ea5ad55b5dd5f1be2d70ca4c1d3c62b2b9371defd5cc3cd16c0752e8,,d,,wall,95% simultaneous over 128 contrasts,10000.0
gpt2-xl,own_minus_downstream,0.0002605212455893,-0.0008215575923094,0.001342600083488,,153,,,,results/R1/position_terms_20260926/position_simultaneous.json,adc04054ea5ad55b5dd5f1be2d70ca4c1d3c62b2b9371defd5cc3cd16c0752e8,,d,,wall,95% simultaneous over 128 contrasts,10000.0
instructprotein,unique_own,0.0012737324333489,-0.0078393672222281,0.010386832088926,,156,,,,results/R1/position_terms_20260926/position_simultaneous.json,adc04054ea5ad55b5dd5f1be2d70ca4c1d3c62b2b9371defd5cc3cd16c0752e8,,d,,wall,95% simultaneous over 128 contrasts,10000.0
instructprotein,unique_downstream,-0.0017567115706733,-0.0177284571688835,0.0142150340275368,,156,,,,results/R1/position_terms_20260926/position_simultaneous.json,adc04054ea5ad55b5dd5f1be2d70ca4c1d3c62b2b9371defd5cc3cd16c0752e8,,d,,wall,95% simultaneous over 128 contrasts,10000.0
instructprotein,joint_over_full,0.0012675678659245,-0.0012614769401159,0.0037966126719651,,156,,,,results/R1/position_terms_20260926/position_simultaneous.json,adc04054ea5ad55b5dd5f1be2d70ca4c1d3c62b2b9371defd5cc3cd16c0752e8,,d,,wall,95% simultaneous over 128 contrasts,10000.0
instructprotein,own_minus_downstream,0.0030304440040222,-0.0068649874018004,0.0129258754098449,,156,,,,results/R1/position_terms_20260926/position_simultaneous.json,adc04054ea5ad55b5dd5f1be2d70ca4c1d3c62b2b9371defd5cc3cd16c0752e8,,d,,wall,95% simultaneous over 128 contrasts,10000.0
llama-2-7b,unique_own,0.0006051843821186,-0.0008351833235018,0.0020455520877392,,154,,,,results/R1/position_terms_20260926/position_simultaneous.json,adc04054ea5ad55b5dd5f1be2d70ca4c1d3c62b2b9371defd5cc3cd16c0752e8,,d,,wall,95% simultaneous over 128 contrasts,10000.0
llama-2-7b,unique_downstream,-0.0009077143873439,-0.0025337851792287,0.0007183564045407,,154,,,,results/R1/position_terms_20260926/position_simultaneous.json,adc04054ea5ad55b5dd5f1be2d70ca4c1d3c62b2b9371defd5cc3cd16c0752e8,,d,,wall,95% simultaneous over 128 contrasts,10000.0
llama-2-7b,joint_over_full,-0.0006570666150291,-0.0033421265249943,0.002027993294936,,154,,,,results/R1/position_terms_20260926/position_simultaneous.json,adc04054ea5ad55b5dd5f1be2d70ca4c1d3c62b2b9371defd5cc3cd16c0752e8,,d,,wall,95% simultaneous over 128 contrasts,10000.0
llama-2-7b,own_minus_downstream,0.0015128987694626,-0.0005838105848433,0.0036096081237686,,154,,,,results/R1/position_terms_20260926/position_simultaneous.json,adc04054ea5ad55b5dd5f1be2d70ca4c1d3c62b2b9371defd5cc3cd16c0752e8,,d,,wall,95% simultaneous over 128 contrasts,10000.0
llama-3.2-3b,unique_own,-8.825934715819001e-05,-0.0010098021445032,0.0008332834501868,,154,,,,results/R1/position_terms_20260926/position_simultaneous.json,adc04054ea5ad55b5dd5f1be2d70ca4c1d3c62b2b9371defd5cc3cd16c0752e8,,d,,wall,95% simultaneous over 128 contrasts,10000.0
llama-3.2-3b,unique_downstream,4.322640430952444e-05,-0.0006629939915468,0.0007494468001658,,154,,,,results/R1/position_terms_20260926/position_simultaneous.json,adc04054ea5ad55b5dd5f1be2d70ca4c1d3c62b2b9371defd5cc3cd16c0752e8,,d,,wall,95% simultaneous over 128 contrasts,10000.0
llama-3.2-3b,joint_over_full,-0.0001772236735087,-0.0011033916356,0.0007489442885825,,154,,,,results/R1/position_terms_20260926/position_simultaneous.json,adc04054ea5ad55b5dd5f1be2d70ca4c1d3c62b2b9371defd5cc3cd16c0752e8,,d,,wall,95% simultaneous over 128 contrasts,10000.0
llama-3.2-3b,own_minus_downstream,-0.0001314857514677,-0.0011040716473065,0.0008411001443711,,154,,,,results/R1/position_terms_20260926/position_simultaneous.json,adc04054ea5ad55b5dd5f1be2d70ca4c1d3c62b2b9371defd5cc3cd16c0752e8,,d,,wall,95% simultaneous over 128 contrasts,10000.0
progen2-base,unique_own,0.0129394327175086,0.0026562609443358,0.0232226044906815,,156,,,,results/R1/position_terms_20260926/position_simultaneous.json,adc04054ea5ad55b5dd5f1be2d70ca4c1d3c62b2b9371defd5cc3cd16c0752e8,,d,,wall,95% simultaneous over 128 contrasts,10000.0
progen2-base,unique_downstream,0.0091368145840667,-0.0014874889332144,0.019761118101348,,156,,,,results/R1/position_terms_20260926/position_simultaneous.json,adc04054ea5ad55b5dd5f1be2d70ca4c1d3c62b2b9371defd5cc3cd16c0752e8,,d,,wall,95% simultaneous over 128 contrasts,10000.0
progen2-base,joint_over_full,0.0046131534495645,-0.0042233876318085,0.0134496945309375,,156,,,,results/R1/position_terms_20260926/position_simultaneous.json,adc04054ea5ad55b5dd5f1be2d70ca4c1d3c62b2b9371defd5cc3cd16c0752e8,,d,,wall,95% simultaneous over 128 contrasts,10000.0
progen2-base,own_minus_downstream,0.0038026181334419,-0.0140726568256382,0.021677893092522,,156,,,,results/R1/position_terms_20260926/position_simultaneous.json,adc04054ea5ad55b5dd5f1be2d70ca4c1d3c62b2b9371defd5cc3cd16c0752e8,,d,,wall,95% simultaneous over 128 contrasts,10000.0
progen2-large,unique_own,0.0074094085593135,0.0005956425262338,0.0142231745923932,,156,,,,results/R1/position_terms_20260926/position_simultaneous.json,adc04054ea5ad55b5dd5f1be2d70ca4c1d3c62b2b9371defd5cc3cd16c0752e8,,d,,wall,95% simultaneous over 128 contrasts,10000.0
progen2-large,unique_downstream,0.0150216589998877,0.0019511139554055,0.02809220404437,,156,,,,results/R1/position_terms_20260926/position_simultaneous.json,adc04054ea5ad55b5dd5f1be2d70ca4c1d3c62b2b9371defd5cc3cd16c0752e8,,d,,wall,95% simultaneous over 128 contrasts,10000.0
progen2-large,joint_over_full,0.005983118000579,-0.003464073912971,0.0154303099141291,,156,,,,results/R1/position_terms_20260926/position_simultaneous.json,adc04054ea5ad55b5dd5f1be2d70ca4c1d3c62b2b9371defd5cc3cd16c0752e8,,d,,wall,95% simultaneous over 128 contrasts,10000.0
progen2-large,own_minus_downstream,-0.0076122504405741,-0.022890678446388,0.0076661775652397,,156,,,,results/R1/position_terms_20260926/position_simultaneous.json,adc04054ea5ad55b5dd5f1be2d70ca4c1d3c62b2b9371defd5cc3cd16c0752e8,,d,,wall,95% simultaneous over 128 contrasts,10000.0
progen2-medium,unique_own,0.0084819635700473,0.0013824130956143,0.0155815140444803,,156,,,,results/R1/position_terms_20260926/position_simultaneous.json,adc04054ea5ad55b5dd5f1be2d70ca4c1d3c62b2b9371defd5cc3cd16c0752e8,,d,,wall,95% simultaneous over 128 contrasts,10000.0
progen2-medium,unique_downstream,0.0128684250886484,0.0034626836983513,0.0222741664789454,,156,,,,results/R1/position_terms_20260926/position_simultaneous.json,adc04054ea5ad55b5dd5f1be2d70ca4c1d3c62b2b9371defd5cc3cd16c0752e8,,d,,wall,95% simultaneous over 128 contrasts,10000.0
progen2-medium,joint_over_full,0.009434897064869,-0.0073943692793488,0.0262641634090869,,156,,,,results/R1/position_terms_20260926/position_simultaneous.json,adc04054ea5ad55b5dd5f1be2d70ca4c1d3c62b2b9371defd5cc3cd16c0752e8,,d,,wall,95% simultaneous over 128 contrasts,10000.0
progen2-medium,own_minus_downstream,-0.004386461518601,-0.0149203979422879,0.0061474749050857,,156,,,,results/R1/position_terms_20260926/position_simultaneous.json,adc04054ea5ad55b5dd5f1be2d70ca4c1d3c62b2b9371defd5cc3cd16c0752e8,,d,,wall,95% simultaneous over 128 contrasts,10000.0
progen2-small,unique_own,-0.0003164170415104,-0.0102463192786326,0.0096134851956118,,156,,,,results/R1/position_terms_20260926/position_simultaneous.json,adc04054ea5ad55b5dd5f1be2d70ca4c1d3c62b2b9371defd5cc3cd16c0752e8,,d,,wall,95% simultaneous over 128 contrasts,10000.0
progen2-small,unique_downstream,0.0061068767439973,-0.0181066129257933,0.030320366413788,,156,,,,results/R1/position_terms_20260926/position_simultaneous.json,adc04054ea5ad55b5dd5f1be2d70ca4c1d3c62b2b9371defd5cc3cd16c0752e8,,d,,wall,95% simultaneous over 128 contrasts,10000.0
progen2-small,joint_over_full,0.0007034729505904,-0.0023498164456501,0.0037567623468311,,156,,,,results/R1/position_terms_20260926/position_simultaneous.json,adc04054ea5ad55b5dd5f1be2d70ca4c1d3c62b2b9371defd5cc3cd16c0752e8,,d,,wall,95% simultaneous over 128 contrasts,10000.0
progen2-small,own_minus_downstream,-0.0064232937855077,-0.0243645173908686,0.011517929819853,,156,,,,results/R1/position_terms_20260926/position_simultaneous.json,adc04054ea5ad55b5dd5f1be2d70ca4c1d3c62b2b9371defd5cc3cd16c0752e8,,d,,wall,95% simultaneous over 128 contrasts,10000.0
progen2-xlarge,unique_own,0.0111174253423863,0.0030424687266438,0.0191923819581289,,156,,,,results/R1/position_terms_20260926/position_simultaneous.json,adc04054ea5ad55b5dd5f1be2d70ca4c1d3c62b2b9371defd5cc3cd16c0752e8,,d,,wall,95% simultaneous over 128 contrasts,10000.0
progen2-xlarge,unique_downstream,0.0110721493496176,0.0039164225791597,0.0182278761200756,,156,,,,results/R1/position_terms_20260926/position_simultaneous.json,adc04054ea5ad55b5dd5f1be2d70ca4c1d3c62b2b9371defd5cc3cd16c0752e8,,d,,wall,95% simultaneous over 128 contrasts,10000.0
progen2-xlarge,joint_over_full,0.0037836623380709,-0.0001983611459019,0.0077656858220439,,156,,,,results/R1/position_terms_20260926/position_simultaneous.json,adc04054ea5ad55b5dd5f1be2d70ca4c1d3c62b2b9371defd5cc3cd16c0752e8,,d,,wall,95% simultaneous over 128 contrasts,10000.0
progen2-xlarge,own_minus_downstream,4.527599276870964e-05,-0.0100928665879732,0.0101834185735106,,156,,,,results/R1/position_terms_20260926/position_simultaneous.json,adc04054ea5ad55b5dd5f1be2d70ca4c1d3c62b2b9371defd5cc3cd16c0752e8,,d,,wall,95% simultaneous over 128 contrasts,10000.0
progen3-112m,unique_own,-0.0003375743705497,-0.0088262960739852,0.0081511473328857,,156,,,,results/R1/position_terms_20260926/position_simultaneous.json,adc04054ea5ad55b5dd5f1be2d70ca4c1d3c62b2b9371defd5cc3cd16c0752e8,,d,,wall,95% simultaneous over 128 contrasts,10000.0
progen3-112m,unique_downstream,0.007420337140601,-0.0038256266252296,0.0186663009064318,,156,,,,results/R1/position_terms_20260926/position_simultaneous.json,adc04054ea5ad55b5dd5f1be2d70ca4c1d3c62b2b9371defd5cc3cd16c0752e8,,d,,wall,95% simultaneous over 128 contrasts,10000.0
progen3-112m,joint_over_full,-0.0005396077651799,-0.0088539473587001,0.0077747318283402,,156,,,,results/R1/position_terms_20260926/position_simultaneous.json,adc04054ea5ad55b5dd5f1be2d70ca4c1d3c62b2b9371defd5cc3cd16c0752e8,,d,,wall,95% simultaneous over 128 contrasts,10000.0
progen3-112m,own_minus_downstream,-0.0077579115111508,-0.0165831708093741,0.0010673477870724,,156,,,,results/R1/position_terms_20260926/position_simultaneous.json,adc04054ea5ad55b5dd5f1be2d70ca4c1d3c62b2b9371defd5cc3cd16c0752e8,,d,,wall,95% simultaneous over 128 contrasts,10000.0
prollama,unique_own,-1.394997163904368e-05,-0.0010352875647289,0.0010073876214508,,154,,,,results/R1/position_terms_20260926/position_simultaneous.json,adc04054ea5ad55b5dd5f1be2d70ca4c1d3c62b2b9371defd5cc3cd16c0752e8,,d,,wall,95% simultaneous over 128 contrasts,10000.0
prollama,unique_downstream,0.0022444782312061,-0.0031893564981227,0.0076783129605351,,154,,,,results/R1/position_terms_20260926/position_simultaneous.json,adc04054ea5ad55b5dd5f1be2d70ca4c1d3c62b2b9371defd5cc3cd16c0752e8,,d,,wall,95% simultaneous over 128 contrasts,10000.0
prollama,joint_over_full,0.0013324340565479,-0.0022689782497896,0.0049338463628855,,154,,,,results/R1/position_terms_20260926/position_simultaneous.json,adc04054ea5ad55b5dd5f1be2d70ca4c1d3c62b2b9371defd5cc3cd16c0752e8,,d,,wall,95% simultaneous over 128 contrasts,10000.0
prollama,own_minus_downstream,-0.0022584282028452,-0.0076857621309569,0.0031689057252665,,154,,,,results/R1/position_terms_20260926/position_simultaneous.json,adc04054ea5ad55b5dd5f1be2d70ca4c1d3c62b2b9371defd5cc3cd16c0752e8,,d,,wall,95% simultaneous over 128 contrasts,10000.0
prollama-stage-1,unique_own,-0.0001709197091042,-0.001958073102566,0.0016162336843576,,154,,,,results/R1/position_terms_20260926/position_simultaneous.json,adc04054ea5ad55b5dd5f1be2d70ca4c1d3c62b2b9371defd5cc3cd16c0752e8,,d,,wall,95% simultaneous over 128 contrasts,10000.0
prollama-stage-1,unique_downstream,0.0026116967200262,-0.0027194294965768,0.0079428229366293,,154,,,,results/R1/position_terms_20260926/position_simultaneous.json,adc04054ea5ad55b5dd5f1be2d70ca4c1d3c62b2b9371defd5cc3cd16c0752e8,,d,,wall,95% simultaneous over 128 contrasts,10000.0
prollama-stage-1,joint_over_full,0.0020613002763492,-0.002226616228271,0.0063492167809695,,154,,,,results/R1/position_terms_20260926/position_simultaneous.json,adc04054ea5ad55b5dd5f1be2d70ca4c1d3c62b2b9371defd5cc3cd16c0752e8,,d,,wall,95% simultaneous over 128 contrasts,10000.0
prollama-stage-1,own_minus_downstream,-0.0027826164291305,-0.0086212954364977,0.0030560625782367,,154,,,,results/R1/position_terms_20260926/position_simultaneous.json,adc04054ea5ad55b5dd5f1be2d70ca4c1d3c62b2b9371defd5cc3cd16c0752e8,,d,,wall,95% simultaneous over 128 contrasts,10000.0
proteinglm-7b-clm,unique_own,0.0162081063941088,-0.0012510585462183,0.033667271334436,,156,,,,results/R1/position_terms_20260926/position_simultaneous.json,adc04054ea5ad55b5dd5f1be2d70ca4c1d3c62b2b9371defd5cc3cd16c0752e8,,d,,wall,95% simultaneous over 128 contrasts,10000.0
proteinglm-7b-clm,unique_downstream,0.0126354384251362,0.0035270111937395,0.021743865656533,,156,,,,results/R1/position_terms_20260926/position_simultaneous.json,adc04054ea5ad55b5dd5f1be2d70ca4c1d3c62b2b9371defd5cc3cd16c0752e8,,d,,wall,95% simultaneous over 128 contrasts,10000.0
proteinglm-7b-clm,joint_over_full,0.0115781142427772,-0.0124633250749753,0.0356195535605299,,156,,,,results/R1/position_terms_20260926/position_simultaneous.json,adc04054ea5ad55b5dd5f1be2d70ca4c1d3c62b2b9371defd5cc3cd16c0752e8,,d,,wall,95% simultaneous over 128 contrasts,10000.0
proteinglm-7b-clm,own_minus_downstream,0.0035726679689725,-0.0154993768942117,0.0226447128321569,,156,,,,results/R1/position_terms_20260926/position_simultaneous.json,adc04054ea5ad55b5dd5f1be2d70ca4c1d3c62b2b9371defd5cc3cd16c0752e8,,d,,wall,95% simultaneous over 128 contrasts,10000.0
protgpt2,unique_own,0.0115310442482538,0.0019430643658012,0.0211190241307064,,154,,,,results/R1/position_terms_20260926/position_simultaneous.json,adc04054ea5ad55b5dd5f1be2d70ca4c1d3c62b2b9371defd5cc3cd16c0752e8,,d,,wall,95% simultaneous over 128 contrasts,10000.0
protgpt2,unique_downstream,0.007190314908129,0.0007285964163275,0.0136520333999305,,154,,,,results/R1/position_terms_20260926/position_simultaneous.json,adc04054ea5ad55b5dd5f1be2d70ca4c1d3c62b2b9371defd5cc3cd16c0752e8,,d,,wall,95% simultaneous over 128 contrasts,10000.0
protgpt2,joint_over_full,-8.707255589100397e-05,-0.0056620179318118,0.0054878728200298,,154,,,,results/R1/position_terms_20260926/position_simultaneous.json,adc04054ea5ad55b5dd5f1be2d70ca4c1d3c62b2b9371defd5cc3cd16c0752e8,,d,,wall,95% simultaneous over 128 contrasts,10000.0
protgpt2,own_minus_downstream,0.0043407293401247,-0.0075597935022003,0.0162412521824499,,154,,,,results/R1/position_terms_20260926/position_simultaneous.json,adc04054ea5ad55b5dd5f1be2d70ca4c1d3c62b2b9371defd5cc3cd16c0752e8,,d,,wall,95% simultaneous over 128 contrasts,10000.0
protgpt3-1.3b,unique_own,0.0032076885034271,-0.0005850981849339,0.0070004751917881,,156,,,,results/R1/position_terms_20260926/position_simultaneous.json,adc04054ea5ad55b5dd5f1be2d70ca4c1d3c62b2b9371defd5cc3cd16c0752e8,,d,,wall,95% simultaneous over 128 contrasts,10000.0
protgpt3-1.3b,unique_downstream,0.0116857286527897,0.0049725191850141,0.0183989381205653,,156,,,,results/R1/position_terms_20260926/position_simultaneous.json,adc04054ea5ad55b5dd5f1be2d70ca4c1d3c62b2b9371defd5cc3cd16c0752e8,,d,,wall,95% simultaneous over 128 contrasts,10000.0
protgpt3-1.3b,joint_over_full,0.0059685213625006,-0.0030040015561219,0.0149410442811232,,156,,,,results/R1/position_terms_20260926/position_simultaneous.json,adc04054ea5ad55b5dd5f1be2d70ca4c1d3c62b2b9371defd5cc3cd16c0752e8,,d,,wall,95% simultaneous over 128 contrasts,10000.0
protgpt3-1.3b,own_minus_downstream,-0.0084780401493626,-0.0152615157661568,-0.0016945645325684,,156,,,,results/R1/position_terms_20260926/position_simultaneous.json,adc04054ea5ad55b5dd5f1be2d70ca4c1d3c62b2b9371defd5cc3cd16c0752e8,,d,,wall,95% simultaneous over 128 contrasts,10000.0
qwen2.5-0.5b,unique_own,0.0001564115041327,-0.0002918193031956,0.0006046423114612,,154,,,,results/R1/position_terms_20260926/position_simultaneous.json,adc04054ea5ad55b5dd5f1be2d70ca4c1d3c62b2b9371defd5cc3cd16c0752e8,,d,,wall,95% simultaneous over 128 contrasts,10000.0
qwen2.5-0.5b,unique_downstream,-0.0005259221157078,-0.0021005979673338,0.0010487537359182,,154,,,,results/R1/position_terms_20260926/position_simultaneous.json,adc04054ea5ad55b5dd5f1be2d70ca4c1d3c62b2b9371defd5cc3cd16c0752e8,,d,,wall,95% simultaneous over 128 contrasts,10000.0
qwen2.5-0.5b,joint_over_full,-0.0002750588804032,-0.0016429701501777,0.0010928523893712,,154,,,,results/R1/position_terms_20260926/position_simultaneous.json,adc04054ea5ad55b5dd5f1be2d70ca4c1d3c62b2b9371defd5cc3cd16c0752e8,,d,,wall,95% simultaneous over 128 contrasts,10000.0
qwen2.5-0.5b,own_minus_downstream,0.0006823336198405,-0.000932364720229,0.0022970319599102,,154,,,,results/R1/position_terms_20260926/position_simultaneous.json,adc04054ea5ad55b5dd5f1be2d70ca4c1d3c62b2b9371defd5cc3cd16c0752e8,,d,,wall,95% simultaneous over 128 contrasts,10000.0
qwen2.5-0.5b-instruct,unique_own,0.0001140853792231,-0.0007969221890982,0.0010250929475445,,154,,,,results/R1/position_terms_20260926/position_simultaneous.json,adc04054ea5ad55b5dd5f1be2d70ca4c1d3c62b2b9371defd5cc3cd16c0752e8,,d,,wall,95% simultaneous over 128 contrasts,10000.0
qwen2.5-0.5b-instruct,unique_downstream,-0.0003606144408899,-0.0010224994377553,0.0003012705559754,,154,,,,results/R1/position_terms_20260926/position_simultaneous.json,adc04054ea5ad55b5dd5f1be2d70ca4c1d3c62b2b9371defd5cc3cd16c0752e8,,d,,wall,95% simultaneous over 128 contrasts,10000.0
qwen2.5-0.5b-instruct,joint_over_full,-0.0002045767577893,-0.0012693040071638,0.0008601504915851,,154,,,,results/R1/position_terms_20260926/position_simultaneous.json,adc04054ea5ad55b5dd5f1be2d70ca4c1d3c62b2b9371defd5cc3cd16c0752e8,,d,,wall,95% simultaneous over 128 contrasts,10000.0
qwen2.5-0.5b-instruct,own_minus_downstream,0.000474699820113,-0.0005195931042708,0.0014689927444969,,154,,,,results/R1/position_terms_20260926/position_simultaneous.json,adc04054ea5ad55b5dd5f1be2d70ca4c1d3c62b2b9371defd5cc3cd16c0752e8,,d,,wall,95% simultaneous over 128 contrasts,10000.0
qwen2.5-32b,unique_own,-0.0001763218196766,-0.0010716418751468,0.0007189982357935,,154,,,,results/R1/position_terms_20260926/position_simultaneous.json,adc04054ea5ad55b5dd5f1be2d70ca4c1d3c62b2b9371defd5cc3cd16c0752e8,,d,,wall,95% simultaneous over 128 contrasts,10000.0
qwen2.5-32b,unique_downstream,-0.0002029805854578,-0.0012084765154289,0.0008025153445131,,154,,,,results/R1/position_terms_20260926/position_simultaneous.json,adc04054ea5ad55b5dd5f1be2d70ca4c1d3c62b2b9371defd5cc3cd16c0752e8,,d,,wall,95% simultaneous over 128 contrasts,10000.0
qwen2.5-32b,joint_over_full,-0.000113725652872,-0.0013646117158143,0.0011371604100701,,154,,,,results/R1/position_terms_20260926/position_simultaneous.json,adc04054ea5ad55b5dd5f1be2d70ca4c1d3c62b2b9371defd5cc3cd16c0752e8,,d,,wall,95% simultaneous over 128 contrasts,10000.0
qwen2.5-32b,own_minus_downstream,2.6658765781246555e-05,-0.0011352870165396,0.0011886045481021,,154,,,,results/R1/position_terms_20260926/position_simultaneous.json,adc04054ea5ad55b5dd5f1be2d70ca4c1d3c62b2b9371defd5cc3cd16c0752e8,,d,,wall,95% simultaneous over 128 contrasts,10000.0
qwen2.5-7b,unique_own,0.0004583870091568,-0.0008505403120993,0.0017673143304131,,154,,,,results/R1/position_terms_20260926/position_simultaneous.json,adc04054ea5ad55b5dd5f1be2d70ca4c1d3c62b2b9371defd5cc3cd16c0752e8,,d,,wall,95% simultaneous over 128 contrasts,10000.0
qwen2.5-7b,unique_downstream,0.0004606198169272,-0.0005361506256606,0.001457390259515,,154,,,,results/R1/position_terms_20260926/position_simultaneous.json,adc04054ea5ad55b5dd5f1be2d70ca4c1d3c62b2b9371defd5cc3cd16c0752e8,,d,,wall,95% simultaneous over 128 contrasts,10000.0
qwen2.5-7b,joint_over_full,0.0007582589019245,-0.0006020029842404,0.0021185207880894,,154,,,,results/R1/position_terms_20260926/position_simultaneous.json,adc04054ea5ad55b5dd5f1be2d70ca4c1d3c62b2b9371defd5cc3cd16c0752e8,,d,,wall,95% simultaneous over 128 contrasts,10000.0
qwen2.5-7b,own_minus_downstream,-2.2328077703089058e-06,-0.0014297119429873,0.0014252463274467,,154,,,,results/R1/position_terms_20260926/position_simultaneous.json,adc04054ea5ad55b5dd5f1be2d70ca4c1d3c62b2b9371defd5cc3cd16c0752e8,,d,,wall,95% simultaneous over 128 contrasts,10000.0
qwen3-8b-base,unique_own,-0.0001274633863105,-0.0009351805503779,0.0006802537777569,,154,,,,results/R1/position_terms_20260926/position_simultaneous.json,adc04054ea5ad55b5dd5f1be2d70ca4c1d3c62b2b9371defd5cc3cd16c0752e8,,d,,wall,95% simultaneous over 128 contrasts,10000.0
qwen3-8b-base,unique_downstream,-0.0003950202439879,-0.0016294666687121,0.0008394261807362,,154,,,,results/R1/position_terms_20260926/position_simultaneous.json,adc04054ea5ad55b5dd5f1be2d70ca4c1d3c62b2b9371defd5cc3cd16c0752e8,,d,,wall,95% simultaneous over 128 contrasts,10000.0
qwen3-8b-base,joint_over_full,2.1940653303084106e-05,-0.0005777424243528,0.0006216237309589,,154,,,,results/R1/position_terms_20260926/position_simultaneous.json,adc04054ea5ad55b5dd5f1be2d70ca4c1d3c62b2b9371defd5cc3cd16c0752e8,,d,,wall,95% simultaneous over 128 contrasts,10000.0
qwen3-8b-base,own_minus_downstream,0.0002675568576774,-0.0010340153670834,0.0015691290824382,,154,,,,results/R1/position_terms_20260926/position_simultaneous.json,adc04054ea5ad55b5dd5f1be2d70ca4c1d3c62b2b9371defd5cc3cd16c0752e8,,d,,wall,95% simultaneous over 128 contrasts,10000.0
rita-xl,unique_own,0.0122190663947933,0.0018778881499767,0.0225602446396098,,156,,,,results/R1/position_terms_20260926/position_simultaneous.json,adc04054ea5ad55b5dd5f1be2d70ca4c1d3c62b2b9371defd5cc3cd16c0752e8,,d,,wall,95% simultaneous over 128 contrasts,10000.0
rita-xl,unique_downstream,0.0056380015432965,-0.0034070933529516,0.0146830964395446,,156,,,,results/R1/position_terms_20260926/position_simultaneous.json,adc04054ea5ad55b5dd5f1be2d70ca4c1d3c62b2b9371defd5cc3cd16c0752e8,,d,,wall,95% simultaneous over 128 contrasts,10000.0
rita-xl,joint_over_full,0.0080996507131331,-0.0077042691249393,0.0239035705512056,,156,,,,results/R1/position_terms_20260926/position_simultaneous.json,adc04054ea5ad55b5dd5f1be2d70ca4c1d3c62b2b9371defd5cc3cd16c0752e8,,d,,wall,95% simultaneous over 128 contrasts,10000.0
rita-xl,own_minus_downstream,0.0065810648514968,-0.0070572868124444,0.020219416515438,,156,,,,results/R1/position_terms_20260926/position_simultaneous.json,adc04054ea5ad55b5dd5f1be2d70ca4c1d3c62b2b9371defd5cc3cd16c0752e8,,d,,wall,95% simultaneous over 128 contrasts,10000.0
