arm,interface_stratum,fold_seed,n_assays,n_units,n_variants,readout_minus_likelihood,readout_minus_likelihood_ci_low,readout_minus_likelihood_ci_high,readout_minus_likelihood_excludes_zero,unit,bootstrap_resamples,representation_increment,representation_increment_ci_low,representation_increment_ci_high,representation_increment_excludes_zero,matched_baseline,matched_baseline_ci_low,matched_baseline_ci_high,matched_baseline_excludes_zero,native_likelihood,native_likelihood_ci_low,native_likelihood_ci_high,native_likelihood_excludes_zero,source_path,source_sha256,source_pointer,panel,axis,block,blocks,relative_depth,increment_min,increment_max,interface,resolved_at_every_seed,endpoint,estimate,ci_low,ci_high,split_seed,baseline
llama-2-7b,native_sequence,20260923.0,201.0,163.0,25728.0,0.1417567729624988,0.1060437207336604,0.1754580131326764,True,wild-type family at 50% identity,2000.0,-0.0166664387133849,-0.0274056051248649,-0.0069945773081494,True,0.4361654012269075,0.406464509913478,0.4653697154512485,True,-0.0096077001275822,-0.0291745531157511,0.0095723207604114,False,results/R2/readout_expansion_20260923/complete/results/external_baseline/20260923105347_9e1188dbfcda/readout_analysis_llama2_parent_common/readout_llama-2-7b_common.json,e6914c5b1db4bcfbf023ab5223c5541128f67ebf2a144cde9968d67027022408,summaries,a,,,,,,,,,,,,,,
progen3-3b,native_sequence,20260923.0,201.0,163.0,25728.0,0.0212944602098874,-1.703679332961905e-05,0.0428608116770374,False,wild-type family at 50% identity,2000.0,0.017362455472233,0.0066706487664895,0.0283447496557345,True,0.4757849135002917,0.4469929709220237,0.5051140599261323,True,0.3786640400394588,0.3513618733655301,0.4052872360100958,True,results/R2/readout_expansion_20260923/complete/results/external_baseline/20260923105347_9e1188dbfcda/readout_analysis_progen3_3b_common/readout_progen3-3b_common.json,a596d4a9db6b3bfc89cd6999f445110391c916c7e0aff540f345d77d1bf98a9d,summaries,a,,,,,,,,,,,,,,
prollama-stage-1,native_sequence,20260923.0,201.0,163.0,25728.0,0.0884369050107709,0.0531063270237161,0.1238867197222919,True,wild-type family at 50% identity,2000.0,-0.0061190395758865,-0.0211029951292396,0.0083741392340836,False,0.440206119689405,0.410360839632072,0.469044753851,True,0.1433810356555883,0.1145592750465939,0.1710090655508528,True,results/R2/readout_expansion_20260923/complete/results/external_baseline/20260923105347_9e1188dbfcda/readout_analysis_prollama_stage1_common/readout_prollama-stage-1_common.json,25e44aa69dc7f722a15bdc1e2370dc57d7b145e4618b75813858a5efaeffecef,summaries,a,,,,,,,,,,,,,,
prollama,native_sequence,20260923.0,201.0,163.0,25728.0,0.08507237521197,0.0531536380881351,0.1171638435345495,True,wild-type family at 50% identity,2000.0,-0.0070403852130681,-0.0219274130423965,0.0076539612771593,False,0.440792169877717,0.411009432460507,0.4699527785066906,True,0.1559516138322564,0.1267366875622752,0.1848223530258455,True,results/R2/readout_expansion_20260923/complete/results/external_baseline/20260923105347_9e1188dbfcda/readout_analysis_prollama_stage2_common/readout_prollama_common.json,f37ac7a617ec86186ac558f5ee19c905df731080d4e06ab935bf81aaff576518,summaries,a,,,,,,,,,,,,,,
proteinglm-7b-clm,native_sequence,20260923.0,201.0,163.0,25728.0,0.0490693217195889,0.022132508138003,0.0760578313456157,True,wild-type family at 50% identity,2000.0,0.0197002630928054,0.009419662447576,0.0297078296733451,True,0.4856947548390529,0.4554953142609164,0.5151891259388544,True,0.3898396319847405,0.3616066959258284,0.4166874680903119,True,results/R2/readout_expansion_20260923/complete/results/external_baseline/20260923105347_9e1188dbfcda/readout_analysis_proteinglm_common/readout_proteinglm-7b-clm_common.json,192074686108666dc87a92974821d36e249ce26a341b1f1b6c3c68b839465e7a,summaries,a,,,,,,,,,,,,,,
galactica-1.3b,native_sequence,20260923.0,201.0,163.0,25728.0,0.1414615824125357,0.1058137395036547,0.1772658944653417,True,wild-type family at 50% identity,2000.0,-0.0103311347816274,-0.0232789634347036,0.0028220382011548,False,0.4361648788704416,0.4062525808357144,0.4655274048157824,True,0.0475390400552302,0.0256702823564742,0.0691503348307854,True,results/R2/readout_expansion_20260923/complete/results/external_baseline/20260923122648_b8656cd05924/readout_expand_analysis_galactica_1_3b_common/readout_galactica-1.3b_common.json,97223548850f8808e6d21f5bc7d8570907fe5e0108fbc5e1676dfe7b082c1cf0,summaries,a,,,,,,,,,,,,,,
galactica-6.7b,native_sequence,20260923.0,201.0,163.0,25728.0,0.1026036502758628,0.0618534433907206,0.1409642903446853,True,wild-type family at 50% identity,2000.0,-0.0079751743052866,-0.0204398778034645,0.0040907916426965,False,0.4365589746842745,0.4072158190550903,0.466369788497614,True,0.0844415341056642,0.0620747567647413,0.1064059933555112,True,results/R2/readout_expansion_20260923/complete/results/external_baseline/20260923122648_b8656cd05924/readout_expand_analysis_galactica_6_7b_common/readout_galactica-6.7b_common.json,7cbc433302f4fde38629b503b8d4419385f3586bebadbbd23346b3edb3cd033b,summaries,a,,,,,,,,,,,,,,
instructprotein,native_sequence,20260923.0,201.0,163.0,25728.0,-0.0159776110386578,-0.0481486855683377,0.0183185450254016,False,wild-type family at 50% identity,2000.0,-0.0094877504172332,-0.0220622902560794,0.0027720269670311,False,0.4489183868696205,0.4192194640130089,0.4778433637694305,True,0.2837233322201576,0.2550905530581627,0.3116303835035233,True,results/R2/readout_expansion_20260923/complete/results/external_baseline/20260923122648_b8656cd05924/readout_expand_analysis_instructprotein_common/readout_instructprotein_common.json,4e0e8e6180e9a4706ffe30a533e71c554acc9dd1675efe202443ac7f32819f2e,summaries,a,,,,,,,,,,,,,,
progen2-base,native_sequence,20260923.0,201.0,163.0,25728.0,-0.0038622150998693,-0.0373638122278813,0.0309296083108399,False,wild-type family at 50% identity,2000.0,0.0134125084638642,0.0009927359005682,0.0261711887333688,True,0.470125245802413,0.4405409029446142,0.4994194634896881,True,0.3563446339937354,0.3203545385422022,0.3903413531779653,True,results/R2/readout_expansion_20260923/complete/results/external_baseline/20260923122648_b8656cd05924/readout_expand_analysis_progen2_base_common/readout_progen2-base_common.json,97b242a3decc19e87d970dbfbfacd052b6572422ca5329832fd4c73d891dd530,summaries,a,,,,,,,,,,,,,,
progen2-large,native_sequence,20260923.0,201.0,163.0,25728.0,0.0259509372854986,0.0028356135643733,0.049838082798478,True,wild-type family at 50% identity,2000.0,0.0090629029790053,-0.0038206005840209,0.021476556820193,False,0.4725999186961379,0.443233671241878,0.5009562980370103,True,0.3661009210102314,0.3357777935100184,0.3941635653193898,True,results/R2/readout_expansion_20260923/complete/results/external_baseline/20260923122648_b8656cd05924/readout_expand_analysis_progen2_large_common/readout_progen2-large_common.json,88c6d577d027cedce3d13838e6557d355ad79c4e3c5dd39119660c859e290459,summaries,a,,,,,,,,,,,,,,
progen2-medium,native_sequence,20260923.0,201.0,163.0,25728.0,-0.0301521410490011,-0.0593172001137107,0.0011281375301667,False,wild-type family at 50% identity,2000.0,0.0098089015451676,-0.0019356147322582,0.0213240168064856,False,0.4713385451566295,0.4417231217136477,0.4991939545174666,True,0.3667830049093667,0.3362033341980484,0.3955216452345428,True,results/R2/readout_expansion_20260923/complete/results/external_baseline/20260923122648_b8656cd05924/readout_expand_analysis_progen2_medium_common/readout_progen2-medium_common.json,eb6e445d842a9e4ef12b8a7b8a78ce4f3235f220d80c39aef9773c622bf49962,summaries,a,,,,,,,,,,,,,,
progen2-small,native_sequence,20260923.0,201.0,163.0,25728.0,-0.0292197436014055,-0.0637001224382648,0.0043717159277705,False,wild-type family at 50% identity,2000.0,0.0124343599126806,-0.0002460326016862,0.0251527551883254,False,0.4602666523002389,0.431818245261549,0.4881948861436861,True,0.3187013608143584,0.2882251604053924,0.3476087872974015,True,results/R2/readout_expansion_20260923/complete/results/external_baseline/20260923122648_b8656cd05924/readout_expand_analysis_progen2_small_common/readout_progen2-small_common.json,716b592f3ef787aa25263966e58f11622581c12360533bd283a49fea87c03bf8,summaries,a,,,,,,,,,,,,,,
progen2-xlarge,native_sequence,20260923.0,201.0,163.0,25728.0,-0.0428645083769902,-0.0715924718035692,-0.0148533843599532,True,wild-type family at 50% identity,2000.0,0.0007459528333305,-0.0068766002665109,0.0082747024256585,False,0.4885327819430138,0.4594284345325216,0.517843566508103,True,0.3920577779917632,0.3643785506368989,0.4183911973190205,True,results/R2/readout_expansion_20260923/complete/results/external_baseline/20260923122648_b8656cd05924/readout_expand_analysis_progen2_xlarge_common/readout_progen2-xlarge_common.json,c517db78568d438db87edcdfd784d958addbcd36d646471a1e1eb0ca66d1fa2d,summaries,a,,,,,,,,,,,,,,
progen3-112m,native_sequence,20260923.0,201.0,163.0,25728.0,0.0324637188746901,-0.0049904520513135,0.073061259533485,False,wild-type family at 50% identity,2000.0,0.0066590348685164,-0.0064167148643547,0.0196505271592296,False,0.4525696669660097,0.4225421003269997,0.4820663082981469,True,0.2428349748309061,0.2093913828591717,0.2748690573276561,True,results/R2/readout_expansion_20260923/complete/results/external_baseline/20260923122648_b8656cd05924/readout_expand_analysis_progen3_112m_common/readout_progen3-112m_common.json,b0c276e36810c270e756e8e27cbf9521cf700c270a66692f1001554848494df1,summaries,a,,,,,,,,,,,,,,
protgpt2,native_sequence,20260923.0,201.0,163.0,25728.0,-0.0543317434686347,-0.0873071084187355,-0.0210314309581454,True,wild-type family at 50% identity,2000.0,0.0096217649465597,-0.0019905703171721,0.021411424370687,False,0.4646835633162539,0.4347226485210289,0.4929701265218579,True,0.3386467885341027,0.3087119476633061,0.3656540988320314,True,results/R2/readout_expansion_20260923/complete/results/external_baseline/20260923122648_b8656cd05924/readout_expand_analysis_protgpt2_common/readout_protgpt2_common.json,33b09d2630e380005e35144b8b3ef6bab8af7cc8fa9e617e5e89c3773a5f1ab7,summaries,a,,,,,,,,,,,,,,
rita-xl,native_sequence,20260923.0,201.0,163.0,25728.0,-0.0037913319932437,-0.0281345160744743,0.0234073093752691,False,wild-type family at 50% identity,2000.0,0.0077192865887479,-0.0020055315387087,0.0178530201652429,False,0.4643760406299098,0.4354420617139586,0.4926708616875461,True,0.3491213875924411,0.3200607713131455,0.3769912339880258,True,results/R2/readout_expansion_20260923/complete/results/external_baseline/20260923122648_b8656cd05924/readout_expand_analysis_rita_xl_common/readout_rita-xl_common.json,4f2a0433b783b14cbab3cf1833e4ee3cc197ea01eb5dbdc3d4e374231f2ba640,summaries,a,,,,,,,,,,,,,,
bygpt5-base-en,literal_text_AA,20260923.0,201.0,163.0,25728.0,0.1462810055574831,0.1082546471544224,0.1829358048527176,True,wild-type family at 50% identity,2000.0,-0.0212676377738183,-0.0350405579460988,-0.0076042244067321,True,0.435803450623572,0.4064282520010827,0.4649211055549677,True,-0.0032565685339013,-0.0232499764074614,0.0180395025106502,False,results/R2/readout_expansion_20260923/complete/results/external_baseline/20260923123458_7ce327eba51e/readout_expand_analysis_bygpt5_base_en_common/readout_bygpt5-base-en_common.json,4e386403d47516e7fdc6316610327a88dff58065d70e85061c10e8423f8624ed,summaries,a,,,,,,,,,,,,,,
bygpt5-small-en,literal_text_AA,20260923.0,201.0,163.0,25728.0,0.1654347632543775,0.1304926169584095,0.1993834552747167,True,wild-type family at 50% identity,2000.0,-0.0168812942887301,-0.0289747664486717,-0.0055179759197568,True,0.4359612410440923,0.4065082513090394,0.4651936235987154,True,-0.0103870194032818,-0.0286513791949804,0.0070544232984464,False,results/R2/readout_expansion_20260923/complete/results/external_baseline/20260923123458_7ce327eba51e/readout_expand_analysis_bygpt5_small_en_common/readout_bygpt5-small-en_common.json,c60fe5c9f07acf1c3cf3571e2fa7468999c5673cdcc3f1c436317c3ce0b2eea2,summaries,a,,,,,,,,,,,,,,
gpt2,literal_text_AA,20260923.0,201.0,163.0,25728.0,0.1192185204794325,0.0881770345498697,0.1519140432106145,True,wild-type family at 50% identity,2000.0,-0.0259417037617724,-0.0381701777799911,-0.0145858313616521,True,0.4362593560116984,0.4066161402144789,0.4656975856789124,True,-0.0043618140409249,-0.0228450532210129,0.0147782952880728,False,results/R2/readout_expansion_20260923/complete/results/external_baseline/20260923123458_7ce327eba51e/readout_expand_analysis_gpt2_common/readout_gpt2_common.json,b3a2fda34474c4505e39f18273dc8e8967171da9dc470d23e9e38a445893facb,summaries,a,,,,,,,,,,,,,,
gpt2-large,literal_text_AA,20260923.0,201.0,163.0,25728.0,0.1363085409731417,0.0998484292262633,0.1719126308488675,True,wild-type family at 50% identity,2000.0,-0.0289432137335349,-0.0414124834064996,-0.01742832306328,True,0.4368506062123338,0.4073962816078721,0.4659793648481038,True,-0.0159699995976687,-0.0356426450095066,0.0049318992671633,False,results/R2/readout_expansion_20260923/complete/results/external_baseline/20260923123458_7ce327eba51e/readout_expand_analysis_gpt2_large_common/readout_gpt2-large_common.json,b068cb061d680e0860e2f07e4d176e0b634a497bd206dd57b161bf6da56bd97e,summaries,a,,,,,,,,,,,,,,
gpt2-medium,literal_text_AA,20260923.0,201.0,163.0,25728.0,0.1052627759440165,0.0724532250553857,0.1365724901138298,True,wild-type family at 50% identity,2000.0,-0.0246829910690294,-0.0368525392868172,-0.0135514101691464,True,0.436073885608747,0.4064757659349055,0.4653639641327323,True,-0.003333976912385,-0.021652805089953,0.0148443950381416,False,results/R2/readout_expansion_20260923/complete/results/external_baseline/20260923123458_7ce327eba51e/readout_expand_analysis_gpt2_medium_common/readout_gpt2-medium_common.json,3bd4810e6002d84fed19a1f66d0c341740dd0299b86993b09ede9f0e4b1eb16f,summaries,a,,,,,,,,,,,,,,
gpt2-xl,literal_text_AA,20260923.0,201.0,163.0,25728.0,0.1234273353241616,0.0896317618265731,0.1553592350744088,True,wild-type family at 50% identity,2000.0,-0.0208298559535859,-0.0318922609558509,-0.0097738484394694,True,0.4360728616947805,0.4065803555852441,0.4652912385212014,True,-0.006883985346543,-0.028960254679448,0.0150091433912532,False,results/R2/readout_expansion_20260923/complete/results/external_baseline/20260923123458_7ce327eba51e/readout_expand_analysis_gpt2_xl_common/readout_gpt2-xl_common.json,7babb9455869362e4a3e508565eb74fe6187e5a9fca73f3c396e77313781d446,summaries,a,,,,,,,,,,,,,,
llama-3.2-3b,literal_text_AA,20260923.0,201.0,163.0,25728.0,0.0875530446650202,0.0576150015241741,0.1165423026642599,True,wild-type family at 50% identity,2000.0,-0.0211922606942333,-0.0321328438651096,-0.0107879383753162,True,0.4362875990458221,0.4067851923577699,0.4655597211541266,True,-0.0008580891672586,-0.0219737292018312,0.0198239549087432,False,results/R2/readout_expansion_20260923/complete/results/external_baseline/20260923123458_7ce327eba51e/readout_expand_analysis_llama_3_2_3b_common/readout_llama-3.2-3b_common.json,53f2b351fb1ab9c722d339c5bd6329cc4282da1ee772d423dad23d0dab396ef8,summaries,a,,,,,,,,,,,,,,
qwen2.5-0.5b,literal_text_AA,20260923.0,201.0,163.0,25728.0,0.0744244734779106,0.0443434645157791,0.1070170853298876,True,wild-type family at 50% identity,2000.0,-0.020601599816908,-0.0308645629538367,-0.0108922940204212,True,0.4359751506343163,0.4062377025402105,0.4651664335964831,True,0.0176982052991071,-0.0033933221225239,0.0362622704618322,False,results/R2/readout_expansion_20260923/complete/results/external_baseline/20260923123458_7ce327eba51e/readout_expand_analysis_qwen2_5_0_5b_common/readout_qwen2.5-0.5b_common.json,3e83bb5b1b4044b330ca34bf39314009c228e2e7abe0fd1b5f02948c4db44d2f,summaries,a,,,,,,,,,,,,,,
qwen2.5-0.5b-instruct,literal_text_AA,20260923.0,201.0,163.0,25728.0,0.0748267249315213,0.0459247367049616,0.1065177175854427,True,wild-type family at 50% identity,2000.0,-0.0223373794978802,-0.0317009823325569,-0.0131758068895831,True,0.4361062051826641,0.406599222000399,0.4653893396335575,True,0.0017627381410668,-0.0169440715185055,0.0187818999431425,False,results/R2/readout_expansion_20260923/complete/results/external_baseline/20260923123458_7ce327eba51e/readout_expand_analysis_qwen2_5_0_5b_instruct_common/readout_qwen2.5-0.5b-instruct_common.json,ab1982316c94fe1b570ca2ac7d296d0ede1f100e99a62ed35e682d71ba207a5b,summaries,a,,,,,,,,,,,,,,
qwen3-8b-base,literal_text_AA,20260923.0,201.0,163.0,25728.0,0.1013414875054286,0.0680841861824289,0.134237508157162,True,wild-type family at 50% identity,2000.0,-0.0256388985503942,-0.0375737469338094,-0.0153703062296699,True,0.4365814148593536,0.4070584310314889,0.4656512778580083,True,-0.0060760856267689,-0.0273993932403859,0.0154096228030621,False,results/R2/readout_expansion_20260923/complete/results/external_baseline/20260923123458_7ce327eba51e/readout_expand_analysis_qwen3_8b_base_common/readout_qwen3-8b-base_common.json,93f8f15d77f79d61698e7013b885b72b03742a09a7793a8e48766942f848e939,summaries,a,,,,,,,,,,,,,,
galactica-30b,native_sequence,20260923.0,201.0,163.0,25728.0,0.074990460708582,0.0385032080687975,0.1091181035561774,True,wild-type family at 50% identity,2000.0,-0.0076887141523663,-0.0219183100602713,0.006229335986203,False,0.437418093188257,0.4073553916826023,0.4674442119235126,True,0.1358997359910015,0.1108039166996524,0.1622802305285342,True,results/R2/readout_expansion_20260923/complete/results/external_baseline/20260923130346_427a4ba992c9/readout_fresh3_analysis_galactica_30b_common/readout_galactica-30b_common.json,9c94f53bc0f628806514a7eb109c081a8ce71333c87fd07b98c456b9f73dfa87,summaries,a,,,,,,,,,,,,,,
qwen2.5-32b,literal_text_AA,20260923.0,201.0,163.0,25728.0,0.1254447872401008,0.0885946199496431,0.1610098583262715,True,wild-type family at 50% identity,2000.0,-0.0111508017267936,-0.0225654618046487,-0.0005463992443317,True,0.4361845814108847,0.4065899670270974,0.4653128053922556,True,0.030519101974067,0.0075245939525858,0.0527483124591431,True,results/R2/readout_expansion_20260923/complete/results/external_baseline/20260923130346_427a4ba992c9/readout_fresh3_analysis_qwen2_5_32b_common/readout_qwen2.5-32b_common.json,9e09039baa637240855ca54e957fb018b729c5fa99aebf83a160c1c49f1ffbb6,summaries,a,,,,,,,,,,,,,,
bygpt5-medium-en,literal_text_AA,20260923.0,201.0,163.0,25728.0,0.1690065650509548,0.1313547717945441,0.2080511085401997,True,wild-type family at 50% identity,2000.0,-0.0165875313198324,-0.0290673739852645,-0.0051614857257797,True,0.4361216833819076,0.4067762964127615,0.4653614051442403,True,-0.0202677549245116,-0.0414689430993088,0.0008557781703652,False,results/R2/readout_expansion_20260923/complete/results/external_baseline/20260923130346_427a4ba992c9/readout_k4_analysis_bygpt5_medium_en_common/readout_bygpt5-medium-en_common.json,d9371fb34d5cdfbf25ec8901f350731c19aee38b9747c18fa1b162e9df3018e2,summaries,a,,,,,,,,,,,,,,
dialogpt-small,literal_text_AA,20260923.0,201.0,163.0,25728.0,0.0756060770951673,0.0453122244646242,0.1070104772027233,True,wild-type family at 50% identity,2000.0,-0.0304781565051188,-0.0405782834752463,-0.0206251784710852,True,0.4356884635127025,0.4063376594126702,0.4648921187453106,True,-0.0080810533421666,-0.0310810506025348,0.0132273626957108,False,results/R2/readout_expansion_20260923/complete/results/external_baseline/20260923130346_427a4ba992c9/readout_k4_analysis_dialogpt_small_common/readout_dialogpt-small_common.json,4385969bf00c372cc70b154608f2c1580376bdc561f37b1400bf73102f7d0224,summaries,a,,,,,,,,,,,,,,
galactica-125m,native_sequence,20260923.0,201.0,163.0,25728.0,0.1763768960517025,0.139752967944168,0.2130010396858501,True,wild-type family at 50% identity,2000.0,-0.0122476450845598,-0.0250991977519618,0.0004058249396897,False,0.4362341125454512,0.4066794322119845,0.4655559247212109,True,0.003277782511391,-0.0168718187276447,0.0225124626552225,False,results/R2/readout_expansion_20260923/complete/results/external_baseline/20260923130346_427a4ba992c9/readout_k4_analysis_galactica_125m_common/readout_galactica-125m_common.json,599228a3d51da37b934d93082b54db6d8461583bbcf27fdd1470946538a37f35,summaries,a,,,,,,,,,,,,,,
protgpt3-1.3b,native_sequence,20260923.0,201.0,163.0,25728.0,-0.0055745419111683,-0.0389054369973842,0.02785240864093,False,wild-type family at 50% identity,2000.0,0.0021377459272152,-0.0097703927961528,0.0142130474206027,False,0.4537052619897268,0.4230564031938053,0.4829204019669186,True,0.2983344409957618,0.2662312691133441,0.3296607774173104,True,results/R2/readout_expansion_20260923/complete/results/external_baseline/20260923130346_427a4ba992c9/readout_retry_analysis_protgpt3_1_3b_common/readout_protgpt3-1.3b_common.json,98c16680dc80dbc152c8d9dff2732ebf0b10ae42ae2104271d1e68b5cfdf8193,summaries,a,,,,,,,,,,,,,,
qwen2.5-7b,literal_text_AA,20260923.0,201.0,163.0,25728.0,0.1278344377591718,0.0948965243597284,0.1599868762783111,True,wild-type family at 50% identity,2000.0,-0.0175659060254937,-0.0293485446342536,-0.0059892751074931,True,0.4360198013948518,0.4064712916212448,0.4652256850950041,True,0.0034996468735932,-0.0149424454284981,0.0215865368557191,False,results/R2/readout_expansion_20260923/complete/results/external_baseline/20260923130346_427a4ba992c9/readout_retry_analysis_qwen2_5_7b_common/readout_qwen2.5-7b_common.json,65ffefba80f96e9919c93823b2268273f936033be4289f67d0f7c15071400c46,summaries,a,,,,,,,,,,,,,,
proteinglm-7b-clm,,,,,,,,,,,,,,,,,,,,,,,,results/R2/readout_depth_panel_20260925/readout_depth_panel.json,076b93525abbb126e6f5a828ad758c0b369eea198dda45f0af57fa916d197939,"seed_consistent, depth axis, blocks resolved at every declared seed",b,pooled,34.0,36.0,0.9714,0.042542,0.05301,native_protein,True,,,,,,
proteinglm-7b-clm,,,,,,,,,,,,,,,,,,,,,,,,results/R2/readout_depth_panel_20260925/readout_depth_panel.json,076b93525abbb126e6f5a828ad758c0b369eea198dda45f0af57fa916d197939,"seed_consistent, depth axis, blocks resolved at every declared seed",b,pooled,33.0,36.0,0.9429,0.037016,0.043653,native_protein,True,,,,,,
proteinglm-7b-clm,,,,,,,,,,,,,,,,,,,,,,,,results/R2/readout_depth_panel_20260925/readout_depth_panel.json,076b93525abbb126e6f5a828ad758c0b369eea198dda45f0af57fa916d197939,"seed_consistent, depth axis, blocks resolved at every declared seed",b,pooled,35.0,36.0,1.0,0.030321,0.035961,native_protein,True,,,,,,
progen3-3b,,,,,,,,,,,,,,,,,,,,,,,,results/R2/readout_depth_panel_20260925/readout_depth_panel.json,076b93525abbb126e6f5a828ad758c0b369eea198dda45f0af57fa916d197939,"seed_consistent, depth axis, blocks resolved at every declared seed",b,pooled,23.0,24.0,1.0,0.016251,0.018326,native_protein,True,,,,,,
proteinglm-7b-clm,,,,,,,,,,,,,,,,,,,,,,,,results/R2/readout_depth_panel_20260925/readout_depth_panel.json,076b93525abbb126e6f5a828ad758c0b369eea198dda45f0af57fa916d197939,"seed_consistent, depth axis, blocks resolved at every declared seed",b,pooled,30.0,36.0,0.8571,0.013499,0.016616,native_protein,True,,,,,,
proteinglm-7b-clm,,,,,,,,,,,,,,,,,,,,,,,,results/R2/readout_depth_panel_20260925/readout_depth_panel.json,076b93525abbb126e6f5a828ad758c0b369eea198dda45f0af57fa916d197939,"seed_consistent, depth axis, blocks resolved at every declared seed",b,pooled,33.0,36.0,0.9429,0.012705,0.018599,native_protein,True,,,,,,
proteinglm-7b-clm,,,,,,,,,,,,,,,,,,,,,,,,results/R2/readout_depth_panel_20260925/readout_depth_panel.json,076b93525abbb126e6f5a828ad758c0b369eea198dda45f0af57fa916d197939,"seed_consistent, depth axis, blocks resolved at every declared seed",b,pooled,11.0,36.0,0.3143,0.012088,0.016246,native_protein,True,,,,,,
proteinglm-7b-clm,,,,,,,,,,,,,,,,,,,,,,,,results/R2/readout_depth_panel_20260925/readout_depth_panel.json,076b93525abbb126e6f5a828ad758c0b369eea198dda45f0af57fa916d197939,"seed_consistent, depth axis, blocks resolved at every declared seed",b,pooled,12.0,36.0,0.3429,0.011899,0.019062,native_protein,True,,,,,,
proteinglm-7b-clm,,,,,,,,,,,,,,,,,,,,,,,,results/R2/readout_depth_panel_20260925/readout_depth_panel.json,076b93525abbb126e6f5a828ad758c0b369eea198dda45f0af57fa916d197939,"seed_consistent, depth axis, blocks resolved at every declared seed",b,pooled,32.0,36.0,0.9143,0.011563,0.015172,native_protein,True,,,,,,
progen3-112m,,,,,,,,,,,,,,,,,,,,,,,,results/R2/readout_depth_panel_20260925/readout_depth_panel.json,076b93525abbb126e6f5a828ad758c0b369eea198dda45f0af57fa916d197939,"seed_consistent, depth axis, blocks resolved at every declared seed",b,pooled,9.0,10.0,1.0,0.011416,0.013702,native_protein,True,,,,,,
proteinglm-7b-clm,,,,,,,,,,,,,,,,,,,,,,,,results/R2/readout_depth_panel_20260925/readout_depth_panel.json,076b93525abbb126e6f5a828ad758c0b369eea198dda45f0af57fa916d197939,"seed_consistent, depth axis, blocks resolved at every declared seed",b,pooled,35.0,36.0,1.0,0.011073,0.01626,native_protein,True,,,,,,
protgpt2,,,,,,,,,,,,,,,,,,,,,,,,results/R2/readout_depth_panel_20260925/readout_depth_panel.json,076b93525abbb126e6f5a828ad758c0b369eea198dda45f0af57fa916d197939,"seed_consistent, depth axis, blocks resolved at every declared seed",b,pooled,21.0,36.0,0.6,0.010775,0.016836,native_protein,True,,,,,,
progen2-large,,,,,,,,,,,,,,,,,,,,,,,,results/R2/readout_depth_panel_20260925/readout_depth_panel.json,076b93525abbb126e6f5a828ad758c0b369eea198dda45f0af57fa916d197939,"seed_consistent, depth axis, blocks resolved at every declared seed",b,pooled,25.0,32.0,0.8065,0.010746,0.012079,native_protein,True,,,,,,
progen2-medium,,,,,,,,,,,,,,,,,,,,,,,,results/R2/readout_depth_panel_20260925/readout_depth_panel.json,076b93525abbb126e6f5a828ad758c0b369eea198dda45f0af57fa916d197939,"seed_consistent, depth axis, blocks resolved at every declared seed",b,pooled,23.0,27.0,0.8846,0.01069,0.017632,native_protein,True,,,,,,
progen3-3b,,,,,,,,,,,,,,,,,,,,,,,,results/R2/readout_depth_panel_20260925/readout_depth_panel.json,076b93525abbb126e6f5a828ad758c0b369eea198dda45f0af57fa916d197939,"seed_consistent, depth axis, blocks resolved at every declared seed",b,pooled,11.0,24.0,0.4783,0.010343,0.016814,native_protein,True,,,,,,
progen2-xlarge,,,,,,,,,,,,,,,,,,,,,,,,results/R2/readout_depth_panel_20260925/readout_depth_panel.json,076b93525abbb126e6f5a828ad758c0b369eea198dda45f0af57fa916d197939,"seed_consistent, depth axis, blocks resolved at every declared seed",b,pooled,28.0,32.0,0.9032,0.009763,0.012978,native_protein,True,,,,,,
progen2-medium,,,,,,,,,,,,,,,,,,,,,,,,results/R2/readout_depth_panel_20260925/readout_depth_panel.json,076b93525abbb126e6f5a828ad758c0b369eea198dda45f0af57fa916d197939,"seed_consistent, depth axis, blocks resolved at every declared seed",b,pooled,24.0,27.0,0.9231,0.009331,0.014571,native_protein,True,,,,,,
proteinglm-7b-clm,,,,,,,,,,,,,,,,,,,,,,,,results/R2/readout_depth_panel_20260925/readout_depth_panel.json,076b93525abbb126e6f5a828ad758c0b369eea198dda45f0af57fa916d197939,"seed_consistent, pos axis, blocks resolved at every declared seed",b,position_resolved,34.0,36.0,0.9714,0.03472,0.040477,native_protein,True,,,,,,
proteinglm-7b-clm,,,,,,,,,,,,,,,,,,,,,,,,results/R2/readout_depth_panel_20260925/readout_depth_panel.json,076b93525abbb126e6f5a828ad758c0b369eea198dda45f0af57fa916d197939,"seed_consistent, pos axis, blocks resolved at every declared seed",b,position_resolved,35.0,36.0,1.0,0.031473,0.037639,native_protein,True,,,,,,
progen3-3b,,,,,,,,,,,,,,,,,,,,,,,,results/R2/readout_depth_panel_20260925/readout_depth_panel.json,076b93525abbb126e6f5a828ad758c0b369eea198dda45f0af57fa916d197939,"seed_consistent, pos axis, blocks resolved at every declared seed",b,position_resolved,22.0,24.0,0.9565,0.028442,0.032694,native_protein,True,,,,,,
proteinglm-7b-clm,,,,,,,,,,,,,,,,,,,,,,,,results/R2/readout_depth_panel_20260925/readout_depth_panel.json,076b93525abbb126e6f5a828ad758c0b369eea198dda45f0af57fa916d197939,"seed_consistent, pos axis, blocks resolved at every declared seed",b,position_resolved,33.0,36.0,0.9429,0.019177,0.022215,native_protein,True,,,,,,
progen3-3b,,,,,,,,,,,,,,,,,,,,,,,,results/R2/readout_depth_panel_20260925/readout_depth_panel.json,076b93525abbb126e6f5a828ad758c0b369eea198dda45f0af57fa916d197939,"seed_consistent, pos axis, blocks resolved at every declared seed",b,position_resolved,23.0,24.0,1.0,0.015988,0.017836,native_protein,True,,,,,,
proteinglm-7b-clm,,,,,,,,,,,,,,,,,,,,,,,,results/R2/readout_depth_panel_20260925/readout_depth_panel.json,076b93525abbb126e6f5a828ad758c0b369eea198dda45f0af57fa916d197939,"seed_consistent, pos axis, blocks resolved at every declared seed",b,position_resolved,34.0,36.0,0.9714,0.015951,0.019604,native_protein,True,,,,,,
rita-xl,,,,,,,,,,,,,,,,,,,,,,,,results/R2/readout_depth_panel_20260925/readout_depth_panel.json,076b93525abbb126e6f5a828ad758c0b369eea198dda45f0af57fa916d197939,"seed_consistent, pos axis, blocks resolved at every declared seed",b,position_resolved,23.0,24.0,1.0,0.015119,0.019877,native_protein,True,,,,,,
progen3-3b,,,,,,,,,,,,,,,,,,,,,,,,results/R2/readout_depth_panel_20260925/readout_depth_panel.json,076b93525abbb126e6f5a828ad758c0b369eea198dda45f0af57fa916d197939,"seed_consistent, pos axis, blocks resolved at every declared seed",b,position_resolved,22.0,24.0,0.9565,0.014607,0.024514,native_protein,True,,,,,,
proteinglm-7b-clm,,,,,,,,,,,,,,,,,,,,,,,,results/R2/readout_depth_panel_20260925/readout_depth_panel.json,076b93525abbb126e6f5a828ad758c0b369eea198dda45f0af57fa916d197939,"seed_consistent, pos axis, blocks resolved at every declared seed",b,position_resolved,35.0,36.0,1.0,0.01313,0.018203,native_protein,True,,,,,,
progen3-3b,,,,,,,,,,,,,,,,,,,,,,,,results/R2/readout_depth_panel_20260925/readout_depth_panel.json,076b93525abbb126e6f5a828ad758c0b369eea198dda45f0af57fa916d197939,"seed_consistent, pos axis, blocks resolved at every declared seed",b,position_resolved,23.0,24.0,1.0,0.012918,0.017575,native_protein,True,,,,,,
protgpt3-1.3b,,,,,,,,,,,,,,,,,,,,,,,,results/R2/readout_depth_panel_20260925/readout_depth_panel.json,076b93525abbb126e6f5a828ad758c0b369eea198dda45f0af57fa916d197939,"seed_consistent, pos axis, blocks resolved at every declared seed",b,position_resolved,0.0,17.0,0.0,0.011911,0.014963,native_protein,True,,,,,,
progen2-large,,,,,,,,,,,,,,,,,,,,,,,,results/R2/readout_depth_panel_20260925/readout_depth_panel.json,076b93525abbb126e6f5a828ad758c0b369eea198dda45f0af57fa916d197939,"seed_consistent, pos axis, blocks resolved at every declared seed",b,position_resolved,28.0,32.0,0.9032,0.010852,0.016373,native_protein,True,,,,,,
progen2-xlarge,,,,,,,,,,,,,,,,,,,,,,,,results/R2/readout_depth_panel_20260925/readout_depth_panel.json,076b93525abbb126e6f5a828ad758c0b369eea198dda45f0af57fa916d197939,"seed_consistent, pos axis, blocks resolved at every declared seed",b,position_resolved,28.0,32.0,0.9032,0.010782,0.018143,native_protein,True,,,,,,
proteinglm-7b-clm,,,,,,,,,,,,,,,,,,,,,,,,results/R2/readout_depth_panel_20260925/readout_depth_panel.json,076b93525abbb126e6f5a828ad758c0b369eea198dda45f0af57fa916d197939,"seed_consistent, pos axis, blocks resolved at every declared seed",b,position_resolved,30.0,36.0,0.8571,0.010107,0.011859,native_protein,True,,,,,,
progen2-xlarge,,,,,,,,,,,,,,,,,,,,,,,,results/R2/readout_depth_panel_20260925/readout_depth_panel.json,076b93525abbb126e6f5a828ad758c0b369eea198dda45f0af57fa916d197939,"seed_consistent, pos axis, blocks resolved at every declared seed",b,position_resolved,25.0,32.0,0.8065,0.009961,0.014246,native_protein,True,,,,,,
progen2-medium,,,,,,,,,,,,,,,,,,,,,,,,results/R2/readout_depth_panel_20260925/readout_depth_panel.json,076b93525abbb126e6f5a828ad758c0b369eea198dda45f0af57fa916d197939,"seed_consistent, pos axis, blocks resolved at every declared seed",b,position_resolved,0.0,27.0,0.0,0.006983,0.010573,native_protein,True,,,,,,
bygpt5-medium-en,,,,,,,,,,,,,,,,,,,,,,,,results/R2/readout_depth_panel_20260925/readout_depth_panel.json,076b93525abbb126e6f5a828ad758c0b369eea198dda45f0af57fa916d197939,"falsification, literal amino-acid string stratum, largest point estimate",b,pooled,0.0,12.0,0.0,0.000772,0.000772,literal_text_AA,False,,,,,,
bygpt5-base-en,,,201.0,163.0,,,,,,wild-type family at 50% identity,2000.0,,,,,,,,,,,,,results/R2/repr_behaviour_gap_20260926/gap_direct_contrast.json,d02eb6d27d66fea0263e2499c43a35db45350fd479a14dcb1c95268258871322,gap_arms.bygpt5-base-en.20260923.d,c,,,,,,,,,controlled_representation_minus_likelihood,-0.0070199849697404,-0.0182729055645041,0.0038832230804644,20260923.0,C_P
bygpt5-base-en,,,201.0,163.0,,,,,,wild-type family at 50% identity,2000.0,,,,,,,,,,,,,results/R2/repr_behaviour_gap_20260926/gap_direct_contrast.json,d02eb6d27d66fea0263e2499c43a35db45350fd479a14dcb1c95268258871322,gap_arms.bygpt5-base-en.20260924.d,c,,,,,,,,,controlled_representation_minus_likelihood,-0.0066638115456572,-0.0172570479455573,0.0037876836798488,20260924.0,C_P
bygpt5-base-en,,,201.0,163.0,,,,,,wild-type family at 50% identity,2000.0,,,,,,,,,,,,,results/R2/repr_behaviour_gap_20260926/gap_direct_contrast.json,d02eb6d27d66fea0263e2499c43a35db45350fd479a14dcb1c95268258871322,gap_arms.bygpt5-base-en.20260925.d,c,,,,,,,,,controlled_representation_minus_likelihood,-0.01518912131271,-0.0271495090967125,-0.004040735456197,20260925.0,C_P
bygpt5-medium-en,,,201.0,163.0,,,,,,wild-type family at 50% identity,2000.0,,,,,,,,,,,,,results/R2/repr_behaviour_gap_20260926/gap_direct_contrast.json,d02eb6d27d66fea0263e2499c43a35db45350fd479a14dcb1c95268258871322,gap_arms.bygpt5-medium-en.20260923.d,c,,,,,,,,,controlled_representation_minus_likelihood,-0.0022997426918725,-0.0139054250402943,0.0079241833415024,20260923.0,C_P
bygpt5-medium-en,,,201.0,163.0,,,,,,wild-type family at 50% identity,2000.0,,,,,,,,,,,,,results/R2/repr_behaviour_gap_20260926/gap_direct_contrast.json,d02eb6d27d66fea0263e2499c43a35db45350fd479a14dcb1c95268258871322,gap_arms.bygpt5-medium-en.20260924.d,c,,,,,,,,,controlled_representation_minus_likelihood,-0.0067990639263108,-0.0188506263713249,0.0038302469032835,20260924.0,C_P
bygpt5-medium-en,,,201.0,163.0,,,,,,wild-type family at 50% identity,2000.0,,,,,,,,,,,,,results/R2/repr_behaviour_gap_20260926/gap_direct_contrast.json,d02eb6d27d66fea0263e2499c43a35db45350fd479a14dcb1c95268258871322,gap_arms.bygpt5-medium-en.20260925.d,c,,,,,,,,,controlled_representation_minus_likelihood,-0.0096714350652306,-0.021011350869532,0.0011717047272507,20260925.0,C_P
bygpt5-small-en,,,201.0,163.0,,,,,,wild-type family at 50% identity,2000.0,,,,,,,,,,,,,results/R2/repr_behaviour_gap_20260926/gap_direct_contrast.json,d02eb6d27d66fea0263e2499c43a35db45350fd479a14dcb1c95268258871322,gap_arms.bygpt5-small-en.20260923.d,c,,,,,,,,,controlled_representation_minus_likelihood,-0.0031048457393943,-0.0126136177313578,0.0059243065675352,20260923.0,C_P
bygpt5-small-en,,,201.0,163.0,,,,,,wild-type family at 50% identity,2000.0,,,,,,,,,,,,,results/R2/repr_behaviour_gap_20260926/gap_direct_contrast.json,d02eb6d27d66fea0263e2499c43a35db45350fd479a14dcb1c95268258871322,gap_arms.bygpt5-small-en.20260924.d,c,,,,,,,,,controlled_representation_minus_likelihood,-0.0068428496553314,-0.01690462401983,0.0024232764563828,20260924.0,C_P
bygpt5-small-en,,,201.0,163.0,,,,,,wild-type family at 50% identity,2000.0,,,,,,,,,,,,,results/R2/repr_behaviour_gap_20260926/gap_direct_contrast.json,d02eb6d27d66fea0263e2499c43a35db45350fd479a14dcb1c95268258871322,gap_arms.bygpt5-small-en.20260925.d,c,,,,,,,,,controlled_representation_minus_likelihood,-0.0118545754917405,-0.0229144613186125,-0.0019311445223068,20260925.0,C_P
dialogpt-small,,,201.0,163.0,,,,,,wild-type family at 50% identity,2000.0,,,,,,,,,,,,,results/R2/repr_behaviour_gap_20260926/gap_direct_contrast.json,d02eb6d27d66fea0263e2499c43a35db45350fd479a14dcb1c95268258871322,gap_arms.dialogpt-small.20260923.d,c,,,,,,,,,controlled_representation_minus_likelihood,-0.012396705239509,-0.0203791952494607,-0.0045873283274722,20260923.0,C_P
dialogpt-small,,,201.0,163.0,,,,,,wild-type family at 50% identity,2000.0,,,,,,,,,,,,,results/R2/repr_behaviour_gap_20260926/gap_direct_contrast.json,d02eb6d27d66fea0263e2499c43a35db45350fd479a14dcb1c95268258871322,gap_arms.dialogpt-small.20260924.d,c,,,,,,,,,controlled_representation_minus_likelihood,-0.0142568885122617,-0.0217687582501767,-0.0063235942581396,20260924.0,C_P
dialogpt-small,,,201.0,163.0,,,,,,wild-type family at 50% identity,2000.0,,,,,,,,,,,,,results/R2/repr_behaviour_gap_20260926/gap_direct_contrast.json,d02eb6d27d66fea0263e2499c43a35db45350fd479a14dcb1c95268258871322,gap_arms.dialogpt-small.20260925.d,c,,,,,,,,,controlled_representation_minus_likelihood,-0.0193088714370939,-0.0277647629429917,-0.0108548114037194,20260925.0,C_P
galactica-1.3b,,,201.0,163.0,,,,,,wild-type family at 50% identity,2000.0,,,,,,,,,,,,,results/R2/repr_behaviour_gap_20260926/gap_direct_contrast.json,d02eb6d27d66fea0263e2499c43a35db45350fd479a14dcb1c95268258871322,gap_arms.galactica-1.3b.20260923.d,c,,,,,,,,,controlled_representation_minus_likelihood,0.0082218053309728,-0.0027999227311485,0.0200126644735842,20260923.0,C_P
galactica-1.3b,,,201.0,163.0,,,,,,wild-type family at 50% identity,2000.0,,,,,,,,,,,,,results/R2/repr_behaviour_gap_20260926/gap_direct_contrast.json,d02eb6d27d66fea0263e2499c43a35db45350fd479a14dcb1c95268258871322,gap_arms.galactica-1.3b.20260924.d,c,,,,,,,,,controlled_representation_minus_likelihood,0.006553526311863,-0.0041091513943612,0.0180586164159764,20260924.0,C_P
galactica-1.3b,,,201.0,163.0,,,,,,wild-type family at 50% identity,2000.0,,,,,,,,,,,,,results/R2/repr_behaviour_gap_20260926/gap_direct_contrast.json,d02eb6d27d66fea0263e2499c43a35db45350fd479a14dcb1c95268258871322,gap_arms.galactica-1.3b.20260925.d,c,,,,,,,,,controlled_representation_minus_likelihood,0.0032398961581149,-0.0087155962958178,0.0164722379118124,20260925.0,C_P
galactica-125m,,,201.0,163.0,,,,,,wild-type family at 50% identity,2000.0,,,,,,,,,,,,,results/R2/repr_behaviour_gap_20260926/gap_direct_contrast.json,d02eb6d27d66fea0263e2499c43a35db45350fd479a14dcb1c95268258871322,gap_arms.galactica-125m.20260923.d,c,,,,,,,,,controlled_representation_minus_likelihood,0.0051817163329925,-0.0065292618583229,0.0164852299355745,20260923.0,C_P
galactica-125m,,,201.0,163.0,,,,,,wild-type family at 50% identity,2000.0,,,,,,,,,,,,,results/R2/repr_behaviour_gap_20260926/gap_direct_contrast.json,d02eb6d27d66fea0263e2499c43a35db45350fd479a14dcb1c95268258871322,gap_arms.galactica-125m.20260924.d,c,,,,,,,,,controlled_representation_minus_likelihood,0.0014601634978632,-0.0086492185733547,0.0118948927471172,20260924.0,C_P
galactica-125m,,,201.0,163.0,,,,,,wild-type family at 50% identity,2000.0,,,,,,,,,,,,,results/R2/repr_behaviour_gap_20260926/gap_direct_contrast.json,d02eb6d27d66fea0263e2499c43a35db45350fd479a14dcb1c95268258871322,gap_arms.galactica-125m.20260925.d,c,,,,,,,,,controlled_representation_minus_likelihood,-0.0028962099858224,-0.0146524575381192,0.0086873551612257,20260925.0,C_P
galactica-30b,,,201.0,163.0,,,,,,wild-type family at 50% identity,2000.0,,,,,,,,,,,,,results/R2/repr_behaviour_gap_20260926/gap_direct_contrast.json,d02eb6d27d66fea0263e2499c43a35db45350fd479a14dcb1c95268258871322,gap_arms.galactica-30b.20260923.d,c,,,,,,,,,controlled_representation_minus_likelihood,0.0084508530022078,-0.0050954282684122,0.0220024547190657,20260923.0,C_P
galactica-30b,,,201.0,163.0,,,,,,wild-type family at 50% identity,2000.0,,,,,,,,,,,,,results/R2/repr_behaviour_gap_20260926/gap_direct_contrast.json,d02eb6d27d66fea0263e2499c43a35db45350fd479a14dcb1c95268258871322,gap_arms.galactica-30b.20260924.d,c,,,,,,,,,controlled_representation_minus_likelihood,-8.346145328854311e-05,-0.0141126631046071,0.0141323957101329,20260924.0,C_P
galactica-30b,,,201.0,163.0,,,,,,wild-type family at 50% identity,2000.0,,,,,,,,,,,,,results/R2/repr_behaviour_gap_20260926/gap_direct_contrast.json,d02eb6d27d66fea0263e2499c43a35db45350fd479a14dcb1c95268258871322,gap_arms.galactica-30b.20260925.d,c,,,,,,,,,controlled_representation_minus_likelihood,-0.0005336485214682,-0.015068963857324,0.0134606671745858,20260925.0,C_P
galactica-6.7b,,,201.0,163.0,,,,,,wild-type family at 50% identity,2000.0,,,,,,,,,,,,,results/R2/repr_behaviour_gap_20260926/gap_direct_contrast.json,d02eb6d27d66fea0263e2499c43a35db45350fd479a14dcb1c95268258871322,gap_arms.galactica-6.7b.20260923.d,c,,,,,,,,,controlled_representation_minus_likelihood,0.0076684192745597,-0.0031915216000064,0.0187079382307291,20260923.0,C_P
galactica-6.7b,,,201.0,163.0,,,,,,wild-type family at 50% identity,2000.0,,,,,,,,,,,,,results/R2/repr_behaviour_gap_20260926/gap_direct_contrast.json,d02eb6d27d66fea0263e2499c43a35db45350fd479a14dcb1c95268258871322,gap_arms.galactica-6.7b.20260924.d,c,,,,,,,,,controlled_representation_minus_likelihood,0.0046434149986642,-0.006033224444253,0.0155095232113804,20260924.0,C_P
galactica-6.7b,,,201.0,163.0,,,,,,wild-type family at 50% identity,2000.0,,,,,,,,,,,,,results/R2/repr_behaviour_gap_20260926/gap_direct_contrast.json,d02eb6d27d66fea0263e2499c43a35db45350fd479a14dcb1c95268258871322,gap_arms.galactica-6.7b.20260925.d,c,,,,,,,,,controlled_representation_minus_likelihood,0.0020163022545232,-0.0096868810166318,0.0139683166329177,20260925.0,C_P
gpt2,,,201.0,163.0,,,,,,wild-type family at 50% identity,2000.0,,,,,,,,,,,,,results/R2/repr_behaviour_gap_20260926/gap_direct_contrast.json,d02eb6d27d66fea0263e2499c43a35db45350fd479a14dcb1c95268258871322,gap_arms.gpt2.20260923.d,c,,,,,,,,,controlled_representation_minus_likelihood,-0.0098430924826204,-0.020177107746044,-0.0003569277103627,20260923.0,C_P
gpt2,,,201.0,163.0,,,,,,wild-type family at 50% identity,2000.0,,,,,,,,,,,,,results/R2/repr_behaviour_gap_20260926/gap_direct_contrast.json,d02eb6d27d66fea0263e2499c43a35db45350fd479a14dcb1c95268258871322,gap_arms.gpt2.20260924.d,c,,,,,,,,,controlled_representation_minus_likelihood,-0.0138820518007153,-0.0237185953206567,-0.0043646584202749,20260924.0,C_P
gpt2,,,201.0,163.0,,,,,,wild-type family at 50% identity,2000.0,,,,,,,,,,,,,results/R2/repr_behaviour_gap_20260926/gap_direct_contrast.json,d02eb6d27d66fea0263e2499c43a35db45350fd479a14dcb1c95268258871322,gap_arms.gpt2.20260925.d,c,,,,,,,,,controlled_representation_minus_likelihood,-0.0161923686600741,-0.0268217105896638,-0.0064266802982674,20260925.0,C_P
gpt2-large,,,201.0,163.0,,,,,,wild-type family at 50% identity,2000.0,,,,,,,,,,,,,results/R2/repr_behaviour_gap_20260926/gap_direct_contrast.json,d02eb6d27d66fea0263e2499c43a35db45350fd479a14dcb1c95268258871322,gap_arms.gpt2-large.20260923.d,c,,,,,,,,,controlled_representation_minus_likelihood,-0.0142227173672064,-0.0248361060798788,-0.0047248437538218,20260923.0,C_P
gpt2-large,,,201.0,163.0,,,,,,wild-type family at 50% identity,2000.0,,,,,,,,,,,,,results/R2/repr_behaviour_gap_20260926/gap_direct_contrast.json,d02eb6d27d66fea0263e2499c43a35db45350fd479a14dcb1c95268258871322,gap_arms.gpt2-large.20260924.d,c,,,,,,,,,controlled_representation_minus_likelihood,-0.017647417933106,-0.0287267727369263,-0.0072867406761153,20260924.0,C_P
gpt2-large,,,201.0,163.0,,,,,,wild-type family at 50% identity,2000.0,,,,,,,,,,,,,results/R2/repr_behaviour_gap_20260926/gap_direct_contrast.json,d02eb6d27d66fea0263e2499c43a35db45350fd479a14dcb1c95268258871322,gap_arms.gpt2-large.20260925.d,c,,,,,,,,,controlled_representation_minus_likelihood,-0.0200484824502981,-0.0311373708628687,-0.0101698904543228,20260925.0,C_P
gpt2-medium,,,201.0,163.0,,,,,,wild-type family at 50% identity,2000.0,,,,,,,,,,,,,results/R2/repr_behaviour_gap_20260926/gap_direct_contrast.json,d02eb6d27d66fea0263e2499c43a35db45350fd479a14dcb1c95268258871322,gap_arms.gpt2-medium.20260923.d,c,,,,,,,,,controlled_representation_minus_likelihood,-0.0103363509310258,-0.0206388392188192,-0.000744294724016,20260923.0,C_P
gpt2-medium,,,201.0,163.0,,,,,,wild-type family at 50% identity,2000.0,,,,,,,,,,,,,results/R2/repr_behaviour_gap_20260926/gap_direct_contrast.json,d02eb6d27d66fea0263e2499c43a35db45350fd479a14dcb1c95268258871322,gap_arms.gpt2-medium.20260924.d,c,,,,,,,,,controlled_representation_minus_likelihood,-0.0103970265197885,-0.0192268340873332,-0.0015678113622815,20260924.0,C_P
gpt2-medium,,,201.0,163.0,,,,,,wild-type family at 50% identity,2000.0,,,,,,,,,,,,,results/R2/repr_behaviour_gap_20260926/gap_direct_contrast.json,d02eb6d27d66fea0263e2499c43a35db45350fd479a14dcb1c95268258871322,gap_arms.gpt2-medium.20260925.d,c,,,,,,,,,controlled_representation_minus_likelihood,-0.0186891964500182,-0.028507106005183,-0.0088191073877886,20260925.0,C_P
gpt2-xl,,,201.0,163.0,,,,,,wild-type family at 50% identity,2000.0,,,,,,,,,,,,,results/R2/repr_behaviour_gap_20260926/gap_direct_contrast.json,d02eb6d27d66fea0263e2499c43a35db45350fd479a14dcb1c95268258871322,gap_arms.gpt2-xl.20260923.d,c,,,,,,,,,controlled_representation_minus_likelihood,-0.0068230930101342,-0.015367438513175,0.001636647722102,20260923.0,C_P
gpt2-xl,,,201.0,163.0,,,,,,wild-type family at 50% identity,2000.0,,,,,,,,,,,,,results/R2/repr_behaviour_gap_20260926/gap_direct_contrast.json,d02eb6d27d66fea0263e2499c43a35db45350fd479a14dcb1c95268258871322,gap_arms.gpt2-xl.20260924.d,c,,,,,,,,,controlled_representation_minus_likelihood,-0.0110507439801925,-0.0206113429084043,-0.0023019004120359,20260924.0,C_P
gpt2-xl,,,201.0,163.0,,,,,,wild-type family at 50% identity,2000.0,,,,,,,,,,,,,results/R2/repr_behaviour_gap_20260926/gap_direct_contrast.json,d02eb6d27d66fea0263e2499c43a35db45350fd479a14dcb1c95268258871322,gap_arms.gpt2-xl.20260925.d,c,,,,,,,,,controlled_representation_minus_likelihood,-0.0177808881787135,-0.02824972502195,-0.0084400777784502,20260925.0,C_P
instructprotein,,,201.0,163.0,,,,,,wild-type family at 50% identity,2000.0,,,,,,,,,,,,,results/R2/repr_behaviour_gap_20260926/gap_direct_contrast.json,d02eb6d27d66fea0263e2499c43a35db45350fd479a14dcb1c95268258871322,gap_arms.instructprotein.20260923.d,c,,,,,,,,,controlled_representation_minus_likelihood,-0.0086760166740154,-0.0220809118438211,0.0040844535583933,20260923.0,C_P
instructprotein,,,201.0,163.0,,,,,,wild-type family at 50% identity,2000.0,,,,,,,,,,,,,results/R2/repr_behaviour_gap_20260926/gap_direct_contrast.json,d02eb6d27d66fea0263e2499c43a35db45350fd479a14dcb1c95268258871322,gap_arms.instructprotein.20260924.d,c,,,,,,,,,controlled_representation_minus_likelihood,-0.01245563628081,-0.0244137081269675,-0.0003350831901271,20260924.0,C_P
instructprotein,,,201.0,163.0,,,,,,wild-type family at 50% identity,2000.0,,,,,,,,,,,,,results/R2/repr_behaviour_gap_20260926/gap_direct_contrast.json,d02eb6d27d66fea0263e2499c43a35db45350fd479a14dcb1c95268258871322,gap_arms.instructprotein.20260925.d,c,,,,,,,,,controlled_representation_minus_likelihood,-0.011986973263406,-0.0257023654686036,0.0026806588896059,20260925.0,C_P
llama-2-7b,,,201.0,163.0,,,,,,wild-type family at 50% identity,2000.0,,,,,,,,,,,,,results/R2/repr_behaviour_gap_20260926/gap_direct_contrast.json,d02eb6d27d66fea0263e2499c43a35db45350fd479a14dcb1c95268258871322,gap_arms.llama-2-7b.20260923.d,c,,,,,,,,,controlled_representation_minus_likelihood,-0.0020975435449055,-0.0108344264519244,0.0055419577611151,20260923.0,C_P
llama-2-7b,,,201.0,163.0,,,,,,wild-type family at 50% identity,2000.0,,,,,,,,,,,,,results/R2/repr_behaviour_gap_20260926/gap_direct_contrast.json,d02eb6d27d66fea0263e2499c43a35db45350fd479a14dcb1c95268258871322,gap_arms.llama-2-7b.20260924.d,c,,,,,,,,,controlled_representation_minus_likelihood,5.578632279944811e-05,-0.0086418083303034,0.0077663250973632,20260924.0,C_P
llama-2-7b,,,201.0,163.0,,,,,,wild-type family at 50% identity,2000.0,,,,,,,,,,,,,results/R2/repr_behaviour_gap_20260926/gap_direct_contrast.json,d02eb6d27d66fea0263e2499c43a35db45350fd479a14dcb1c95268258871322,gap_arms.llama-2-7b.20260925.d,c,,,,,,,,,controlled_representation_minus_likelihood,-0.0094632891148034,-0.0196919828664785,-0.0009220374705708,20260925.0,C_P
llama-3.2-3b,,,201.0,163.0,,,,,,wild-type family at 50% identity,2000.0,,,,,,,,,,,,,results/R2/repr_behaviour_gap_20260926/gap_direct_contrast.json,d02eb6d27d66fea0263e2499c43a35db45350fd479a14dcb1c95268258871322,gap_arms.llama-3.2-3b.20260923.d,c,,,,,,,,,controlled_representation_minus_likelihood,-0.0066836952025312,-0.0158664625614525,0.0022049635652884,20260923.0,C_P
llama-3.2-3b,,,201.0,163.0,,,,,,wild-type family at 50% identity,2000.0,,,,,,,,,,,,,results/R2/repr_behaviour_gap_20260926/gap_direct_contrast.json,d02eb6d27d66fea0263e2499c43a35db45350fd479a14dcb1c95268258871322,gap_arms.llama-3.2-3b.20260924.d,c,,,,,,,,,controlled_representation_minus_likelihood,-0.0094272757872636,-0.0188415070396657,-0.0002816532363521,20260924.0,C_P
llama-3.2-3b,,,201.0,163.0,,,,,,wild-type family at 50% identity,2000.0,,,,,,,,,,,,,results/R2/repr_behaviour_gap_20260926/gap_direct_contrast.json,d02eb6d27d66fea0263e2499c43a35db45350fd479a14dcb1c95268258871322,gap_arms.llama-3.2-3b.20260925.d,c,,,,,,,,,controlled_representation_minus_likelihood,-0.0150292699734068,-0.0250809980785152,-0.0059197239119456,20260925.0,C_P
progen2-base,,,201.0,163.0,,,,,,wild-type family at 50% identity,2000.0,,,,,,,,,,,,,results/R2/repr_behaviour_gap_20260926/gap_direct_contrast.json,d02eb6d27d66fea0263e2499c43a35db45350fd479a14dcb1c95268258871322,gap_arms.progen2-base.20260923.d,c,,,,,,,,,controlled_representation_minus_likelihood,0.0014878277056902,-0.0116716202324562,0.0157906069833342,20260923.0,C_P
progen2-base,,,201.0,163.0,,,,,,wild-type family at 50% identity,2000.0,,,,,,,,,,,,,results/R2/repr_behaviour_gap_20260926/gap_direct_contrast.json,d02eb6d27d66fea0263e2499c43a35db45350fd479a14dcb1c95268258871322,gap_arms.progen2-base.20260924.d,c,,,,,,,,,controlled_representation_minus_likelihood,-0.0019613003659733,-0.0156525775140959,0.0118322731905343,20260924.0,C_P
progen2-base,,,201.0,163.0,,,,,,wild-type family at 50% identity,2000.0,,,,,,,,,,,,,results/R2/repr_behaviour_gap_20260926/gap_direct_contrast.json,d02eb6d27d66fea0263e2499c43a35db45350fd479a14dcb1c95268258871322,gap_arms.progen2-base.20260925.d,c,,,,,,,,,controlled_representation_minus_likelihood,-0.0089208822724054,-0.0227266003623707,0.0052030482085015,20260925.0,C_P
progen2-large,,,201.0,163.0,,,,,,wild-type family at 50% identity,2000.0,,,,,,,,,,,,,results/R2/repr_behaviour_gap_20260926/gap_direct_contrast.json,d02eb6d27d66fea0263e2499c43a35db45350fd479a14dcb1c95268258871322,gap_arms.progen2-large.20260923.d,c,,,,,,,,,controlled_representation_minus_likelihood,0.0011894718870265,-0.0114241677593454,0.0138647886599334,20260923.0,C_P
progen2-large,,,201.0,163.0,,,,,,wild-type family at 50% identity,2000.0,,,,,,,,,,,,,results/R2/repr_behaviour_gap_20260926/gap_direct_contrast.json,d02eb6d27d66fea0263e2499c43a35db45350fd479a14dcb1c95268258871322,gap_arms.progen2-large.20260924.d,c,,,,,,,,,controlled_representation_minus_likelihood,3.665228671215709e-05,-0.0106670142979608,0.0117697045933169,20260924.0,C_P
progen2-large,,,201.0,163.0,,,,,,wild-type family at 50% identity,2000.0,,,,,,,,,,,,,results/R2/repr_behaviour_gap_20260926/gap_direct_contrast.json,d02eb6d27d66fea0263e2499c43a35db45350fd479a14dcb1c95268258871322,gap_arms.progen2-large.20260925.d,c,,,,,,,,,controlled_representation_minus_likelihood,-0.0085370023266664,-0.0209687973130666,0.0044135328135134,20260925.0,C_P
progen2-medium,,,201.0,163.0,,,,,,wild-type family at 50% identity,2000.0,,,,,,,,,,,,,results/R2/repr_behaviour_gap_20260926/gap_direct_contrast.json,d02eb6d27d66fea0263e2499c43a35db45350fd479a14dcb1c95268258871322,gap_arms.progen2-medium.20260923.d,c,,,,,,,,,controlled_representation_minus_likelihood,-0.0049694441245307,-0.0168196619713898,0.0073965958292602,20260923.0,C_P
progen2-medium,,,201.0,163.0,,,,,,wild-type family at 50% identity,2000.0,,,,,,,,,,,,,results/R2/repr_behaviour_gap_20260926/gap_direct_contrast.json,d02eb6d27d66fea0263e2499c43a35db45350fd479a14dcb1c95268258871322,gap_arms.progen2-medium.20260924.d,c,,,,,,,,,controlled_representation_minus_likelihood,-0.0099260380569424,-0.021412306492088,0.0017588521476274,20260924.0,C_P
progen2-medium,,,201.0,163.0,,,,,,wild-type family at 50% identity,2000.0,,,,,,,,,,,,,results/R2/repr_behaviour_gap_20260926/gap_direct_contrast.json,d02eb6d27d66fea0263e2499c43a35db45350fd479a14dcb1c95268258871322,gap_arms.progen2-medium.20260925.d,c,,,,,,,,,controlled_representation_minus_likelihood,-0.0109015685154684,-0.022274862589241,0.0006919656447927,20260925.0,C_P
progen2-small,,,201.0,163.0,,,,,,wild-type family at 50% identity,2000.0,,,,,,,,,,,,,results/R2/repr_behaviour_gap_20260926/gap_direct_contrast.json,d02eb6d27d66fea0263e2499c43a35db45350fd479a14dcb1c95268258871322,gap_arms.progen2-small.20260923.d,c,,,,,,,,,controlled_representation_minus_likelihood,0.0065983511767776,-0.0058756331658919,0.0203215734857915,20260923.0,C_P
progen2-small,,,201.0,163.0,,,,,,wild-type family at 50% identity,2000.0,,,,,,,,,,,,,results/R2/repr_behaviour_gap_20260926/gap_direct_contrast.json,d02eb6d27d66fea0263e2499c43a35db45350fd479a14dcb1c95268258871322,gap_arms.progen2-small.20260924.d,c,,,,,,,,,controlled_representation_minus_likelihood,0.0016941530522398,-0.0100887449364252,0.0148072500798442,20260924.0,C_P
progen2-small,,,201.0,163.0,,,,,,wild-type family at 50% identity,2000.0,,,,,,,,,,,,,results/R2/repr_behaviour_gap_20260926/gap_direct_contrast.json,d02eb6d27d66fea0263e2499c43a35db45350fd479a14dcb1c95268258871322,gap_arms.progen2-small.20260925.d,c,,,,,,,,,controlled_representation_minus_likelihood,-0.0008642428827722,-0.0137923505911893,0.012956302237164,20260925.0,C_P
progen2-xlarge,,,201.0,163.0,,,,,,wild-type family at 50% identity,2000.0,,,,,,,,,,,,,results/R2/repr_behaviour_gap_20260926/gap_direct_contrast.json,d02eb6d27d66fea0263e2499c43a35db45350fd479a14dcb1c95268258871322,gap_arms.progen2-xlarge.20260923.d,c,,,,,,,,,controlled_representation_minus_likelihood,-0.0198672774365394,-0.0315142313785649,-0.0085789656333936,20260923.0,C_P
progen2-xlarge,,,201.0,163.0,,,,,,wild-type family at 50% identity,2000.0,,,,,,,,,,,,,results/R2/repr_behaviour_gap_20260926/gap_direct_contrast.json,d02eb6d27d66fea0263e2499c43a35db45350fd479a14dcb1c95268258871322,gap_arms.progen2-xlarge.20260924.d,c,,,,,,,,,controlled_representation_minus_likelihood,-0.0154967535372082,-0.026829053544367,-0.0047927986886135,20260924.0,C_P
progen2-xlarge,,,201.0,163.0,,,,,,wild-type family at 50% identity,2000.0,,,,,,,,,,,,,results/R2/repr_behaviour_gap_20260926/gap_direct_contrast.json,d02eb6d27d66fea0263e2499c43a35db45350fd479a14dcb1c95268258871322,gap_arms.progen2-xlarge.20260925.d,c,,,,,,,,,controlled_representation_minus_likelihood,-0.0175494907624591,-0.0296891537855871,-0.0060535270243766,20260925.0,C_P
progen3-112m,,,201.0,163.0,,,,,,wild-type family at 50% identity,2000.0,,,,,,,,,,,,,results/R2/repr_behaviour_gap_20260926/gap_direct_contrast.json,d02eb6d27d66fea0263e2499c43a35db45350fd479a14dcb1c95268258871322,gap_arms.progen3-112m.20260923.d,c,,,,,,,,,controlled_representation_minus_likelihood,0.0094363130948665,-0.0030705045629644,0.0223365884741094,20260923.0,C_P
progen3-112m,,,201.0,163.0,,,,,,wild-type family at 50% identity,2000.0,,,,,,,,,,,,,results/R2/repr_behaviour_gap_20260926/gap_direct_contrast.json,d02eb6d27d66fea0263e2499c43a35db45350fd479a14dcb1c95268258871322,gap_arms.progen3-112m.20260924.d,c,,,,,,,,,controlled_representation_minus_likelihood,0.0059081704406453,-0.0070023564464816,0.0192714764850473,20260924.0,C_P
progen3-112m,,,201.0,163.0,,,,,,wild-type family at 50% identity,2000.0,,,,,,,,,,,,,results/R2/repr_behaviour_gap_20260926/gap_direct_contrast.json,d02eb6d27d66fea0263e2499c43a35db45350fd479a14dcb1c95268258871322,gap_arms.progen3-112m.20260925.d,c,,,,,,,,,controlled_representation_minus_likelihood,0.0045257354259771,-0.0080988914610459,0.0185544925666082,20260925.0,C_P
progen3-3b,,,201.0,163.0,,,,,,wild-type family at 50% identity,2000.0,,,,,,,,,,,,,results/R2/repr_behaviour_gap_20260926/gap_direct_contrast.json,d02eb6d27d66fea0263e2499c43a35db45350fd479a14dcb1c95268258871322,gap_arms.progen3-3b.20260923.d,c,,,,,,,,,controlled_representation_minus_likelihood,0.0045505270851299,-0.0069001499437463,0.0166283457072434,20260923.0,C_P
progen3-3b,,,201.0,163.0,,,,,,wild-type family at 50% identity,2000.0,,,,,,,,,,,,,results/R2/repr_behaviour_gap_20260926/gap_direct_contrast.json,d02eb6d27d66fea0263e2499c43a35db45350fd479a14dcb1c95268258871322,gap_arms.progen3-3b.20260924.d,c,,,,,,,,,controlled_representation_minus_likelihood,0.0011636035022898,-0.0092501392459546,0.0113960114157986,20260924.0,C_P
progen3-3b,,,201.0,163.0,,,,,,wild-type family at 50% identity,2000.0,,,,,,,,,,,,,results/R2/repr_behaviour_gap_20260926/gap_direct_contrast.json,d02eb6d27d66fea0263e2499c43a35db45350fd479a14dcb1c95268258871322,gap_arms.progen3-3b.20260925.d,c,,,,,,,,,controlled_representation_minus_likelihood,-0.0019572831726473,-0.013607611845725,0.0104932404193649,20260925.0,C_P
prollama,,,201.0,163.0,,,,,,wild-type family at 50% identity,2000.0,,,,,,,,,,,,,results/R2/repr_behaviour_gap_20260926/gap_direct_contrast.json,d02eb6d27d66fea0263e2499c43a35db45350fd479a14dcb1c95268258871322,gap_arms.prollama.20260923.d,c,,,,,,,,,controlled_representation_minus_likelihood,0.0083034357604526,-0.0056849936985171,0.0227156888394701,20260923.0,C_P
prollama,,,201.0,163.0,,,,,,wild-type family at 50% identity,2000.0,,,,,,,,,,,,,results/R2/repr_behaviour_gap_20260926/gap_direct_contrast.json,d02eb6d27d66fea0263e2499c43a35db45350fd479a14dcb1c95268258871322,gap_arms.prollama.20260924.d,c,,,,,,,,,controlled_representation_minus_likelihood,0.0075369696823213,-0.0048333065900095,0.0214421429046878,20260924.0,C_P
prollama,,,201.0,163.0,,,,,,wild-type family at 50% identity,2000.0,,,,,,,,,,,,,results/R2/repr_behaviour_gap_20260926/gap_direct_contrast.json,d02eb6d27d66fea0263e2499c43a35db45350fd479a14dcb1c95268258871322,gap_arms.prollama.20260925.d,c,,,,,,,,,controlled_representation_minus_likelihood,-0.0009637938782686,-0.0156394418445541,0.0128609373060524,20260925.0,C_P
prollama-stage-1,,,201.0,163.0,,,,,,wild-type family at 50% identity,2000.0,,,,,,,,,,,,,results/R2/repr_behaviour_gap_20260926/gap_direct_contrast.json,d02eb6d27d66fea0263e2499c43a35db45350fd479a14dcb1c95268258871322,gap_arms.prollama-stage-1.20260923.d,c,,,,,,,,,controlled_representation_minus_likelihood,0.0077877996622529,-0.0057768054375082,0.0221793789268305,20260923.0,C_P
prollama-stage-1,,,201.0,163.0,,,,,,wild-type family at 50% identity,2000.0,,,,,,,,,,,,,results/R2/repr_behaviour_gap_20260926/gap_direct_contrast.json,d02eb6d27d66fea0263e2499c43a35db45350fd479a14dcb1c95268258871322,gap_arms.prollama-stage-1.20260924.d,c,,,,,,,,,controlled_representation_minus_likelihood,0.0057475910434821,-0.0068973224196412,0.0191503398636172,20260924.0,C_P
prollama-stage-1,,,201.0,163.0,,,,,,wild-type family at 50% identity,2000.0,,,,,,,,,,,,,results/R2/repr_behaviour_gap_20260926/gap_direct_contrast.json,d02eb6d27d66fea0263e2499c43a35db45350fd479a14dcb1c95268258871322,gap_arms.prollama-stage-1.20260925.d,c,,,,,,,,,controlled_representation_minus_likelihood,-0.0023381628751434,-0.0164171983435145,0.0115851243808407,20260925.0,C_P
proteinglm-7b-clm,,,201.0,163.0,,,,,,wild-type family at 50% identity,2000.0,,,,,,,,,,,,,results/R2/repr_behaviour_gap_20260926/gap_direct_contrast.json,d02eb6d27d66fea0263e2499c43a35db45350fd479a14dcb1c95268258871322,gap_arms.proteinglm-7b-clm.20260923.d,c,,,,,,,,,controlled_representation_minus_likelihood,0.0119020213570477,-0.0006460477585385,0.0249092538954751,20260923.0,C_P
proteinglm-7b-clm,,,201.0,163.0,,,,,,wild-type family at 50% identity,2000.0,,,,,,,,,,,,,results/R2/repr_behaviour_gap_20260926/gap_direct_contrast.json,d02eb6d27d66fea0263e2499c43a35db45350fd479a14dcb1c95268258871322,gap_arms.proteinglm-7b-clm.20260924.d,c,,,,,,,,,controlled_representation_minus_likelihood,0.0172393042916088,0.0050567062235248,0.0299830029665603,20260924.0,C_P
proteinglm-7b-clm,,,201.0,163.0,,,,,,wild-type family at 50% identity,2000.0,,,,,,,,,,,,,results/R2/repr_behaviour_gap_20260926/gap_direct_contrast.json,d02eb6d27d66fea0263e2499c43a35db45350fd479a14dcb1c95268258871322,gap_arms.proteinglm-7b-clm.20260925.d,c,,,,,,,,,controlled_representation_minus_likelihood,0.0080349921530004,-0.0044921464988976,0.0210896488589099,20260925.0,C_P
protgpt2,,,201.0,163.0,,,,,,wild-type family at 50% identity,2000.0,,,,,,,,,,,,,results/R2/repr_behaviour_gap_20260926/gap_direct_contrast.json,d02eb6d27d66fea0263e2499c43a35db45350fd479a14dcb1c95268258871322,gap_arms.protgpt2.20260923.d,c,,,,,,,,,controlled_representation_minus_likelihood,-0.0020543551147893,-0.0143803910946162,0.0109175652302364,20260923.0,C_P
protgpt2,,,201.0,163.0,,,,,,wild-type family at 50% identity,2000.0,,,,,,,,,,,,,results/R2/repr_behaviour_gap_20260926/gap_direct_contrast.json,d02eb6d27d66fea0263e2499c43a35db45350fd479a14dcb1c95268258871322,gap_arms.protgpt2.20260924.d,c,,,,,,,,,controlled_representation_minus_likelihood,-0.0061185889364131,-0.0184674243924302,0.0071268345583102,20260924.0,C_P
protgpt2,,,201.0,163.0,,,,,,wild-type family at 50% identity,2000.0,,,,,,,,,,,,,results/R2/repr_behaviour_gap_20260926/gap_direct_contrast.json,d02eb6d27d66fea0263e2499c43a35db45350fd479a14dcb1c95268258871322,gap_arms.protgpt2.20260925.d,c,,,,,,,,,controlled_representation_minus_likelihood,-0.009074767531386,-0.0215226596693081,0.0048878220756969,20260925.0,C_P
protgpt3-1.3b,,,201.0,163.0,,,,,,wild-type family at 50% identity,2000.0,,,,,,,,,,,,,results/R2/repr_behaviour_gap_20260926/gap_direct_contrast.json,d02eb6d27d66fea0263e2499c43a35db45350fd479a14dcb1c95268258871322,gap_arms.protgpt3-1.3b.20260923.d,c,,,,,,,,,controlled_representation_minus_likelihood,-0.0002339675643146,-0.0123895942245535,0.0128624837101225,20260923.0,C_P
protgpt3-1.3b,,,201.0,163.0,,,,,,wild-type family at 50% identity,2000.0,,,,,,,,,,,,,results/R2/repr_behaviour_gap_20260926/gap_direct_contrast.json,d02eb6d27d66fea0263e2499c43a35db45350fd479a14dcb1c95268258871322,gap_arms.protgpt3-1.3b.20260924.d,c,,,,,,,,,controlled_representation_minus_likelihood,-0.0020677077820928,-0.013093718804016,0.0098576434217394,20260924.0,C_P
protgpt3-1.3b,,,201.0,163.0,,,,,,wild-type family at 50% identity,2000.0,,,,,,,,,,,,,results/R2/repr_behaviour_gap_20260926/gap_direct_contrast.json,d02eb6d27d66fea0263e2499c43a35db45350fd479a14dcb1c95268258871322,gap_arms.protgpt3-1.3b.20260925.d,c,,,,,,,,,controlled_representation_minus_likelihood,0.0023041741590207,-0.0107145009653649,0.0161102924920352,20260925.0,C_P
qwen2.5-0.5b,,,201.0,163.0,,,,,,wild-type family at 50% identity,2000.0,,,,,,,,,,,,,results/R2/repr_behaviour_gap_20260926/gap_direct_contrast.json,d02eb6d27d66fea0263e2499c43a35db45350fd479a14dcb1c95268258871322,gap_arms.qwen2.5-0.5b.20260923.d,c,,,,,,,,,controlled_representation_minus_likelihood,-0.006349400097727,-0.0139284456630001,0.0010772220102194,20260923.0,C_P
qwen2.5-0.5b,,,201.0,163.0,,,,,,wild-type family at 50% identity,2000.0,,,,,,,,,,,,,results/R2/repr_behaviour_gap_20260926/gap_direct_contrast.json,d02eb6d27d66fea0263e2499c43a35db45350fd479a14dcb1c95268258871322,gap_arms.qwen2.5-0.5b.20260924.d,c,,,,,,,,,controlled_representation_minus_likelihood,-0.0077517630485076,-0.0153989743153599,-0.0001848739769502,20260924.0,C_P
qwen2.5-0.5b,,,201.0,163.0,,,,,,wild-type family at 50% identity,2000.0,,,,,,,,,,,,,results/R2/repr_behaviour_gap_20260926/gap_direct_contrast.json,d02eb6d27d66fea0263e2499c43a35db45350fd479a14dcb1c95268258871322,gap_arms.qwen2.5-0.5b.20260925.d,c,,,,,,,,,controlled_representation_minus_likelihood,-0.0154145747092981,-0.0250081899687729,-0.006852639612796,20260925.0,C_P
qwen2.5-0.5b-instruct,,,201.0,163.0,,,,,,wild-type family at 50% identity,2000.0,,,,,,,,,,,,,results/R2/repr_behaviour_gap_20260926/gap_direct_contrast.json,d02eb6d27d66fea0263e2499c43a35db45350fd479a14dcb1c95268258871322,gap_arms.qwen2.5-0.5b-instruct.20260923.d,c,,,,,,,,,controlled_representation_minus_likelihood,-0.0075065714330267,-0.0148560707763836,-0.0006182232277238,20260923.0,C_P
qwen2.5-0.5b-instruct,,,201.0,163.0,,,,,,wild-type family at 50% identity,2000.0,,,,,,,,,,,,,results/R2/repr_behaviour_gap_20260926/gap_direct_contrast.json,d02eb6d27d66fea0263e2499c43a35db45350fd479a14dcb1c95268258871322,gap_arms.qwen2.5-0.5b-instruct.20260924.d,c,,,,,,,,,controlled_representation_minus_likelihood,-0.0104761800291353,-0.0176288864933348,-0.0033999049311534,20260924.0,C_P
qwen2.5-0.5b-instruct,,,201.0,163.0,,,,,,wild-type family at 50% identity,2000.0,,,,,,,,,,,,,results/R2/repr_behaviour_gap_20260926/gap_direct_contrast.json,d02eb6d27d66fea0263e2499c43a35db45350fd479a14dcb1c95268258871322,gap_arms.qwen2.5-0.5b-instruct.20260925.d,c,,,,,,,,,controlled_representation_minus_likelihood,-0.0170919613259869,-0.027334648944393,-0.0085403895948038,20260925.0,C_P
qwen2.5-32b,,,201.0,163.0,,,,,,wild-type family at 50% identity,2000.0,,,,,,,,,,,,,results/R2/repr_behaviour_gap_20260926/gap_direct_contrast.json,d02eb6d27d66fea0263e2499c43a35db45350fd479a14dcb1c95268258871322,gap_arms.qwen2.5-32b.20260923.d,c,,,,,,,,,controlled_representation_minus_likelihood,0.0036365117428175,-0.0052590123264597,0.0129875720170753,20260923.0,C_P
qwen2.5-32b,,,201.0,163.0,,,,,,wild-type family at 50% identity,2000.0,,,,,,,,,,,,,results/R2/repr_behaviour_gap_20260926/gap_direct_contrast.json,d02eb6d27d66fea0263e2499c43a35db45350fd479a14dcb1c95268258871322,gap_arms.qwen2.5-32b.20260924.d,c,,,,,,,,,controlled_representation_minus_likelihood,-0.003196738943217,-0.012806232770991,0.0064763815288101,20260924.0,C_P
qwen2.5-32b,,,201.0,163.0,,,,,,wild-type family at 50% identity,2000.0,,,,,,,,,,,,,results/R2/repr_behaviour_gap_20260926/gap_direct_contrast.json,d02eb6d27d66fea0263e2499c43a35db45350fd479a14dcb1c95268258871322,gap_arms.qwen2.5-32b.20260925.d,c,,,,,,,,,controlled_representation_minus_likelihood,-0.0043175579906753,-0.0154369785401024,0.0069036890709887,20260925.0,C_P
qwen2.5-7b,,,201.0,163.0,,,,,,wild-type family at 50% identity,2000.0,,,,,,,,,,,,,results/R2/repr_behaviour_gap_20260926/gap_direct_contrast.json,d02eb6d27d66fea0263e2499c43a35db45350fd479a14dcb1c95268258871322,gap_arms.qwen2.5-7b.20260923.d,c,,,,,,,,,controlled_representation_minus_likelihood,-0.0011934503685624,-0.0105205134174952,0.0081083968510141,20260923.0,C_P
qwen2.5-7b,,,201.0,163.0,,,,,,wild-type family at 50% identity,2000.0,,,,,,,,,,,,,results/R2/repr_behaviour_gap_20260926/gap_direct_contrast.json,d02eb6d27d66fea0263e2499c43a35db45350fd479a14dcb1c95268258871322,gap_arms.qwen2.5-7b.20260924.d,c,,,,,,,,,controlled_representation_minus_likelihood,-0.0025390099431772,-0.0111511996614955,0.0058881190831826,20260924.0,C_P
qwen2.5-7b,,,201.0,163.0,,,,,,wild-type family at 50% identity,2000.0,,,,,,,,,,,,,results/R2/repr_behaviour_gap_20260926/gap_direct_contrast.json,d02eb6d27d66fea0263e2499c43a35db45350fd479a14dcb1c95268258871322,gap_arms.qwen2.5-7b.20260925.d,c,,,,,,,,,controlled_representation_minus_likelihood,-0.0105128016923917,-0.0210214612205124,-0.00034954998452,20260925.0,C_P
qwen3-8b-base,,,201.0,163.0,,,,,,wild-type family at 50% identity,2000.0,,,,,,,,,,,,,results/R2/repr_behaviour_gap_20260926/gap_direct_contrast.json,d02eb6d27d66fea0263e2499c43a35db45350fd479a14dcb1c95268258871322,gap_arms.qwen3-8b-base.20260923.d,c,,,,,,,,,controlled_representation_minus_likelihood,-0.0105479373712433,-0.0193880886870296,-0.0023995553490513,20260923.0,C_P
qwen3-8b-base,,,201.0,163.0,,,,,,wild-type family at 50% identity,2000.0,,,,,,,,,,,,,results/R2/repr_behaviour_gap_20260926/gap_direct_contrast.json,d02eb6d27d66fea0263e2499c43a35db45350fd479a14dcb1c95268258871322,gap_arms.qwen3-8b-base.20260924.d,c,,,,,,,,,controlled_representation_minus_likelihood,-0.0141674307711153,-0.0232333658262782,-0.0053777329736005,20260924.0,C_P
qwen3-8b-base,,,201.0,163.0,,,,,,wild-type family at 50% identity,2000.0,,,,,,,,,,,,,results/R2/repr_behaviour_gap_20260926/gap_direct_contrast.json,d02eb6d27d66fea0263e2499c43a35db45350fd479a14dcb1c95268258871322,gap_arms.qwen3-8b-base.20260925.d,c,,,,,,,,,controlled_representation_minus_likelihood,-0.019443178218856,-0.029441836122117,-0.0100222569254257,20260925.0,C_P
rita-xl,,,201.0,163.0,,,,,,wild-type family at 50% identity,2000.0,,,,,,,,,,,,,results/R2/repr_behaviour_gap_20260926/gap_direct_contrast.json,d02eb6d27d66fea0263e2499c43a35db45350fd479a14dcb1c95268258871322,gap_arms.rita-xl.20260923.d,c,,,,,,,,,controlled_representation_minus_likelihood,-0.0039436375952603,-0.0140968806327928,0.0072158584494475,20260923.0,C_P
rita-xl,,,201.0,163.0,,,,,,wild-type family at 50% identity,2000.0,,,,,,,,,,,,,results/R2/repr_behaviour_gap_20260926/gap_direct_contrast.json,d02eb6d27d66fea0263e2499c43a35db45350fd479a14dcb1c95268258871322,gap_arms.rita-xl.20260924.d,c,,,,,,,,,controlled_representation_minus_likelihood,-0.0065022152068616,-0.0168063208629137,0.0041782310973897,20260924.0,C_P
rita-xl,,,201.0,163.0,,,,,,wild-type family at 50% identity,2000.0,,,,,,,,,,,,,results/R2/repr_behaviour_gap_20260926/gap_direct_contrast.json,d02eb6d27d66fea0263e2499c43a35db45350fd479a14dcb1c95268258871322,gap_arms.rita-xl.20260925.d,c,,,,,,,,,controlled_representation_minus_likelihood,-0.0089953838208098,-0.0197200754355125,0.0029877469515916,20260925.0,C_P
progen3-3b,,,164.0,134.0,,,,,,wild-type family at 50% identity,2000.0,,,,,,,,,,,,,results/R5/context_profile_increment_20260923/20260923075017_68b04c315654/context_profile_increment/profile_increment.json,bfb467db60043fd583570f941ea61c4aef1ace37be21892e312d8de648f6ed8a,common_support.profile_increments[arm=progen3-3b].context_rescue.strata.pooled.metrics.delta_spearman,d,,,,,,,,,delta_spearman,0.1006558590469087,0.0616255408130255,0.137810081676404,,
progen3-3b,,,164.0,134.0,,,,,,wild-type family at 50% identity,2000.0,,,,,,,,,,,,,results/R5/context_profile_increment_20260923/20260923075017_68b04c315654/context_profile_increment/profile_increment.json,bfb467db60043fd583570f941ea61c4aef1ace37be21892e312d8de648f6ed8a,common_support.profile_increments[arm=progen3-3b].context_rescue.strata.pooled.metrics.homolog_minus_no_context_spearman,d,,,,,,,,,homolog_minus_no_context_spearman,-0.108958436826685,-0.1381601704904718,-0.0803362505618005,,
proteinglm-7b-clm,,,164.0,134.0,,,,,,wild-type family at 50% identity,2000.0,,,,,,,,,,,,,results/R5/context_profile_increment_20260923/20260923075017_68b04c315654/context_profile_increment/profile_increment.json,bfb467db60043fd583570f941ea61c4aef1ace37be21892e312d8de648f6ed8a,common_support.profile_increments[arm=proteinglm-7b-clm].context_rescue.strata.pooled.metrics.delta_spearman,d,,,,,,,,,delta_spearman,-0.0006658797717458,-0.0155184221277299,0.0132857724578826,,
proteinglm-7b-clm,,,164.0,134.0,,,,,,wild-type family at 50% identity,2000.0,,,,,,,,,,,,,results/R5/context_profile_increment_20260923/20260923075017_68b04c315654/context_profile_increment/profile_increment.json,bfb467db60043fd583570f941ea61c4aef1ace37be21892e312d8de648f6ed8a,common_support.profile_increments[arm=proteinglm-7b-clm].context_rescue.strata.pooled.metrics.homolog_minus_no_context_spearman,d,,,,,,,,,homolog_minus_no_context_spearman,0.0012477850523254,-0.0127860309485379,0.0142822780717048,,
prollama-stage-1,,,164.0,134.0,,,,,,wild-type family at 50% identity,2000.0,,,,,,,,,,,,,results/R5/context_profile_increment_20260923/20260923075017_68b04c315654/context_profile_increment/profile_increment.json,bfb467db60043fd583570f941ea61c4aef1ace37be21892e312d8de648f6ed8a,common_support.profile_increments[arm=prollama-stage-1].context_rescue.strata.pooled.metrics.delta_spearman,d,,,,,,,,,delta_spearman,0.1369447467759889,0.0978494036477705,0.1777795743400212,,
prollama-stage-1,,,164.0,134.0,,,,,,wild-type family at 50% identity,2000.0,,,,,,,,,,,,,results/R5/context_profile_increment_20260923/20260923075017_68b04c315654/context_profile_increment/profile_increment.json,bfb467db60043fd583570f941ea61c4aef1ace37be21892e312d8de648f6ed8a,common_support.profile_increments[arm=prollama-stage-1].context_rescue.strata.pooled.metrics.homolog_minus_no_context_spearman,d,,,,,,,,,homolog_minus_no_context_spearman,0.139036701271128,0.1016207674095557,0.1752234073171756,,
prollama,,,164.0,134.0,,,,,,wild-type family at 50% identity,2000.0,,,,,,,,,,,,,results/R5/context_profile_increment_20260923/20260923075017_68b04c315654/context_profile_increment/profile_increment.json,bfb467db60043fd583570f941ea61c4aef1ace37be21892e312d8de648f6ed8a,common_support.profile_increments[arm=prollama].context_rescue.strata.pooled.metrics.delta_spearman,d,,,,,,,,,delta_spearman,0.1252616879499781,0.0904364018785229,0.1615799297361382,,
prollama,,,164.0,134.0,,,,,,wild-type family at 50% identity,2000.0,,,,,,,,,,,,,results/R5/context_profile_increment_20260923/20260923075017_68b04c315654/context_profile_increment/profile_increment.json,bfb467db60043fd583570f941ea61c4aef1ace37be21892e312d8de648f6ed8a,common_support.profile_increments[arm=prollama].context_rescue.strata.pooled.metrics.homolog_minus_no_context_spearman,d,,,,,,,,,homolog_minus_no_context_spearman,0.0902866586443039,0.0535078756919404,0.1284435294789864,,
