arm,estimate,ci_low,ci_high,baseline_mse,groups,cycles,site_pairs,simultaneous_family,bootstrap_resamples,baseline_source_path,baseline_source_sha256,baseline_source_pointer,source_path,source_sha256,source_pointer,panel,variants,sites,family,endpoint,unit,unit_label,n_units,effective_units_kish,measured_scale,contact_site_pairs,split_seed,target
bygpt5-base-en,-0.0001270211958728,-0.0004434628980628,0.000189420506317,0.3031060712216616,64.0,8192.0,217.0,33.0,10000.0,results/R3/pairwise_residual_full_panel_20260927/residual_bygpt5-base-en.json,2b79ddc49ce4a0a4355f2ed22d2c6daaf7bcf76c555108ebacad5accd5806cfe,mean(seeds.*.control_group_equal_mse_kcal2.point),results/R3/pairwise_residual_full_panel_20260927/panel.json,db512c07bb597829f4214dc09d0a3ae63b39ac6a509e2be75db7484ffc7c5a94,arms.bygpt5-base-en,c,,,,,,,,,,,,
bygpt5-medium-en,-8.19988009911533e-05,-0.0003354948965654,0.0001714972945831,0.3031060712216616,64.0,8192.0,217.0,33.0,10000.0,results/R3/pairwise_residual_full_panel_20260927/residual_bygpt5-medium-en.json,40bd692a26497e3f68ba2aea2e4bbd400516085ba19ad1ea6a172cc9447f6f3d,mean(seeds.*.control_group_equal_mse_kcal2.point),results/R3/pairwise_residual_full_panel_20260927/panel.json,db512c07bb597829f4214dc09d0a3ae63b39ac6a509e2be75db7484ffc7c5a94,arms.bygpt5-medium-en,c,,,,,,,,,,,,
bygpt5-small-en,-2.1280157399102e-05,-4.966088382894317e-05,7.100569030739171e-06,0.3031060712216616,64.0,8192.0,217.0,33.0,10000.0,results/R3/pairwise_residual_full_panel_20260927/residual_bygpt5-small-en.json,2dc96f6340d8e3c919ae464028e31843988559d4819503ce9e6ce3ea5cb3d457,mean(seeds.*.control_group_equal_mse_kcal2.point),results/R3/pairwise_residual_full_panel_20260927/panel.json,db512c07bb597829f4214dc09d0a3ae63b39ac6a509e2be75db7484ffc7c5a94,arms.bygpt5-small-en,c,,,,,,,,,,,,
dialogpt-small,0.0001219524708598,-0.0001626478769105,0.0004065528186303,0.301224061961922,64.0,8192.0,217.0,33.0,10000.0,results/R3/pairwise_residual_full_panel_20260927/residual_dialogpt-small.json,dab11749fb3f72fe8261c28ebaa777ca31bae56a605ad6670c279ef1bfe3b594,mean(seeds.*.control_group_equal_mse_kcal2.point),results/R3/pairwise_residual_full_panel_20260927/panel.json,db512c07bb597829f4214dc09d0a3ae63b39ac6a509e2be75db7484ffc7c5a94,arms.dialogpt-small,c,,,,,,,,,,,,
galactica-1.3b,-2.002593598440512e-05,-0.000120530749336,8.047887736721059e-05,0.3031060712216616,64.0,8192.0,217.0,33.0,10000.0,results/R3/pairwise_residual_full_panel_20260927/residual_galactica-1.3b.json,f292b919fe029ba6424ab59713938d262ca4cdd2b3880e161321c53c1a730de5,mean(seeds.*.control_group_equal_mse_kcal2.point),results/R3/pairwise_residual_full_panel_20260927/panel.json,db512c07bb597829f4214dc09d0a3ae63b39ac6a509e2be75db7484ffc7c5a94,arms.galactica-1.3b,c,,,,,,,,,,,,
galactica-125m,0.0015861103363209,-0.0015123563530438,0.0046845770256858,0.3031060712216616,64.0,8192.0,217.0,33.0,10000.0,results/R3/pairwise_residual_full_panel_20260927/residual_galactica-125m.json,a5834baaa14ec260037dca0847232316e56e70e1c3c512d5ce78c0f9ec92714a,mean(seeds.*.control_group_equal_mse_kcal2.point),results/R3/pairwise_residual_full_panel_20260927/panel.json,db512c07bb597829f4214dc09d0a3ae63b39ac6a509e2be75db7484ffc7c5a94,arms.galactica-125m,c,,,,,,,,,,,,
galactica-30b,-8.962315283256211e-05,-0.0002131754340823,3.3929128417219167e-05,0.3031060712216616,64.0,8192.0,217.0,33.0,10000.0,results/R3/pairwise_residual_full_panel_20260927/residual_galactica-30b.json,101380a562c968ea6abd106ae7238307e6c90194d2a16501c3f1b2ea8380b9fa,mean(seeds.*.control_group_equal_mse_kcal2.point),results/R3/pairwise_residual_full_panel_20260927/panel.json,db512c07bb597829f4214dc09d0a3ae63b39ac6a509e2be75db7484ffc7c5a94,arms.galactica-30b,c,,,,,,,,,,,,
galactica-6.7b,-1.5284769110325982e-05,-3.3989552472098224e-05,3.420014251446263e-06,0.3031060712216616,64.0,8192.0,217.0,33.0,10000.0,results/R3/pairwise_residual_full_panel_20260927/residual_galactica-6.7b.json,dc0b17ff202bb1d5354b39639f7771c8a0e663f7ef5dc6934fcd59b8a0477e34,mean(seeds.*.control_group_equal_mse_kcal2.point),results/R3/pairwise_residual_full_panel_20260927/panel.json,db512c07bb597829f4214dc09d0a3ae63b39ac6a509e2be75db7484ffc7c5a94,arms.galactica-6.7b,c,,,,,,,,,,,,
gpt2,7.210920329606295e-05,-0.0002005991910314,0.0003448175976235,0.301224061961922,64.0,8192.0,217.0,33.0,10000.0,results/R3/pairwise_residual_full_panel_20260927/residual_gpt2.json,db668f5d7c66691e27479d16fe9e629afd593a7f0cde3cadccd740cfb81c0818,mean(seeds.*.control_group_equal_mse_kcal2.point),results/R3/pairwise_residual_full_panel_20260927/panel.json,db512c07bb597829f4214dc09d0a3ae63b39ac6a509e2be75db7484ffc7c5a94,arms.gpt2,c,,,,,,,,,,,,
gpt2-large,-4.001910773132513e-05,-0.0001409441055791,6.0905890116537214e-05,0.301224061961922,64.0,8192.0,217.0,33.0,10000.0,results/R3/pairwise_residual_full_panel_20260927/residual_gpt2-large.json,d7e0fa13c60a679dbfb3a367213326aa7da05213120e870d4848d913e1a17bbd,mean(seeds.*.control_group_equal_mse_kcal2.point),results/R3/pairwise_residual_full_panel_20260927/panel.json,db512c07bb597829f4214dc09d0a3ae63b39ac6a509e2be75db7484ffc7c5a94,arms.gpt2-large,c,,,,,,,,,,,,
gpt2-medium,-2.474086688962275e-05,-0.0001493786416216,9.989690784242608e-05,0.301224061961922,64.0,8192.0,217.0,33.0,10000.0,results/R3/pairwise_residual_full_panel_20260927/residual_gpt2-medium.json,4c643cf5b4c5be44b5889bd0d1ac892d1c04f9592fd9b89efc077cba2bd62f0f,mean(seeds.*.control_group_equal_mse_kcal2.point),results/R3/pairwise_residual_full_panel_20260927/panel.json,db512c07bb597829f4214dc09d0a3ae63b39ac6a509e2be75db7484ffc7c5a94,arms.gpt2-medium,c,,,,,,,,,,,,
gpt2-xl,6.259980671174829e-06,-0.0001495953161928,0.0001621152775351,0.301224061961922,64.0,8192.0,217.0,33.0,10000.0,results/R3/pairwise_residual_full_panel_20260927/residual_gpt2-xl.json,f839fba0ddb47dbe45686095fd307eb197f94c5422ee8c596d7806f2446b0641,mean(seeds.*.control_group_equal_mse_kcal2.point),results/R3/pairwise_residual_full_panel_20260927/panel.json,db512c07bb597829f4214dc09d0a3ae63b39ac6a509e2be75db7484ffc7c5a94,arms.gpt2-xl,c,,,,,,,,,,,,
instructprotein,-7.368179465786713e-05,-0.0002397096885263,9.23460992105993e-05,0.3031060712216616,64.0,8192.0,217.0,33.0,10000.0,results/R3/pairwise_residual_full_panel_20260927/residual_instructprotein.json,cda1490a83ec8c4466132f2e637afd4bd1cf117789a16c1fb555dd2b8109e032,mean(seeds.*.control_group_equal_mse_kcal2.point),results/R3/pairwise_residual_full_panel_20260927/panel.json,db512c07bb597829f4214dc09d0a3ae63b39ac6a509e2be75db7484ffc7c5a94,arms.instructprotein,c,,,,,,,,,,,,
llama-2-7b,-2.018737437529411e-05,-5.122641781488446e-05,1.085166906429624e-05,0.3035445053692652,64.0,8192.0,217.0,33.0,10000.0,results/R3/pairwise_residual_full_panel_20260927/residual_llama-2-7b.json,badbc88119cd34375c7d454a3d10138110b861d1253d6ce73183b90142562ab7,mean(seeds.*.control_group_equal_mse_kcal2.point),results/R3/pairwise_residual_full_panel_20260927/panel.json,db512c07bb597829f4214dc09d0a3ae63b39ac6a509e2be75db7484ffc7c5a94,arms.llama-2-7b,c,,,,,,,,,,,,
llama-3.2-3b,1.2471790774760751e-05,-0.0001179768339175,0.0001429204154671,0.3033733794724837,64.0,8192.0,217.0,33.0,10000.0,results/R3/pairwise_residual_full_panel_20260927/residual_llama-3.2-3b.json,42b3da829f492f5097abc6cc4c7bb0505d1a6a1c1e17ae1bc2b0d9642fefbd9b,mean(seeds.*.control_group_equal_mse_kcal2.point),results/R3/pairwise_residual_full_panel_20260927/panel.json,db512c07bb597829f4214dc09d0a3ae63b39ac6a509e2be75db7484ffc7c5a94,arms.llama-3.2-3b,c,,,,,,,,,,,,
progen2-base,-7.198524757282357e-05,-0.0002007328892674,5.676239412179076e-05,0.3031060712216616,64.0,8192.0,217.0,33.0,10000.0,results/R3/pairwise_residual_full_panel_20260927/residual_progen2-base.json,89d637ea121ada8710a1f45a08ca0819a33c6761c832da94316a8a4071605a7b,mean(seeds.*.control_group_equal_mse_kcal2.point),results/R3/pairwise_residual_full_panel_20260927/panel.json,db512c07bb597829f4214dc09d0a3ae63b39ac6a509e2be75db7484ffc7c5a94,arms.progen2-base,c,,,,,,,,,,,,
progen2-large,0.0017777022117945,-0.0013954862128223,0.0049508906364113,0.3031060712216616,64.0,8192.0,217.0,33.0,10000.0,results/R3/pairwise_residual_full_panel_20260927/residual_progen2-large.json,867c446c2af631e52401c4db702496f8c5fb1167752fbab20ee3d66b82c32d42,mean(seeds.*.control_group_equal_mse_kcal2.point),results/R3/pairwise_residual_full_panel_20260927/panel.json,db512c07bb597829f4214dc09d0a3ae63b39ac6a509e2be75db7484ffc7c5a94,arms.progen2-large,c,,,,,,,,,,,,
progen2-medium,-9.603778867743032e-05,-0.000245916130751,5.384055339618593e-05,0.3031060712216616,64.0,8192.0,217.0,33.0,10000.0,results/R3/pairwise_residual_full_panel_20260927/residual_progen2-medium.json,5bb7322413a384d932fbd0adf831d2b895db25a2c5f2d52215d6122acb12f2e9,mean(seeds.*.control_group_equal_mse_kcal2.point),results/R3/pairwise_residual_full_panel_20260927/panel.json,db512c07bb597829f4214dc09d0a3ae63b39ac6a509e2be75db7484ffc7c5a94,arms.progen2-medium,c,,,,,,,,,,,,
progen2-small,2.317505524859482e-05,-0.0001985207653161,0.0002448708758133,0.3031060712216616,64.0,8192.0,217.0,33.0,10000.0,results/R3/pairwise_residual_full_panel_20260927/residual_progen2-small.json,3377091f9d0f5a9a2313c5ffff1c24a7053a90e5810728c7b258877d95d9cd1b,mean(seeds.*.control_group_equal_mse_kcal2.point),results/R3/pairwise_residual_full_panel_20260927/panel.json,db512c07bb597829f4214dc09d0a3ae63b39ac6a509e2be75db7484ffc7c5a94,arms.progen2-small,c,,,,,,,,,,,,
progen2-xlarge,5.045323589161973e-05,-0.0002014382192661,0.0003023446910493,0.3031060712216616,64.0,8192.0,217.0,33.0,10000.0,results/R3/pairwise_residual_full_panel_20260927/residual_progen2-xlarge.json,19b4131f80a397c2c25cecacc15fb16a97814216b99980494f218cf476196700,mean(seeds.*.control_group_equal_mse_kcal2.point),results/R3/pairwise_residual_full_panel_20260927/panel.json,db512c07bb597829f4214dc09d0a3ae63b39ac6a509e2be75db7484ffc7c5a94,arms.progen2-xlarge,c,,,,,,,,,,,,
progen3-112m,-7.415832525083197e-05,-0.0004110071343236,0.0002626904838219,0.3031060712216616,64.0,8192.0,217.0,33.0,10000.0,results/R3/pairwise_residual_full_panel_20260927/residual_progen3-112m.json,0fedf6fd46a3ce9fc35fd11187a0628b94b23f8ab75a286ef9c4164631bb1553,mean(seeds.*.control_group_equal_mse_kcal2.point),results/R3/pairwise_residual_full_panel_20260927/panel.json,db512c07bb597829f4214dc09d0a3ae63b39ac6a509e2be75db7484ffc7c5a94,arms.progen3-112m,c,,,,,,,,,,,,
progen3-3b,-4.8466618089360746e-05,-0.0001960829175729,9.914968139421463e-05,0.3031060712216616,64.0,8192.0,217.0,33.0,10000.0,results/R3/pairwise_residual_full_panel_20260927/residual_progen3-3b.json,8f9490c8012def8d35ce2895327f5764f31c8b0255df912f8c461ba59cc58135,mean(seeds.*.control_group_equal_mse_kcal2.point),results/R3/pairwise_residual_full_panel_20260927/panel.json,db512c07bb597829f4214dc09d0a3ae63b39ac6a509e2be75db7484ffc7c5a94,arms.progen3-3b,c,,,,,,,,,,,,
prollama,3.974677495795413e-06,-0.0001743237165882,0.0001822730715798,0.3035445053692652,64.0,8192.0,217.0,33.0,10000.0,results/R3/pairwise_residual_full_panel_20260927/residual_prollama.json,536de6b15f31055ea93b3d7a6736f76f40b573ed4e106004c45057b1f8b3087c,mean(seeds.*.control_group_equal_mse_kcal2.point),results/R3/pairwise_residual_full_panel_20260927/panel.json,db512c07bb597829f4214dc09d0a3ae63b39ac6a509e2be75db7484ffc7c5a94,arms.prollama,c,,,,,,,,,,,,
prollama-stage-1,-3.257625936500344e-05,-0.0001180077148833,5.285519615336616e-05,0.3035445053692652,64.0,8192.0,217.0,33.0,10000.0,results/R3/pairwise_residual_full_panel_20260927/residual_prollama-stage-1.json,6bf8450ee11463439218d806f6601a48d9066de18ccaa54ce55b82b9c4534270,mean(seeds.*.control_group_equal_mse_kcal2.point),results/R3/pairwise_residual_full_panel_20260927/panel.json,db512c07bb597829f4214dc09d0a3ae63b39ac6a509e2be75db7484ffc7c5a94,arms.prollama-stage-1,c,,,,,,,,,,,,
proteinglm-7b-clm,0.0001799440620537,-0.000195099627231,0.0005549877513384,0.3031060712216616,64.0,8192.0,217.0,33.0,10000.0,results/R3/pairwise_residual_full_panel_20260927/residual_proteinglm-7b-clm.json,cf47186146ab4ffdbe518abfb22b4ffddebc00b96333d07e07aafec0a7f1fa81,mean(seeds.*.control_group_equal_mse_kcal2.point),results/R3/pairwise_residual_full_panel_20260927/panel.json,db512c07bb597829f4214dc09d0a3ae63b39ac6a509e2be75db7484ffc7c5a94,arms.proteinglm-7b-clm,c,,,,,,,,,,,,
protgpt2,-3.430955386198258e-05,-0.0001815590502264,0.0001129399425024,0.3007952481919455,64.0,8192.0,217.0,33.0,10000.0,results/R3/pairwise_residual_full_panel_20260927/residual_protgpt2.json,e6d6cece5d3fea72cf614f5cddba13a6304746c6f4aee5e6fc934ca2da080bf1,mean(seeds.*.control_group_equal_mse_kcal2.point),results/R3/pairwise_residual_full_panel_20260927/panel.json,db512c07bb597829f4214dc09d0a3ae63b39ac6a509e2be75db7484ffc7c5a94,arms.protgpt2,c,,,,,,,,,,,,
protgpt3-1.3b,3.761420863146904e-05,-0.0001121468971119,0.0001873753143749,0.3031060712216616,64.0,8192.0,217.0,33.0,10000.0,results/R3/pairwise_residual_full_panel_20260927/residual_protgpt3-1.3b.json,78df518e089f926aa92bf5729cb43d78d0ab2922d378f44e5edd5d038084bf79,mean(seeds.*.control_group_equal_mse_kcal2.point),results/R3/pairwise_residual_full_panel_20260927/panel.json,db512c07bb597829f4214dc09d0a3ae63b39ac6a509e2be75db7484ffc7c5a94,arms.protgpt3-1.3b,c,,,,,,,,,,,,
qwen2.5-0.5b,-3.5245017682863175e-05,-8.754418996195304e-05,1.7054154596226686e-05,0.3033752772834641,64.0,8192.0,217.0,33.0,10000.0,results/R3/pairwise_residual_full_panel_20260927/residual_qwen2.5-0.5b.json,15663ca9988046e99c8396973a30e3c6fe5d4476bacba892cf205fd922db6b40,mean(seeds.*.control_group_equal_mse_kcal2.point),results/R3/pairwise_residual_full_panel_20260927/panel.json,db512c07bb597829f4214dc09d0a3ae63b39ac6a509e2be75db7484ffc7c5a94,arms.qwen2.5-0.5b,c,,,,,,,,,,,,
qwen2.5-0.5b-instruct,1.9765890575433563e-05,-6.072034919476258e-05,0.0001002521303456,0.3033752772834641,64.0,8192.0,217.0,33.0,10000.0,results/R3/pairwise_residual_full_panel_20260927/residual_qwen2.5-0.5b-instruct.json,f5b45b8b80a1f35ac78dbb51c390f0f937b0b58a1872772dd7770a2ad4fd923b,mean(seeds.*.control_group_equal_mse_kcal2.point),results/R3/pairwise_residual_full_panel_20260927/panel.json,db512c07bb597829f4214dc09d0a3ae63b39ac6a509e2be75db7484ffc7c5a94,arms.qwen2.5-0.5b-instruct,c,,,,,,,,,,,,
qwen2.5-32b,-1.6584448002316528e-05,-5.117582113943969e-05,1.8006925134806636e-05,0.3033752772834641,64.0,8192.0,217.0,33.0,10000.0,results/R3/pairwise_residual_full_panel_20260927/residual_qwen2.5-32b.json,dcf2082547506567a9a9d2c1c4d08d4d80b0df951854c331c211aa2f653bceae,mean(seeds.*.control_group_equal_mse_kcal2.point),results/R3/pairwise_residual_full_panel_20260927/panel.json,db512c07bb597829f4214dc09d0a3ae63b39ac6a509e2be75db7484ffc7c5a94,arms.qwen2.5-32b,c,,,,,,,,,,,,
qwen2.5-7b,-3.39983233818344e-05,-0.0001134256061511,4.54289593874476e-05,0.3033752772834641,64.0,8192.0,217.0,33.0,10000.0,results/R3/pairwise_residual_full_panel_20260927/residual_qwen2.5-7b.json,d1ac33f087572e6507ce2067caa0b3f37b398b95649c4869d824be857c48aa7e,mean(seeds.*.control_group_equal_mse_kcal2.point),results/R3/pairwise_residual_full_panel_20260927/panel.json,db512c07bb597829f4214dc09d0a3ae63b39ac6a509e2be75db7484ffc7c5a94,arms.qwen2.5-7b,c,,,,,,,,,,,,
qwen3-8b-base,-3.3577253893183665e-05,-0.0001212621280013,5.410762021501986e-05,0.3033752772834641,64.0,8192.0,217.0,33.0,10000.0,results/R3/pairwise_residual_full_panel_20260927/residual_qwen3-8b-base.json,61bb0d6cab035a461131b78ab3f08de4517e29d437301bb4e84a8737b5eb3922,mean(seeds.*.control_group_equal_mse_kcal2.point),results/R3/pairwise_residual_full_panel_20260927/panel.json,db512c07bb597829f4214dc09d0a3ae63b39ac6a509e2be75db7484ffc7c5a94,arms.qwen3-8b-base,c,,,,,,,,,,,,
rita-xl,-2.9633080066164675e-05,-0.00020303049424,0.0001437643341077,0.3031060712216616,64.0,8192.0,217.0,33.0,10000.0,results/R3/pairwise_residual_full_panel_20260927/residual_rita-xl.json,2f3f9e5a32dd55dd6537734a0db26f495c47d7a694c9bfd6b3d341f9dcef627e,mean(seeds.*.control_group_equal_mse_kcal2.point),results/R3/pairwise_residual_full_panel_20260927/panel.json,db512c07bb597829f4214dc09d0a3ae63b39ac6a509e2be75db7484ffc7c5a94,arms.rita-xl,c,,,,,,,,,,,,
bygpt5-base-en,-8.029493893100933e-05,-0.0005783688198509,0.0004177789419889,0.6524996743119598,101.0,,,33.0,10000.0,results/R4/stability_likelihood_replay_20260927/bygpt5-base-en.json,e4080e3ca409a1fd4980803e6b5d271fe598c9cba5dcbd967172c4e7e8450330,mean(seeds.*.baseline_mse),results/R4/stability_likelihood_replay_20260927/panel.json,1bfd4df0dfb0d44c8b9cdcf71cb97a6c495a4f2f5120a5ce2e1bfcc840c5f004,primary.point.0,d,25856.0,5664.0,,,,,,,,,,
bygpt5-medium-en,-0.0001293721212747,-0.0005306380439148,0.0002718938013654,0.6524996743119598,101.0,,,33.0,10000.0,results/R4/stability_likelihood_replay_20260927/bygpt5-medium-en.json,36819fcc3d9a6d1671a251955686ea97f0a7da2499239512529bb3b43b2c6c2b,mean(seeds.*.baseline_mse),results/R4/stability_likelihood_replay_20260927/panel.json,1bfd4df0dfb0d44c8b9cdcf71cb97a6c495a4f2f5120a5ce2e1bfcc840c5f004,primary.point.1,d,25856.0,5664.0,,,,,,,,,,
bygpt5-small-en,-8.873755769649211e-05,-0.0002487327533536,7.125763796064025e-05,0.6524996743119598,101.0,,,33.0,10000.0,results/R4/stability_likelihood_replay_20260927/bygpt5-small-en.json,f87faf6e3e94f1c1319033c9d35dc17e70038728bd3b23460ba240f0a63d4ef8,mean(seeds.*.baseline_mse),results/R4/stability_likelihood_replay_20260927/panel.json,1bfd4df0dfb0d44c8b9cdcf71cb97a6c495a4f2f5120a5ce2e1bfcc840c5f004,primary.point.2,d,25856.0,5664.0,,,,,,,,,,
dialogpt-small,-0.0001080849230509,-0.0002407268601323,2.455701403050323e-05,0.6524996743119598,101.0,,,33.0,10000.0,results/R4/stability_likelihood_replay_20260927/dialogpt-small.json,92e740ec5db74c3081c604d9caf20049b9cf2c76897b5249af74235b99d10e0f,mean(seeds.*.baseline_mse),results/R4/stability_likelihood_replay_20260927/panel.json,1bfd4df0dfb0d44c8b9cdcf71cb97a6c495a4f2f5120a5ce2e1bfcc840c5f004,primary.point.3,d,25856.0,5664.0,,,,,,,,,,
galactica-1.3b,0.0004671506359622,-0.0003974701111128,0.0013317713830373,0.6524996743119598,101.0,,,33.0,10000.0,results/R4/stability_likelihood_replay_20260927/galactica-1.3b.json,92d0d419fb9055874263da2d5e35058557981ecba3a5bc4fc47029c4d7020f31,mean(seeds.*.baseline_mse),results/R4/stability_likelihood_replay_20260927/panel.json,1bfd4df0dfb0d44c8b9cdcf71cb97a6c495a4f2f5120a5ce2e1bfcc840c5f004,primary.point.4,d,25856.0,5664.0,,,,,,,,,,
galactica-125m,6.226623375842775e-05,-0.0004070220318766,0.0005315544993935,0.6524996743119598,101.0,,,33.0,10000.0,results/R4/stability_likelihood_replay_20260927/galactica-125m.json,1f1a7b5625af333b3aa9af7463635c60ca1d8b5c4d9c6993c12052b0a7ec6a13,mean(seeds.*.baseline_mse),results/R4/stability_likelihood_replay_20260927/panel.json,1bfd4df0dfb0d44c8b9cdcf71cb97a6c495a4f2f5120a5ce2e1bfcc840c5f004,primary.point.5,d,25856.0,5664.0,,,,,,,,,,
galactica-30b,0.0009346758055751,-0.0016971674687358,0.0035665190798862,0.6524996743119598,101.0,,,33.0,10000.0,results/R4/stability_likelihood_replay_20260927/galactica-30b.json,35cd3da54ea7ca72d9492a3753c56cc6fccfff164b449cdeb4858fc366a3cb56,mean(seeds.*.baseline_mse),results/R4/stability_likelihood_replay_20260927/panel.json,1bfd4df0dfb0d44c8b9cdcf71cb97a6c495a4f2f5120a5ce2e1bfcc840c5f004,primary.point.6,d,25856.0,5664.0,,,,,,,,,,
galactica-6.7b,0.0007871437849116,-0.0007748573276829,0.0023491448975063,0.6524996743119598,101.0,,,33.0,10000.0,results/R4/stability_likelihood_replay_20260927/galactica-6.7b.json,67437ab2f017e79e9bfa78cd4ba12d2761a9ec6ad6e455ca13322cea4314a4bf,mean(seeds.*.baseline_mse),results/R4/stability_likelihood_replay_20260927/panel.json,1bfd4df0dfb0d44c8b9cdcf71cb97a6c495a4f2f5120a5ce2e1bfcc840c5f004,primary.point.7,d,25856.0,5664.0,,,,,,,,,,
gpt2,-5.174235321131382e-05,-0.0002041874298181,0.0001007027233955,0.6524996743119598,101.0,,,33.0,10000.0,results/R4/stability_likelihood_replay_20260927/gpt2.json,14d6c9ae009888eef94a31828faae25f7b4c880578846676d1811f573bc871e8,mean(seeds.*.baseline_mse),results/R4/stability_likelihood_replay_20260927/panel.json,1bfd4df0dfb0d44c8b9cdcf71cb97a6c495a4f2f5120a5ce2e1bfcc840c5f004,primary.point.8,d,25856.0,5664.0,,,,,,,,,,
gpt2-large,1.0180868368933217e-05,-0.0003450099641085,0.0003653717008463,0.6524996743119598,101.0,,,33.0,10000.0,results/R4/stability_likelihood_replay_20260927/gpt2-large.json,69c51efec6a3428349dd78b1049fa4a34ad327dfd657ee6dbf211b80aad54b2f,mean(seeds.*.baseline_mse),results/R4/stability_likelihood_replay_20260927/panel.json,1bfd4df0dfb0d44c8b9cdcf71cb97a6c495a4f2f5120a5ce2e1bfcc840c5f004,primary.point.9,d,25856.0,5664.0,,,,,,,,,,
gpt2-medium,-0.000120095830891,-0.0006108952718767,0.0003707036100946,0.6524996743119598,101.0,,,33.0,10000.0,results/R4/stability_likelihood_replay_20260927/gpt2-medium.json,19fa7b681b1eb78cf4885f08db4120411163bfbdcecee501c2c798e9aace3a34,mean(seeds.*.baseline_mse),results/R4/stability_likelihood_replay_20260927/panel.json,1bfd4df0dfb0d44c8b9cdcf71cb97a6c495a4f2f5120a5ce2e1bfcc840c5f004,primary.point.10,d,25856.0,5664.0,,,,,,,,,,
gpt2-xl,4.6126196291763183e-05,-0.0006021910507698,0.0006944434433534,0.6524996743119598,101.0,,,33.0,10000.0,results/R4/stability_likelihood_replay_20260927/gpt2-xl.json,126d16b70f82834709b7589e8f8e7a4266e2cbd0507118d416bb87a6a5005d2c,mean(seeds.*.baseline_mse),results/R4/stability_likelihood_replay_20260927/panel.json,1bfd4df0dfb0d44c8b9cdcf71cb97a6c495a4f2f5120a5ce2e1bfcc840c5f004,primary.point.11,d,25856.0,5664.0,,,,,,,,,,
instructprotein,-0.0012416954498689,-0.0046517819532601,0.0021683910535222,0.6524996743119598,101.0,,,33.0,10000.0,results/R4/stability_likelihood_replay_20260927/instructprotein.json,741cfe148225c9f2e200e3aa2c67835f99869994cdbc35cb46ba2efcc6776876,mean(seeds.*.baseline_mse),results/R4/stability_likelihood_replay_20260927/panel.json,1bfd4df0dfb0d44c8b9cdcf71cb97a6c495a4f2f5120a5ce2e1bfcc840c5f004,primary.point.12,d,25856.0,5664.0,,,,,,,,,,
llama-2-7b,-0.000158152270865,-0.0004957471148612,0.0001794425731312,0.6524996743119598,101.0,,,33.0,10000.0,results/R4/stability_likelihood_replay_20260927/llama-2-7b.json,189a8959fcd19dd5fea0b382fb300010aa7dc039f5cb26a41ab5dde33decc58c,mean(seeds.*.baseline_mse),results/R4/stability_likelihood_replay_20260927/panel.json,1bfd4df0dfb0d44c8b9cdcf71cb97a6c495a4f2f5120a5ce2e1bfcc840c5f004,primary.point.13,d,25856.0,5664.0,,,,,,,,,,
llama-3.2-3b,-0.0001670372835845,-0.0004197094309908,8.56348638217405e-05,0.6524996743119598,101.0,,,33.0,10000.0,results/R4/stability_likelihood_replay_20260927/llama-3.2-3b.json,8033d8b08be1287df91b43d47e7444b84de5eeb1fc941cbb50ef2dabd5cd8b7d,mean(seeds.*.baseline_mse),results/R4/stability_likelihood_replay_20260927/panel.json,1bfd4df0dfb0d44c8b9cdcf71cb97a6c495a4f2f5120a5ce2e1bfcc840c5f004,primary.point.14,d,25856.0,5664.0,,,,,,,,,,
progen2-base,0.0056620176805324,-0.0045203756554975,0.0158444110165624,0.6524996743119598,101.0,,,33.0,10000.0,results/R4/stability_likelihood_replay_20260927/progen2-base.json,7507f8e42028da1cf0a63f8e3edcdc926783521df980fe9e441b9802d8283d14,mean(seeds.*.baseline_mse),results/R4/stability_likelihood_replay_20260927/panel.json,1bfd4df0dfb0d44c8b9cdcf71cb97a6c495a4f2f5120a5ce2e1bfcc840c5f004,primary.point.15,d,25856.0,5664.0,,,,,,,,,,
progen2-large,0.0042965105871078,-0.0054898824165007,0.0140829035907164,0.6524996743119598,101.0,,,33.0,10000.0,results/R4/stability_likelihood_replay_20260927/progen2-large.json,8350ad9a910de4ed64a79ceeff9e378694d3a7351a6ad3b9bcc2078a6f86066d,mean(seeds.*.baseline_mse),results/R4/stability_likelihood_replay_20260927/panel.json,1bfd4df0dfb0d44c8b9cdcf71cb97a6c495a4f2f5120a5ce2e1bfcc840c5f004,primary.point.16,d,25856.0,5664.0,,,,,,,,,,
progen2-medium,0.0073299364615841,-0.0040663032718284,0.0187261761949966,0.6524996743119598,101.0,,,33.0,10000.0,results/R4/stability_likelihood_replay_20260927/progen2-medium.json,79af9d171b22d57cbafda74fe497f6a7b3791d87be7eaa98d9564e1d39158a32,mean(seeds.*.baseline_mse),results/R4/stability_likelihood_replay_20260927/panel.json,1bfd4df0dfb0d44c8b9cdcf71cb97a6c495a4f2f5120a5ce2e1bfcc840c5f004,primary.point.17,d,25856.0,5664.0,,,,,,,,,,
progen2-small,0.0048476626676534,-0.0047618727307357,0.0144571980660425,0.6524996743119598,101.0,,,33.0,10000.0,results/R4/stability_likelihood_replay_20260927/progen2-small.json,acc8a4d78d1b652a9d0161aa6845bf5df1242a977d7f89c534be18f68a5e475d,mean(seeds.*.baseline_mse),results/R4/stability_likelihood_replay_20260927/panel.json,1bfd4df0dfb0d44c8b9cdcf71cb97a6c495a4f2f5120a5ce2e1bfcc840c5f004,primary.point.18,d,25856.0,5664.0,,,,,,,,,,
progen2-xlarge,0.0064782405005644,-0.0036662117249256,0.0166226927260546,0.6524996743119598,101.0,,,33.0,10000.0,results/R4/stability_likelihood_replay_20260927/progen2-xlarge.json,245587cb620821543e25f15a02f9f03aecd77c5b024713f9417c8f75546e98fe,mean(seeds.*.baseline_mse),results/R4/stability_likelihood_replay_20260927/panel.json,1bfd4df0dfb0d44c8b9cdcf71cb97a6c495a4f2f5120a5ce2e1bfcc840c5f004,primary.point.19,d,25856.0,5664.0,,,,,,,,,,
progen3-112m,0.0083913633832057,-2.6891863696823504e-05,0.0168096186301083,0.6524996743119598,101.0,,,33.0,10000.0,results/R4/stability_likelihood_replay_20260927/progen3-112m.json,da9eb551235649edaf7a67293401040f250e39ab388170fa0e345de3aa19845c,mean(seeds.*.baseline_mse),results/R4/stability_likelihood_replay_20260927/panel.json,1bfd4df0dfb0d44c8b9cdcf71cb97a6c495a4f2f5120a5ce2e1bfcc840c5f004,primary.point.20,d,25856.0,5664.0,,,,,,,,,,
progen3-3b,0.0163383043032492,0.0029857387192089,0.0296908698872895,0.6524996743119598,101.0,,,33.0,10000.0,results/R4/stability_likelihood_replay_20260927/progen3-3b.json,2631fe8675f19a931dfb828aa78a2e9960d0fff622adab2708293f95b6d299dc,mean(seeds.*.baseline_mse),results/R4/stability_likelihood_replay_20260927/panel.json,1bfd4df0dfb0d44c8b9cdcf71cb97a6c495a4f2f5120a5ce2e1bfcc840c5f004,primary.point.21,d,25856.0,5664.0,,,,,,,,,,
prollama,0.0086233993510234,0.0001090227915511,0.0171377759104958,0.6524996743119598,101.0,,,33.0,10000.0,results/R4/stability_likelihood_replay_20260927/prollama.json,e29e5763d446f54591ca6491f8b8d066f4d2bab4c7d646c43369cf8915bb377c,mean(seeds.*.baseline_mse),results/R4/stability_likelihood_replay_20260927/panel.json,1bfd4df0dfb0d44c8b9cdcf71cb97a6c495a4f2f5120a5ce2e1bfcc840c5f004,primary.point.22,d,25856.0,5664.0,,,,,,,,,,
prollama-stage-1,0.0073779793948784,-0.0005166127282602,0.015272571518017,0.6524996743119598,101.0,,,33.0,10000.0,results/R4/stability_likelihood_replay_20260927/prollama-stage-1.json,c9024f8fa866bfebbc65367ddb7e53a0d2a440918b25cc66d1143c21dd42fe0d,mean(seeds.*.baseline_mse),results/R4/stability_likelihood_replay_20260927/panel.json,1bfd4df0dfb0d44c8b9cdcf71cb97a6c495a4f2f5120a5ce2e1bfcc840c5f004,primary.point.23,d,25856.0,5664.0,,,,,,,,,,
proteinglm-7b-clm,0.0132295637880909,-0.0003074520023552,0.0267665795785371,0.6524996743119598,101.0,,,33.0,10000.0,results/R4/stability_likelihood_replay_20260927/proteinglm-7b-clm.json,3e807cb9b064dde593d1e408809deca9e28fbdf891f2afe9ad2ff7ec8b40f472,mean(seeds.*.baseline_mse),results/R4/stability_likelihood_replay_20260927/panel.json,1bfd4df0dfb0d44c8b9cdcf71cb97a6c495a4f2f5120a5ce2e1bfcc840c5f004,primary.point.24,d,25856.0,5664.0,,,,,,,,,,
protgpt2,0.0024162977921832,-0.0060366097840059,0.0108692053683723,0.6524996743119598,101.0,,,33.0,10000.0,results/R4/stability_likelihood_replay_20260927/protgpt2.json,f2a1d342f31a70657360cdbffa7bb2688ffc61cd5ebca8028a61e66189db131a,mean(seeds.*.baseline_mse),results/R4/stability_likelihood_replay_20260927/panel.json,1bfd4df0dfb0d44c8b9cdcf71cb97a6c495a4f2f5120a5ce2e1bfcc840c5f004,primary.point.25,d,25856.0,5664.0,,,,,,,,,,
protgpt3-1.3b,0.0047846748042884,-0.0030799021616366,0.0126492517702134,0.6524996743119598,101.0,,,33.0,10000.0,results/R4/stability_likelihood_replay_20260927/protgpt3-1.3b.json,9263455c39bb0eda6234aeaecd423069fd0bc3eb99b644c2b9d0fdb18c0ec436,mean(seeds.*.baseline_mse),results/R4/stability_likelihood_replay_20260927/panel.json,1bfd4df0dfb0d44c8b9cdcf71cb97a6c495a4f2f5120a5ce2e1bfcc840c5f004,primary.point.26,d,25856.0,5664.0,,,,,,,,,,
qwen2.5-0.5b,1.5616358562472456e-06,-0.0003387432269218,0.0003418664986343,0.6524996743119598,101.0,,,33.0,10000.0,results/R4/stability_likelihood_replay_20260927/qwen2.5-0.5b.json,de6adf7dacd58cba53d34962d9f9258faec24756f7bb1c9e48a7bd240dcec85d,mean(seeds.*.baseline_mse),results/R4/stability_likelihood_replay_20260927/panel.json,1bfd4df0dfb0d44c8b9cdcf71cb97a6c495a4f2f5120a5ce2e1bfcc840c5f004,primary.point.27,d,25856.0,5664.0,,,,,,,,,,
qwen2.5-0.5b-instruct,-8.533922855003193e-07,-0.0004653905472523,0.0004636837626813,0.6524996743119598,101.0,,,33.0,10000.0,results/R4/stability_likelihood_replay_20260927/qwen2.5-0.5b-instruct.json,b42672dfeaa33318d287c264ac7e8d55804486ab2ffe34305d002b3cdf6f4345,mean(seeds.*.baseline_mse),results/R4/stability_likelihood_replay_20260927/panel.json,1bfd4df0dfb0d44c8b9cdcf71cb97a6c495a4f2f5120a5ce2e1bfcc840c5f004,primary.point.28,d,25856.0,5664.0,,,,,,,,,,
qwen2.5-32b,-3.105809422339058e-05,-0.0002498790948598,0.000187762906413,0.6524996743119598,101.0,,,33.0,10000.0,results/R4/stability_likelihood_replay_20260927/qwen2.5-32b.json,e2dfd5c0e2d6ac79ce079fc222c51f9f4ef25d8661217a8852a1d97cdb8d2e63,mean(seeds.*.baseline_mse),results/R4/stability_likelihood_replay_20260927/panel.json,1bfd4df0dfb0d44c8b9cdcf71cb97a6c495a4f2f5120a5ce2e1bfcc840c5f004,primary.point.29,d,25856.0,5664.0,,,,,,,,,,
qwen2.5-7b,0.0003145161933831,-0.0005415959117047,0.001170628298471,0.6524996743119598,101.0,,,33.0,10000.0,results/R4/stability_likelihood_replay_20260927/qwen2.5-7b.json,e508ef044748f29c5018998cd352aef1f7d8f547ca68b1b281722208e98bdaa8,mean(seeds.*.baseline_mse),results/R4/stability_likelihood_replay_20260927/panel.json,1bfd4df0dfb0d44c8b9cdcf71cb97a6c495a4f2f5120a5ce2e1bfcc840c5f004,primary.point.30,d,25856.0,5664.0,,,,,,,,,,
qwen3-8b-base,-0.0002073746617629,-0.0004753515615501,6.060223802423676e-05,0.6524996743119598,101.0,,,33.0,10000.0,results/R4/stability_likelihood_replay_20260927/qwen3-8b-base.json,75e00d1e9751319fcd9af28f065380dc5af56b22cff5139b83953c909e25699d,mean(seeds.*.baseline_mse),results/R4/stability_likelihood_replay_20260927/panel.json,1bfd4df0dfb0d44c8b9cdcf71cb97a6c495a4f2f5120a5ce2e1bfcc840c5f004,primary.point.31,d,25856.0,5664.0,,,,,,,,,,
rita-xl,0.0047515014682135,-0.003381716404861,0.0128847193412882,0.6524996743119598,101.0,,,33.0,10000.0,results/R4/stability_likelihood_replay_20260927/rita-xl.json,5201b91a3a073e33ceff4dd129bdc7bd7f61832c90b1786710243f79454e73d7,mean(seeds.*.baseline_mse),results/R4/stability_likelihood_replay_20260927/panel.json,1bfd4df0dfb0d44c8b9cdcf71cb97a6c495a4f2f5120a5ce2e1bfcc840c5f004,primary.point.32,d,25856.0,5664.0,,,,,,,,,,
,3.750358143282801,3.456223683812938,4.10052429276128,,,,,,2000.0,,,,results/shared/followup_support_20260927/exact_stability_qualification.json,eaa0fc67207493f58f41ade3a136de98e51b8fcfea386fd59031152f682c9957,agreement.natural.family_group.agreement.shared_to_discordance_ratio,e/f,,,reliability,single_substitution_stability,wild-type family group,MegaScale model-cohort singles,101.0,101.0,dimensionless ratio,,,
,2.775289355258091,2.3430609131071005,3.2611717131741287,,,,,,2000.0,,,,archive/logs/R3/pairwise_label_instrument_20260923/qualification.json,e33d614a93f6f47f15f2c093925928b3b43bac9e5e6a90b439a8a603742c3e07,variants.both_channel_width.kinds.natural.all.source_cluster.agreement.shared_to_discordance_ratio,e/f,,,reliability,double_mutant_cycle,source cluster,MegaScale double-mutant cycles,92.0,25.065332183815425,dimensionless ratio,,,
,0.506429457361613,0.1778527225789579,0.7418482926359194,,,,,,2000.0,,,,archive/logs/shared/gate_higher_order_extended_20260923/his3_synonymous.json,6354fc6848333c71f33f8e8b9e791913d9e414f455e601a9dcc29f67f2cf766c,orders[order=2].shared_to_discordance_ratio,e/f,,,reliability,order_2_cycle,site tuple,HIS3 order-2 cycles,281.0,122.610975807761,dimensionless ratio,,,
,0.2762104006090756,0.0,0.4964471901325448,,,,,,2000.0,,,,archive/logs/shared/gate_higher_order_extended_20260923/his3_synonymous.json,6354fc6848333c71f33f8e8b9e791913d9e414f455e601a9dcc29f67f2cf766c,orders[order=3].shared_to_discordance_ratio,e/f,,,reliability,order_3_cycle,site tuple,HIS3 order-3 cycles,598.0,119.56438875719608,dimensionless ratio,,,
,0.1916113145391773,-0.0608326774197944,0.4120112602799862,,,,,,2000.0,,,,results/R3/contact_bootstrap_corrected_20260927/epsilon_enrichment.json,61a670461c31e39a7d2d60fcd03628e6d8d16ffd0f308c273b83f9673144095c,supports.indel_excluded.definitions.heavy_atom.endpoints.mean_abs_epsilon.site_pair_equal,e/f,,,contact_enrichment,mean_abs_epsilon,site pair,contact minus matched control,53.0,25.08022720810608,kcal/mol,111.0,,
,-0.0007046105487865,-0.0948055065336057,0.0750910468840673,,,,,,2000.0,,,,results/R3/contact_bootstrap_corrected_20260927/epsilon_enrichment.json,61a670461c31e39a7d2d60fcd03628e6d8d16ffd0f308c273b83f9673144095c,supports.indel_excluded.definitions.heavy_atom.endpoints.mean_abs_epsilon_adjusted.site_pair_equal,e/f,,,contact_enrichment,mean_abs_epsilon_adjusted,site pair,contact minus matched control,53.0,25.08022720810608,kcal/mol,111.0,,
,0.0313820391330924,-0.0069518066780274,0.0639119076309146,,,,,,2000.0,,,,results/R3/contact_bootstrap_corrected_20260927/epsilon_enrichment.json,61a670461c31e39a7d2d60fcd03628e6d8d16ffd0f308c273b83f9673144095c,supports.indel_excluded.definitions.heavy_atom.endpoints.mean_abs_half_channel_difference.site_pair_equal,e/f,,,contact_enrichment,mean_abs_half_channel_difference,site pair,contact minus matched control,53.0,25.08022720810608,kcal/mol,111.0,,
protgpt2,-5.318492863363241e-05,-0.0002147108301753,6.0066533050635306e-05,,64.0,8192.0,,,,,,,results/R3/pairwise_residual_nested_20260927/residual_protgpt2.json,634855131ad39b07606a77fc0b6b733078d120c2a343cb23ea478c5e8b87fcae,seeds.20260923.mse_reduction_kcal2,b,,,,,,,,,,,20260923.0,nested_adjusted
protgpt2,0.0008499500751383,0.0004111276689717,0.0013013028040409,,64.0,8192.0,,,,,,,archive/logs/R3/pairwise_epistasis_20260924/panel/panel.json,65b5cc3cdf654ed523d97aa6c9e2c540246f3d7f7f8e48571a39419391d43ba0,panel.all.C_G_T+M|C_G_T.arms.protgpt2.per_seed.20260923,b,,,,,,,,,,,20260923.0,historical_raw
protgpt2,-2.6706075669236862e-05,-5.745011445241239e-05,4.74940767466627e-07,,64.0,8192.0,,,,,,,results/R3/pairwise_residual_nested_20260927/residual_protgpt2.json,634855131ad39b07606a77fc0b6b733078d120c2a343cb23ea478c5e8b87fcae,seeds.20260924.mse_reduction_kcal2,b,,,,,,,,,,,20260924.0,nested_adjusted
protgpt2,0.0008556160269358,0.0003790851404059,0.0013317039501249,,64.0,8192.0,,,,,,,archive/logs/R3/pairwise_epistasis_20260924/panel/panel.json,65b5cc3cdf654ed523d97aa6c9e2c540246f3d7f7f8e48571a39419391d43ba0,panel.all.C_G_T+M|C_G_T.arms.protgpt2.per_seed.20260924,b,,,,,,,,,,,20260924.0,historical_raw
protgpt2,-2.30376572830785e-05,-0.0001330412237071,5.2260113796429295e-05,,64.0,8192.0,,,,,,,results/R3/pairwise_residual_nested_20260927/residual_protgpt2.json,634855131ad39b07606a77fc0b6b733078d120c2a343cb23ea478c5e8b87fcae,seeds.20260925.mse_reduction_kcal2,b,,,,,,,,,,,20260925.0,nested_adjusted
protgpt2,0.0010355911193252,0.0005623002836016,0.0015287557167623,,64.0,8192.0,,,,,,,archive/logs/R3/pairwise_epistasis_20260924/panel/panel.json,65b5cc3cdf654ed523d97aa6c9e2c540246f3d7f7f8e48571a39419391d43ba0,panel.all.C_G_T+M|C_G_T.arms.protgpt2.per_seed.20260925,b,,,,,,,,,,,20260925.0,historical_raw
progen3-3b,-8.86443399181748e-05,-0.0002408489445825,3.552890784304443e-05,,64.0,8192.0,,,,,,,results/R3/pairwise_residual_nested_20260927/residual_progen3-3b.json,19615241198729501932b11784622e6663f302a4da7acd33599cfbb3c6e3dc41,seeds.20260923.mse_reduction_kcal2,b,,,,,,,,,,,20260923.0,nested_adjusted
progen3-3b,0.0012624745096162,0.0004645648083886,0.0021376190119554,,64.0,8192.0,,,,,,,archive/logs/R3/pairwise_epistasis_20260924/panel/panel.json,65b5cc3cdf654ed523d97aa6c9e2c540246f3d7f7f8e48571a39419391d43ba0,panel.all.C_G_T+M|C_G_T.arms.progen3-3b.per_seed.20260923,b,,,,,,,,,,,20260923.0,historical_raw
progen3-3b,-9.889960687173596e-06,-5.788293828708868e-05,4.15786687172438e-05,,64.0,8192.0,,,,,,,results/R3/pairwise_residual_nested_20260927/residual_progen3-3b.json,19615241198729501932b11784622e6663f302a4da7acd33599cfbb3c6e3dc41,seeds.20260924.mse_reduction_kcal2,b,,,,,,,,,,,20260924.0,nested_adjusted
progen3-3b,0.0011592465487881,0.0003435312569069,0.0020398417976303,,64.0,8192.0,,,,,,,archive/logs/R3/pairwise_epistasis_20260924/panel/panel.json,65b5cc3cdf654ed523d97aa6c9e2c540246f3d7f7f8e48571a39419391d43ba0,panel.all.C_G_T+M|C_G_T.arms.progen3-3b.per_seed.20260924,b,,,,,,,,,,,20260924.0,historical_raw
progen3-3b,-4.6865553662733817e-05,-0.0001608770227658,4.7814936842964526e-05,,64.0,8192.0,,,,,,,results/R3/pairwise_residual_nested_20260927/residual_progen3-3b.json,19615241198729501932b11784622e6663f302a4da7acd33599cfbb3c6e3dc41,seeds.20260925.mse_reduction_kcal2,b,,,,,,,,,,,20260925.0,nested_adjusted
progen3-3b,0.0012478967719154,0.0004456960649667,0.0021323945641334,,64.0,8192.0,,,,,,,archive/logs/R3/pairwise_epistasis_20260924/panel/panel.json,65b5cc3cdf654ed523d97aa6c9e2c540246f3d7f7f8e48571a39419391d43ba0,panel.all.C_G_T+M|C_G_T.arms.progen3-3b.per_seed.20260925,b,,,,,,,,,,,20260925.0,historical_raw
prollama,-2.3998215965444648e-05,-0.0001992565409443,0.0001537543187455,,64.0,8192.0,,,,,,,results/R3/pairwise_residual_nested_20260927/residual_prollama.json,76473edac1214f068572a43428bc1e1958e746291eda4a6b762b99376f5e6764,seeds.20260923.mse_reduction_kcal2,b,,,,,,,,,,,20260923.0,nested_adjusted
prollama,0.0010040078729613,0.0003575415473838,0.0017310876852356,,64.0,8192.0,,,,,,,archive/logs/R3/pairwise_epistasis_20260924/panel/panel.json,65b5cc3cdf654ed523d97aa6c9e2c540246f3d7f7f8e48571a39419391d43ba0,panel.all.C_G_T+M|C_G_T.arms.prollama.per_seed.20260923,b,,,,,,,,,,,20260923.0,historical_raw
prollama,1.4223210228030136e-06,-5.447199483301283e-05,5.5384429712491024e-05,,64.0,8192.0,,,,,,,results/R3/pairwise_residual_nested_20260927/residual_prollama.json,76473edac1214f068572a43428bc1e1958e746291eda4a6b762b99376f5e6764,seeds.20260924.mse_reduction_kcal2,b,,,,,,,,,,,20260924.0,nested_adjusted
prollama,0.0009584813110314,0.0003324006648128,0.0016353090243429,,64.0,8192.0,,,,,,,archive/logs/R3/pairwise_epistasis_20260924/panel/panel.json,65b5cc3cdf654ed523d97aa6c9e2c540246f3d7f7f8e48571a39419391d43ba0,panel.all.C_G_T+M|C_G_T.arms.prollama.per_seed.20260924,b,,,,,,,,,,,20260924.0,historical_raw
prollama,3.449992743002786e-05,-9.321657323503004e-05,0.0001649575087321,,64.0,8192.0,,,,,,,results/R3/pairwise_residual_nested_20260927/residual_prollama.json,76473edac1214f068572a43428bc1e1958e746291eda4a6b762b99376f5e6764,seeds.20260925.mse_reduction_kcal2,b,,,,,,,,,,,20260925.0,nested_adjusted
prollama,0.0010760211608873,0.000419733938695,0.0018004982276032,,64.0,8192.0,,,,,,,archive/logs/R3/pairwise_epistasis_20260924/panel/panel.json,65b5cc3cdf654ed523d97aa6c9e2c540246f3d7f7f8e48571a39419391d43ba0,panel.all.C_G_T+M|C_G_T.arms.prollama.per_seed.20260925,b,,,,,,,,,,,20260925.0,historical_raw
