arm,cell,condition,endpoint,estimate,ci_low,ci_high,n_streams,df,stream1,stream2,stream3,source_path,source_sha256
progen3-3b,progen3-3b__unconditioned,unconditioned,any_family,0.04458333333333331,0.018174153100508898,0.07099251356615771,3,2,0.03374999999999995,0.055,0.045,results/R6/generation_replication_20260927/summary/generation_campaign_summary.json,b4e103271a78332444407ffd9be86fe53ebf0d88d12ee991b7d8469239f308f6
progen3-3b,progen3-3b__unconditioned,unconditioned,complete_domain,0.20875,0.17880480433208445,0.23869519566791553,3,2,0.19499999999999995,0.21375,0.2175,results/R6/generation_replication_20260927/summary/generation_campaign_summary.json,b4e103271a78332444407ffd9be86fe53ebf0d88d12ee991b7d8469239f308f6
prollama-stage-1,prollama-stage-1__unconditioned,unconditioned,any_family,-0.34,-0.37726206567625503,-0.302737934323745,3,2,-0.32499999999999996,-0.34,-0.355,results/R6/generation_replication_20260927/summary/generation_campaign_summary.json,b4e103271a78332444407ffd9be86fe53ebf0d88d12ee991b7d8469239f308f6
prollama-stage-1,prollama-stage-1__unconditioned,unconditioned,complete_domain,-0.2070833333333333,-0.28149956810203813,-0.13266709856462847,3,2,-0.1725,-0.225,-0.22375,results/R6/generation_replication_20260927/summary/generation_campaign_summary.json,b4e103271a78332444407ffd9be86fe53ebf0d88d12ee991b7d8469239f308f6
prollama,prollama__unconditioned,unconditioned,any_family,-0.3283333333333333,-0.3378197909173252,-0.3188468757493414,3,2,-0.325,-0.3325,-0.3275,results/R6/generation_replication_20260927/summary/generation_campaign_summary.json,b4e103271a78332444407ffd9be86fe53ebf0d88d12ee991b7d8469239f308f6
prollama,prollama__unconditioned,unconditioned,complete_domain,-0.11416666666666668,-0.13663003507454174,-0.09170329825879162,3,2,-0.10375,-0.12,-0.11875,results/R6/generation_replication_20260927/summary/generation_campaign_summary.json,b4e103271a78332444407ffd9be86fe53ebf0d88d12ee991b7d8469239f308f6
progen2-medium,progen2-medium__unconditioned,unconditioned,any_family,-0.22333333333333336,-0.31494029718549266,-0.13172636948117405,3,2,-0.23875000000000002,-0.18125,-0.25,results/R6/generation_replication_20260927/summary/generation_campaign_summary.json,b4e103271a78332444407ffd9be86fe53ebf0d88d12ee991b7d8469239f308f6
progen2-medium,progen2-medium__unconditioned,unconditioned,complete_domain,-0.11499999999999999,-0.19422754069847303,-0.03577245930152696,3,2,-0.13874999999999998,-0.07875,-0.1275,results/R6/generation_replication_20260927/summary/generation_campaign_summary.json,b4e103271a78332444407ffd9be86fe53ebf0d88d12ee991b7d8469239f308f6
galactica-125m,galactica-125m__unconditioned,unconditioned,any_family,-0.0004166666666666667,-0.002209438637395609,0.0013761053040622759,3,2,-0.00125,0.0,0.0,results/R6/generation_replication_20260927/summary/generation_campaign_summary.json,b4e103271a78332444407ffd9be86fe53ebf0d88d12ee991b7d8469239f308f6
galactica-125m,galactica-125m__unconditioned,unconditioned,complete_domain,-0.0004166666666666667,-0.002209438637395609,0.0013761053040622759,3,2,-0.00125,0.0,0.0,results/R6/generation_replication_20260927/summary/generation_campaign_summary.json,b4e103271a78332444407ffd9be86fe53ebf0d88d12ee991b7d8469239f308f6
protgpt2,protgpt2__unconditioned,unconditioned,any_family,-0.16791666666666663,-0.19432584689949092,-0.14150748643384234,3,2,-0.17874999999999996,-0.1575,-0.1675,results/R6/generation_replication_20260927/summary/generation_campaign_summary.json,b4e103271a78332444407ffd9be86fe53ebf0d88d12ee991b7d8469239f308f6
protgpt2,protgpt2__unconditioned,unconditioned,complete_domain,-0.065,-0.13224687423231724,0.002246874232317217,3,2,-0.09375,-0.04,-0.06125,results/R6/generation_replication_20260927/summary/generation_campaign_summary.json,b4e103271a78332444407ffd9be86fe53ebf0d88d12ee991b7d8469239f308f6
progen2-small,progen2-small__unconditioned,unconditioned,any_family,-0.3516666666666666,-0.4250390217663736,-0.27829431156695966,3,2,-0.385,-0.32875,-0.34125,results/R6/generation_replication_20260927/summary/generation_campaign_summary.json,b4e103271a78332444407ffd9be86fe53ebf0d88d12ee991b7d8469239f308f6
progen2-small,progen2-small__unconditioned,unconditioned,complete_domain,-0.2591666666666666,-0.34723174272456026,-0.17110159060877292,3,2,-0.29999999999999993,-0.24125,-0.23625,results/R6/generation_replication_20260927/summary/generation_campaign_summary.json,b4e103271a78332444407ffd9be86fe53ebf0d88d12ee991b7d8469239f308f6
progen2-base,progen2-base__unconditioned,unconditioned,any_family,-0.30583333333333335,-0.31531979091732526,-0.29634687574934143,3,2,-0.30500000000000005,-0.3025,-0.31,results/R6/generation_replication_20260927/summary/generation_campaign_summary.json,b4e103271a78332444407ffd9be86fe53ebf0d88d12ee991b7d8469239f308f6
progen2-base,progen2-base__unconditioned,unconditioned,complete_domain,-0.18791666666666665,-0.2267416676068559,-0.1490916657264774,3,2,-0.195,-0.17,-0.19875,results/R6/generation_replication_20260927/summary/generation_campaign_summary.json,b4e103271a78332444407ffd9be86fe53ebf0d88d12ee991b7d8469239f308f6
progen2-large,progen2-large__unconditioned,unconditioned,any_family,-0.26541666666666663,-0.3194085773987515,-0.21142475593458177,3,2,-0.24874999999999997,-0.2575,-0.29,results/R6/generation_replication_20260927/summary/generation_campaign_summary.json,b4e103271a78332444407ffd9be86fe53ebf0d88d12ee991b7d8469239f308f6
progen2-large,progen2-large__unconditioned,unconditioned,complete_domain,-0.16874999999999998,-0.2582630165294697,-0.07923698347053028,3,2,-0.16249999999999998,-0.13625,-0.2075,results/R6/generation_replication_20260927/summary/generation_campaign_summary.json,b4e103271a78332444407ffd9be86fe53ebf0d88d12ee991b7d8469239f308f6
progen2-xlarge,progen2-xlarge__unconditioned,unconditioned,any_family,-0.16374999999999998,-0.18859137711750326,-0.1389086228824967,3,2,-0.15375,-0.16375,-0.17375,results/R6/generation_replication_20260927/summary/generation_campaign_summary.json,b4e103271a78332444407ffd9be86fe53ebf0d88d12ee991b7d8469239f308f6
progen2-xlarge,progen2-xlarge__unconditioned,unconditioned,complete_domain,-0.07125000000000002,-0.14596795256762218,0.0034679525676221262,3,2,-0.07375000000000004,-0.04,-0.1,results/R6/generation_replication_20260927/summary/generation_campaign_summary.json,b4e103271a78332444407ffd9be86fe53ebf0d88d12ee991b7d8469239f308f6
progen3-112m,progen3-112m__unconditioned,unconditioned,any_family,-0.2725,-0.3142758185688087,-0.23072418143119136,3,2,-0.2675,-0.29125,-0.25875,results/R6/generation_replication_20260927/summary/generation_campaign_summary.json,b4e103271a78332444407ffd9be86fe53ebf0d88d12ee991b7d8469239f308f6
progen3-112m,progen3-112m__unconditioned,unconditioned,complete_domain,-0.08791666666666666,-0.1742121509780465,-0.0016211823552868126,3,2,-0.09999999999999998,-0.115,-0.04875,results/R6/generation_replication_20260927/summary/generation_campaign_summary.json,b4e103271a78332444407ffd9be86fe53ebf0d88d12ee991b7d8469239f308f6
proteinglm-7b-clm,proteinglm-7b-clm__unconditioned,unconditioned,any_family,-0.20291666666666663,-0.23402009787687927,-0.171813235456454,3,2,-0.21249999999999997,-0.2075,-0.18875,results/R6/generation_replication_20260927/summary/generation_campaign_summary.json,b4e103271a78332444407ffd9be86fe53ebf0d88d12ee991b7d8469239f308f6
proteinglm-7b-clm,proteinglm-7b-clm__unconditioned,unconditioned,complete_domain,-0.037083333333333336,-0.055011053040622766,-0.019155613626043906,3,2,-0.028749999999999998,-0.04125,-0.04125,results/R6/generation_replication_20260927/summary/generation_campaign_summary.json,b4e103271a78332444407ffd9be86fe53ebf0d88d12ee991b7d8469239f308f6
protgpt3-1.3b,protgpt3-1.3b__unconditioned,unconditioned,any_family,-0.21291666666666667,-0.27020127190359744,-0.1556320614297359,3,2,-0.1875,-0.21875,-0.2325,results/R6/generation_replication_20260927/summary/generation_campaign_summary.json,b4e103271a78332444407ffd9be86fe53ebf0d88d12ee991b7d8469239f308f6
protgpt3-1.3b,protgpt3-1.3b__unconditioned,unconditioned,complete_domain,-0.08750000000000001,-0.17444481991126148,-0.0005551800887385189,3,2,-0.04750000000000004,-0.1125,-0.1025,results/R6/generation_replication_20260927/summary/generation_campaign_summary.json,b4e103271a78332444407ffd9be86fe53ebf0d88d12ee991b7d8469239f308f6
rita-xl,rita-xl__unconditioned,unconditioned,any_family,-0.16625,-0.2175558638623956,-0.11494413613760443,3,2,-0.18625000000000003,-0.1675,-0.145,results/R6/generation_replication_20260927/summary/generation_campaign_summary.json,b4e103271a78332444407ffd9be86fe53ebf0d88d12ee991b7d8469239f308f6
rita-xl,rita-xl__unconditioned,unconditioned,complete_domain,0.007499999999999989,-0.025215018506756778,0.04021501850675675,3,2,-0.006250000000000033,0.00875,0.02,results/R6/generation_replication_20260927/summary/generation_campaign_summary.json,b4e103271a78332444407ffd9be86fe53ebf0d88d12ee991b7d8469239f308f6
galactica-1.3b,galactica-1.3b__unconditioned,unconditioned,any_family,-0.36874999999999997,-0.39980172139687914,-0.3376982786031208,3,2,-0.38125000000000003,-0.36875,-0.35625,results/R6/generation_replication_20260927/summary/generation_campaign_summary.json,b4e103271a78332444407ffd9be86fe53ebf0d88d12ee991b7d8469239f308f6
galactica-1.3b,galactica-1.3b__unconditioned,unconditioned,complete_domain,-0.2270833333333333,-0.2450110530406227,-0.2091556136260439,3,2,-0.23124999999999996,-0.23125,-0.21875,results/R6/generation_replication_20260927/summary/generation_campaign_summary.json,b4e103271a78332444407ffd9be86fe53ebf0d88d12ee991b7d8469239f308f6
galactica-6.7b,galactica-6.7b__unconditioned,unconditioned,any_family,-0.3345833333333333,-0.35525858830373613,-0.31390807836293044,3,2,-0.33249999999999996,-0.3275,-0.34375,results/R6/generation_replication_20260927/summary/generation_campaign_summary.json,b4e103271a78332444407ffd9be86fe53ebf0d88d12ee991b7d8469239f308f6
galactica-6.7b,galactica-6.7b__unconditioned,unconditioned,complete_domain,-0.21041666666666667,-0.25545058471660737,-0.16538274861672597,3,2,-0.22875,-0.21,-0.1925,results/R6/generation_replication_20260927/summary/generation_campaign_summary.json,b4e103271a78332444407ffd9be86fe53ebf0d88d12ee991b7d8469239f308f6
galactica-30b,galactica-30b__unconditioned,unconditioned,any_family,-0.24750000000000003,-0.2882239508267576,-0.20677604917324244,3,2,-0.265,-0.245,-0.2325,results/R6/generation_replication_20260927/summary/generation_campaign_summary.json,b4e103271a78332444407ffd9be86fe53ebf0d88d12ee991b7d8469239f308f6
galactica-30b,galactica-30b__unconditioned,unconditioned,complete_domain,-0.12374999999999999,-0.1812585928176237,-0.06624140718237628,3,2,-0.14999999999999997,-0.115,-0.10625,results/R6/generation_replication_20260927/summary/generation_campaign_summary.json,b4e103271a78332444407ffd9be86fe53ebf0d88d12ee991b7d8469239f308f6
instructprotein,instructprotein__unconditioned,unconditioned,any_family,0.057083333333333326,0.01401947281640939,0.10014719385025726,3,2,0.05249999999999999,0.07625,0.0425,results/R6/generation_replication_20260927/summary/generation_campaign_summary.json,b4e103271a78332444407ffd9be86fe53ebf0d88d12ee991b7d8469239f308f6
instructprotein,instructprotein__unconditioned,unconditioned,complete_domain,0.22041666666666668,0.18621275742506962,0.25462057590826376,3,2,0.22125,0.23375,0.20625,results/R6/generation_replication_20260927/summary/generation_campaign_summary.json,b4e103271a78332444407ffd9be86fe53ebf0d88d12ee991b7d8469239f308f6
zymctrl,zymctrl__requested,requested,any_family,0.3633333333333333,0.3346489818016702,0.3920176848649964,3,2,0.35,0.37,0.37,results/R6/generation_replication_20260927/summary/generation_campaign_summary.json,b4e103271a78332444407ffd9be86fe53ebf0d88d12ee991b7d8469239f308f6
zymctrl,zymctrl__requested,requested,complete_domain,0.5637500000000001,0.5045070913760794,0.6229929086239208,3,2,0.53625,0.57625,0.57875,results/R6/generation_replication_20260927/summary/generation_campaign_summary.json,b4e103271a78332444407ffd9be86fe53ebf0d88d12ee991b7d8469239f308f6
prollama,prollama__requested,requested,any_family,-0.265,-0.298587572106361,-0.231412427893639,3,2,-0.26875000000000004,-0.25,-0.27625,results/R6/generation_replication_20260927/summary/generation_campaign_summary.json,b4e103271a78332444407ffd9be86fe53ebf0d88d12ee991b7d8469239f308f6
prollama,prollama__requested,requested,complete_domain,-0.08708333333333335,-0.10001119586468901,-0.07415547080197768,3,2,-0.08875000000000002,-0.08125,-0.09125,results/R6/generation_replication_20260927/summary/generation_campaign_summary.json,b4e103271a78332444407ffd9be86fe53ebf0d88d12ee991b7d8469239f308f6
