arm,n_attempts,n_empty,n_nonempty,n_unique_nonempty_hashes,n_groups_nonempty,n_any_profile_hits,n_any_profile_groups,shingle_length,unit,source_path,source_sha256,source_pointer,nonempty_yield,profile_yield,profile_group_yield,exact_unique_yield
galactica-1.3b,800,202,598,566,544,88,48,5,residues,results/R6/unconditional_diversity_20260919/unconditional_diversity.json,0c66754b910630869d24499c82ad3c4c02ca2dce83179201084799e5820d9c56,checkpoints.galactica-1.3b,0.7475,0.11,0.06,0.7075
galactica-125m,800,791,9,4,9,0,,5,residues,results/R6/unconditional_diversity_20260919/unconditional_diversity.json,0c66754b910630869d24499c82ad3c4c02ca2dce83179201084799e5820d9c56,checkpoints.galactica-125m,0.01125,0.0,,0.005
galactica-30b,800,122,678,583,580,138,90,5,residues,results/R6/unconditional_diversity_20260919/unconditional_diversity.json,0c66754b910630869d24499c82ad3c4c02ca2dce83179201084799e5820d9c56,checkpoints.galactica-30b,0.8475,0.1725,0.1125,0.72875
galactica-6.7b,800,213,587,579,564,91,73,5,residues,results/R6/unconditional_diversity_20260919/unconditional_diversity.json,0c66754b910630869d24499c82ad3c4c02ca2dce83179201084799e5820d9c56,checkpoints.galactica-6.7b,0.73375,0.11375,0.09125,0.72375
instructprotein,800,0,800,800,795,470,465,5,residues,results/R6/unconditional_diversity_20260919/unconditional_diversity.json,0c66754b910630869d24499c82ad3c4c02ca2dce83179201084799e5820d9c56,checkpoints.instructprotein,1.0,0.5875,0.58125,1.0
progen2-base,800,61,739,739,708,205,202,5,residues,results/R6/unconditional_diversity_20260919/unconditional_diversity.json,0c66754b910630869d24499c82ad3c4c02ca2dce83179201084799e5820d9c56,checkpoints.progen2-base,0.92375,0.25625,0.2525,0.92375
progen2-large,800,36,764,764,756,298,292,5,residues,results/R6/unconditional_diversity_20260919/unconditional_diversity.json,0c66754b910630869d24499c82ad3c4c02ca2dce83179201084799e5820d9c56,checkpoints.progen2-large,0.955,0.3725,0.365,0.955
progen2-medium,800,23,777,776,726,300,291,5,residues,results/R6/unconditional_diversity_20260919/unconditional_diversity.json,0c66754b910630869d24499c82ad3c4c02ca2dce83179201084799e5820d9c56,checkpoints.progen2-medium,0.97125,0.375,0.36375,0.97
progen2-small,800,16,784,784,767,197,194,5,residues,results/R6/unconditional_diversity_20260919/unconditional_diversity.json,0c66754b910630869d24499c82ad3c4c02ca2dce83179201084799e5820d9c56,checkpoints.progen2-small,0.98,0.24625,0.2425,0.98
progen2-xlarge,800,69,731,731,723,343,336,5,residues,results/R6/unconditional_diversity_20260919/unconditional_diversity.json,0c66754b910630869d24499c82ad3c4c02ca2dce83179201084799e5820d9c56,checkpoints.progen2-xlarge,0.91375,0.42875,0.42,0.91375
progen3-112m,800,0,800,800,800,252,252,5,residues,results/R6/unconditional_diversity_20260919/unconditional_diversity.json,0c66754b910630869d24499c82ad3c4c02ca2dce83179201084799e5820d9c56,checkpoints.progen3-112m,1.0,0.315,0.315,1.0
progen3-3b,800,0,800,800,800,496,496,5,residues,results/R6/unconditional_diversity_3b_20260919/unconditional_diversity.json,e11b1f43f3f74eb326d71cf7469aa20783cfba8d9e90a3ed7d0bf17595f82dc2,checkpoints.progen3-3b,1.0,0.62,0.62,1.0
prollama,800,0,800,800,786,36,36,5,residues,results/R6/unconditional_diversity_20260919/unconditional_diversity.json,0c66754b910630869d24499c82ad3c4c02ca2dce83179201084799e5820d9c56,checkpoints.prollama,1.0,0.045,0.045,1.0
prollama-stage-1,800,0,800,800,800,136,136,5,residues,results/R6/unconditional_diversity_20260919/unconditional_diversity.json,0c66754b910630869d24499c82ad3c4c02ca2dce83179201084799e5820d9c56,checkpoints.prollama-stage-1,1.0,0.17,0.17,1.0
proteinglm-7b-clm,800,0,800,800,799,281,281,5,residues,results/R6/unconditional_diversity_20260919/unconditional_diversity.json,0c66754b910630869d24499c82ad3c4c02ca2dce83179201084799e5820d9c56,checkpoints.proteinglm-7b-clm,1.0,0.35125,0.35125,1.0
protgpt2,800,0,800,800,763,309,309,5,residues,results/R6/unconditional_diversity_20260919/unconditional_diversity.json,0c66754b910630869d24499c82ad3c4c02ca2dce83179201084799e5820d9c56,checkpoints.protgpt2,1.0,0.38625,0.38625,1.0
protgpt3-1.3b,800,0,800,800,799,316,316,5,residues,results/R6/unconditional_diversity_20260919/unconditional_diversity.json,0c66754b910630869d24499c82ad3c4c02ca2dce83179201084799e5820d9c56,checkpoints.protgpt3-1.3b,1.0,0.395,0.395,1.0
rita-xl,800,0,800,800,798,330,329,5,residues,results/R6/unconditional_diversity_20260919/unconditional_diversity.json,0c66754b910630869d24499c82ad3c4c02ca2dce83179201084799e5820d9c56,checkpoints.rita-xl,1.0,0.4125,0.41125,1.0
