arm,endpoint,estimate,ci_low,ci_high,n_assays,n_units,bootstrap_resamples,unit,comparison_group,source_path,source_sha256,source_pointer
progen2-large,raw_spearman,0.3722372992241555,0.34531993447234377,0.39993999927217655,201,163,2000,design series / natural WT_cluster,ProGen2,results/R1/progen2_scale_20260826/scale_capability.json,d156af6cbe25f3f76671d7a93600fb0b1e40b6fa1bbe2366c09d5d918b4284a9,dms.raw_spearman.per_rung.progen2-large
progen2-medium,raw_spearman,0.35565265338642155,0.32556862775786244,0.38496746171851215,201,163,2000,design series / natural WT_cluster,ProGen2,results/R1/progen2_scale_20260826/scale_capability.json,d156af6cbe25f3f76671d7a93600fb0b1e40b6fa1bbe2366c09d5d918b4284a9,dms.raw_spearman.per_rung.progen2-medium
progen2-xlarge,raw_spearman,0.36390947406284024,0.34050774915269,0.3876203350714096,201,163,2000,design series / natural WT_cluster,ProGen2,results/R1/progen2_scale_20260826/scale_capability.json,d156af6cbe25f3f76671d7a93600fb0b1e40b6fa1bbe2366c09d5d918b4284a9,dms.raw_spearman.per_rung.progen2-xlarge
progen2-large,model_minus_lookup,0.012246531257934335,-0.012596888244122386,0.03569246388267595,201,163,2000,design series / natural WT_cluster,ProGen2,results/R1/progen2_scale_20260826/scale_capability.json,d156af6cbe25f3f76671d7a93600fb0b1e40b6fa1bbe2366c09d5d918b4284a9,dms.model_minus_lookup.per_rung.progen2-large
progen2-medium,model_minus_lookup,-0.0043381145797995275,-0.029842430041046,0.02147990154878004,201,163,2000,design series / natural WT_cluster,ProGen2,results/R1/progen2_scale_20260826/scale_capability.json,d156af6cbe25f3f76671d7a93600fb0b1e40b6fa1bbe2366c09d5d918b4284a9,dms.model_minus_lookup.per_rung.progen2-medium
progen2-xlarge,model_minus_lookup,0.003918706096619109,-0.014844990706901616,0.020975754317329644,201,163,2000,design series / natural WT_cluster,ProGen2,results/R1/progen2_scale_20260826/scale_capability.json,d156af6cbe25f3f76671d7a93600fb0b1e40b6fa1bbe2366c09d5d918b4284a9,dms.model_minus_lookup.per_rung.progen2-xlarge
progen2-large,model_minus_blosum62,0.1687545745601918,0.14651145834368529,0.19160704216948193,201,163,2000,design series / natural WT_cluster,ProGen2,results/R1/progen2_scale_20260826/scale_capability.json,d156af6cbe25f3f76671d7a93600fb0b1e40b6fa1bbe2366c09d5d918b4284a9,dms.model_minus_blosum62.per_rung.progen2-large
progen2-medium,model_minus_blosum62,0.15216992872245796,0.12482511664665372,0.17868935356566606,201,163,2000,design series / natural WT_cluster,ProGen2,results/R1/progen2_scale_20260826/scale_capability.json,d156af6cbe25f3f76671d7a93600fb0b1e40b6fa1bbe2366c09d5d918b4284a9,dms.model_minus_blosum62.per_rung.progen2-medium
progen2-xlarge,model_minus_blosum62,0.16042674939887658,0.14121277914847927,0.17888045497523314,201,163,2000,design series / natural WT_cluster,ProGen2,results/R1/progen2_scale_20260826/scale_capability.json,d156af6cbe25f3f76671d7a93600fb0b1e40b6fa1bbe2366c09d5d918b4284a9,dms.model_minus_blosum62.per_rung.progen2-xlarge
progen3-112m,raw_spearman,0.27462602530679375,0.24654196611380805,0.3037548624170095,217,174,2000,design series / natural WT_cluster,ProGen3,results/R1/progen3_stage_20260917/second_stage_capability/second_stage_capability.json,18cc1b4774da79f5f233a22d2bbb9d045d966efc882936d79b0518fa67ba67c2,dms.raw_spearman.per_rung.progen3-112m
progen3-3b,raw_spearman,0.4119017413598226,0.388662829807585,0.4364509074161776,217,174,2000,design series / natural WT_cluster,ProGen3,results/R1/progen3_stage_20260917/second_stage_capability/second_stage_capability.json,18cc1b4774da79f5f233a22d2bbb9d045d966efc882936d79b0518fa67ba67c2,dms.raw_spearman.per_rung.progen3-3b
progen3-112m,model_minus_lookup,-0.08043329430074495,-0.11315483065900438,-0.046500800222435634,217,174,2000,design series / natural WT_cluster,ProGen3,results/R1/progen3_stage_20260917/second_stage_capability/second_stage_capability.json,18cc1b4774da79f5f233a22d2bbb9d045d966efc882936d79b0518fa67ba67c2,dms.model_minus_lookup.per_rung.progen3-112m
progen3-3b,model_minus_lookup,0.0568424217522839,0.03604658699503102,0.0785846252382275,217,174,2000,design series / natural WT_cluster,ProGen3,results/R1/progen3_stage_20260917/second_stage_capability/second_stage_capability.json,18cc1b4774da79f5f233a22d2bbb9d045d966efc882936d79b0518fa67ba67c2,dms.model_minus_lookup.per_rung.progen3-3b
progen3-112m,model_minus_blosum62,0.06843744330351013,0.03955542930448065,0.09649359510813683,217,174,2000,design series / natural WT_cluster,ProGen3,results/R1/progen3_stage_20260917/second_stage_capability/second_stage_capability.json,18cc1b4774da79f5f233a22d2bbb9d045d966efc882936d79b0518fa67ba67c2,dms.model_minus_blosum62.per_rung.progen3-112m
progen3-3b,model_minus_blosum62,0.20571315935653897,0.18496755494945655,0.2275413052793845,217,174,2000,design series / natural WT_cluster,ProGen3,results/R1/progen3_stage_20260917/second_stage_capability/second_stage_capability.json,18cc1b4774da79f5f233a22d2bbb9d045d966efc882936d79b0518fa67ba67c2,dms.model_minus_blosum62.per_rung.progen3-3b
llama-2-7b,raw_spearman,-0.007067086506733922,-0.022801651195962946,0.00756500764105794,217,174,2000,design series / natural WT_cluster,Llama2-ProLLaMA,results/R1/adaptation_lineage_20260813/adaptation_stage_capability.json,511e40aa983c3a4ca2486a241b25dce5760d77984d21f043c4b1c1621b53bc1a,dms.raw_spearman.per_rung.llama-2-7b
prollama,raw_spearman,0.15071449333635248,0.12398158729900853,0.17769917372406854,217,174,2000,design series / natural WT_cluster,Llama2-ProLLaMA,results/R1/adaptation_lineage_20260813/adaptation_stage_capability.json,511e40aa983c3a4ca2486a241b25dce5760d77984d21f043c4b1c1621b53bc1a,dms.raw_spearman.per_rung.prollama
prollama-stage-1,raw_spearman,0.13580273439626506,0.11097232880219046,0.16278970678634416,217,174,2000,design series / natural WT_cluster,Llama2-ProLLaMA,results/R1/adaptation_lineage_20260813/adaptation_stage_capability.json,511e40aa983c3a4ca2486a241b25dce5760d77984d21f043c4b1c1621b53bc1a,dms.raw_spearman.per_rung.prollama-stage-1
llama-2-7b,model_minus_lookup,-0.3621264061142726,-0.3899650321380892,-0.33381974013297777,217,174,2000,design series / natural WT_cluster,Llama2-ProLLaMA,results/R1/adaptation_lineage_20260813/adaptation_stage_capability.json,511e40aa983c3a4ca2486a241b25dce5760d77984d21f043c4b1c1621b53bc1a,dms.model_minus_lookup.per_rung.llama-2-7b
prollama,model_minus_lookup,-0.20434482627118625,-0.23721504365341525,-0.17290077428195244,217,174,2000,design series / natural WT_cluster,Llama2-ProLLaMA,results/R1/adaptation_lineage_20260813/adaptation_stage_capability.json,511e40aa983c3a4ca2486a241b25dce5760d77984d21f043c4b1c1621b53bc1a,dms.model_minus_lookup.per_rung.prollama
prollama-stage-1,model_minus_lookup,-0.2192565852112736,-0.25384477651879234,-0.18616849139469083,217,174,2000,design series / natural WT_cluster,Llama2-ProLLaMA,results/R1/adaptation_lineage_20260813/adaptation_stage_capability.json,511e40aa983c3a4ca2486a241b25dce5760d77984d21f043c4b1c1621b53bc1a,dms.model_minus_lookup.per_rung.prollama-stage-1
llama-2-7b,model_minus_blosum62,-0.21325566851001754,-0.2345151339564023,-0.18956949182485014,217,174,2000,design series / natural WT_cluster,Llama2-ProLLaMA,results/R1/adaptation_lineage_20260813/adaptation_stage_capability.json,511e40aa983c3a4ca2486a241b25dce5760d77984d21f043c4b1c1621b53bc1a,dms.model_minus_blosum62.per_rung.llama-2-7b
prollama,model_minus_blosum62,-0.055474088666931126,-0.08399632356009272,-0.028203120155133567,217,174,2000,design series / natural WT_cluster,Llama2-ProLLaMA,results/R1/adaptation_lineage_20260813/adaptation_stage_capability.json,511e40aa983c3a4ca2486a241b25dce5760d77984d21f043c4b1c1621b53bc1a,dms.model_minus_blosum62.per_rung.prollama
prollama-stage-1,model_minus_blosum62,-0.07038584760701855,-0.09994598264080073,-0.041139313315372565,217,174,2000,design series / natural WT_cluster,Llama2-ProLLaMA,results/R1/adaptation_lineage_20260813/adaptation_stage_capability.json,511e40aa983c3a4ca2486a241b25dce5760d77984d21f043c4b1c1621b53bc1a,dms.model_minus_blosum62.per_rung.prollama-stage-1
rita-xl,raw_spearman,0.36748393832525744,0.3430940109456441,0.3911496854089216,201,163,2000,design series / natural WT_cluster,RITA-native-fp32,results/R1/native_dms_20260913/20260915134508_95c515bf6881/rita_xl_independent_analyse/native_dms_comparison.json,c826865cffc1057cb0b61b9ea6e9885787f188fcb3495048c240f057a10a7377,groups.rita-xl.raw_spearman.per_rung.rita-xl
rita-xl,model_minus_lookup,0.007493170359036331,-0.014072947650116225,0.02823630371276182,201,163,2000,design series / natural WT_cluster,RITA-native-fp32,results/R1/native_dms_20260913/20260915134508_95c515bf6881/rita_xl_independent_analyse/native_dms_comparison.json,c826865cffc1057cb0b61b9ea6e9885787f188fcb3495048c240f057a10a7377,groups.rita-xl.model_minus_lookup.per_rung.rita-xl
rita-xl,model_minus_blosum62,0.16400121366129383,0.14305715014059625,0.18330080509440125,201,163,2000,design series / natural WT_cluster,RITA-native-fp32,results/R1/native_dms_20260913/20260915134508_95c515bf6881/rita_xl_independent_analyse/native_dms_comparison.json,c826865cffc1057cb0b61b9ea6e9885787f188fcb3495048c240f057a10a7377,groups.rita-xl.model_minus_blosum62.per_rung.rita-xl
galactica-1.3b,raw_spearman,0.048410017070176364,0.03071347302278881,0.06715131056186452,213,171,2000,design series / natural WT_cluster,Galactica-native-fp32,results/R1/source_recovery_20260917/galactica_native_dms_comparison.json,38cb2b5dd549ef3e4b9f9fbb9e362a025c9a61f7ac94b1e9c204bc48b6ff7d84,groups.galactica.raw_spearman.per_rung.galactica-1.3b
galactica-125m,raw_spearman,-0.007700128615557486,-0.02447300408888612,0.008408555186334729,213,171,2000,design series / natural WT_cluster,Galactica-native-fp32,results/R1/source_recovery_20260917/galactica_native_dms_comparison.json,38cb2b5dd549ef3e4b9f9fbb9e362a025c9a61f7ac94b1e9c204bc48b6ff7d84,groups.galactica.raw_spearman.per_rung.galactica-125m
galactica-30b,raw_spearman,0.14794112933633477,0.12487901014710774,0.17101759324232313,213,171,2000,design series / natural WT_cluster,Galactica-native-fp32,results/R1/source_recovery_20260917/galactica_native_dms_comparison.json,38cb2b5dd549ef3e4b9f9fbb9e362a025c9a61f7ac94b1e9c204bc48b6ff7d84,groups.galactica.raw_spearman.per_rung.galactica-30b
galactica-6.7b,raw_spearman,0.09539819824769705,0.07435310237508835,0.11673870621558091,213,171,2000,design series / natural WT_cluster,Galactica-native-fp32,results/R1/source_recovery_20260917/galactica_native_dms_comparison.json,38cb2b5dd549ef3e4b9f9fbb9e362a025c9a61f7ac94b1e9c204bc48b6ff7d84,groups.galactica.raw_spearman.per_rung.galactica-6.7b
galactica-1.3b,model_minus_lookup,-0.3071441203133887,-0.3366276564619744,-0.2768634987400434,213,171,2000,design series / natural WT_cluster,Galactica-native-fp32,results/R1/source_recovery_20260917/galactica_native_dms_comparison.json,38cb2b5dd549ef3e4b9f9fbb9e362a025c9a61f7ac94b1e9c204bc48b6ff7d84,groups.galactica.model_minus_lookup.per_rung.galactica-1.3b
galactica-125m,model_minus_lookup,-0.3632542659991225,-0.3909161298090138,-0.33518136134273885,213,171,2000,design series / natural WT_cluster,Galactica-native-fp32,results/R1/source_recovery_20260917/galactica_native_dms_comparison.json,38cb2b5dd549ef3e4b9f9fbb9e362a025c9a61f7ac94b1e9c204bc48b6ff7d84,groups.galactica.model_minus_lookup.per_rung.galactica-125m
galactica-30b,model_minus_lookup,-0.20761300804723032,-0.23931372904091505,-0.17821677331685845,213,171,2000,design series / natural WT_cluster,Galactica-native-fp32,results/R1/source_recovery_20260917/galactica_native_dms_comparison.json,38cb2b5dd549ef3e4b9f9fbb9e362a025c9a61f7ac94b1e9c204bc48b6ff7d84,groups.galactica.model_minus_lookup.per_rung.galactica-30b
galactica-6.7b,model_minus_lookup,-0.260155939135868,-0.29302378214304187,-0.2270225145560524,213,171,2000,design series / natural WT_cluster,Galactica-native-fp32,results/R1/source_recovery_20260917/galactica_native_dms_comparison.json,38cb2b5dd549ef3e4b9f9fbb9e362a025c9a61f7ac94b1e9c204bc48b6ff7d84,groups.galactica.model_minus_lookup.per_rung.galactica-6.7b
galactica-1.3b,model_minus_blosum62,-0.15769566269752833,-0.17894819720210342,-0.13566704083660688,213,171,2000,design series / natural WT_cluster,Galactica-native-fp32,results/R1/source_recovery_20260917/galactica_native_dms_comparison.json,38cb2b5dd549ef3e4b9f9fbb9e362a025c9a61f7ac94b1e9c204bc48b6ff7d84,groups.galactica.model_minus_blosum62.per_rung.galactica-1.3b
galactica-125m,model_minus_blosum62,-0.2138058083832622,-0.23601439438610564,-0.1909685606053061,213,171,2000,design series / natural WT_cluster,Galactica-native-fp32,results/R1/source_recovery_20260917/galactica_native_dms_comparison.json,38cb2b5dd549ef3e4b9f9fbb9e362a025c9a61f7ac94b1e9c204bc48b6ff7d84,groups.galactica.model_minus_blosum62.per_rung.galactica-125m
galactica-30b,model_minus_blosum62,-0.05816455043136994,-0.08049872986195857,-0.03390634487150052,213,171,2000,design series / natural WT_cluster,Galactica-native-fp32,results/R1/source_recovery_20260917/galactica_native_dms_comparison.json,38cb2b5dd549ef3e4b9f9fbb9e362a025c9a61f7ac94b1e9c204bc48b6ff7d84,groups.galactica.model_minus_blosum62.per_rung.galactica-30b
galactica-6.7b,model_minus_blosum62,-0.11070748152000764,-0.13355285893134358,-0.08609323382127512,213,171,2000,design series / natural WT_cluster,Galactica-native-fp32,results/R1/source_recovery_20260917/galactica_native_dms_comparison.json,38cb2b5dd549ef3e4b9f9fbb9e362a025c9a61f7ac94b1e9c204bc48b6ff7d84,groups.galactica.model_minus_blosum62.per_rung.galactica-6.7b
proteinglm-7b-clm,model_minus_lookup,0.03841398352246689,0.017522413786319548,0.059185773908515926,201,163,2000,wild-type family at 50% identity,ProteinGLM-native,results/R1/source_recovery_20260917/proteinglm_retrieval_bound.json,de08ee2921003c557659a33e9d305d897c0c0202b8106bc6826628fa45f1dc78,arms.proteinglm-7b-clm.delta_lookup
proteinglm-7b-clm,model_minus_blosum62,0.19492202682472437,0.1724819280900601,0.21650194215671026,201,163,2000,wild-type family at 50% identity,ProteinGLM-native,results/R1/source_recovery_20260917/proteinglm_retrieval_bound.json,de08ee2921003c557659a33e9d305d897c0c0202b8106bc6826628fa45f1dc78,arms.proteinglm-7b-clm.delta_blosum62
