control,arm,endpoint,estimate,ci_low,ci_high,n_units,interval_level,resamples,source_path,source_sha256
rf3,bygpt5-base-en,unique_own,-6.401140581454254e-06,-0.002211138713097469,0.002198336431934561,156,95% simultaneous over 128 contrasts,10000,results/R1/position_terms_20260926/position_simultaneous.json,adc04054ea5ad55b5dd5f1be2d70ca4c1d3c62b2b9371defd5cc3cd16c0752e8
rf3,bygpt5-base-en,unique_downstream,-4.149144474814457e-06,-0.000462539610375727,0.0004542413214260981,156,95% simultaneous over 128 contrasts,10000,results/R1/position_terms_20260926/position_simultaneous.json,adc04054ea5ad55b5dd5f1be2d70ca4c1d3c62b2b9371defd5cc3cd16c0752e8
rf3,bygpt5-base-en,joint_over_full,0.00029770952575232265,-0.002381569068886211,0.002976988120390856,156,95% simultaneous over 128 contrasts,10000,results/R1/position_terms_20260926/position_simultaneous.json,adc04054ea5ad55b5dd5f1be2d70ca4c1d3c62b2b9371defd5cc3cd16c0752e8
rf3,bygpt5-base-en,own_minus_downstream,-2.2519961066397604e-06,-0.001942360203467694,0.0019378562112544147,156,95% simultaneous over 128 contrasts,10000,results/R1/position_terms_20260926/position_simultaneous.json,adc04054ea5ad55b5dd5f1be2d70ca4c1d3c62b2b9371defd5cc3cd16c0752e8
rf3,bygpt5-medium-en,unique_own,-7.325448386973525e-05,-0.00344232458667921,0.00329581561893974,156,95% simultaneous over 128 contrasts,10000,results/R1/position_terms_20260926/position_simultaneous.json,adc04054ea5ad55b5dd5f1be2d70ca4c1d3c62b2b9371defd5cc3cd16c0752e8
rf3,bygpt5-medium-en,unique_downstream,2.9490117887235808e-05,-0.0002126611766906776,0.0002716414124651492,156,95% simultaneous over 128 contrasts,10000,results/R1/position_terms_20260926/position_simultaneous.json,adc04054ea5ad55b5dd5f1be2d70ca4c1d3c62b2b9371defd5cc3cd16c0752e8
rf3,bygpt5-medium-en,joint_over_full,-0.0005319433655373367,-0.0036348983795958315,0.0025710116485211576,156,95% simultaneous over 128 contrasts,10000,results/R1/position_terms_20260926/position_simultaneous.json,adc04054ea5ad55b5dd5f1be2d70ca4c1d3c62b2b9371defd5cc3cd16c0752e8
rf3,bygpt5-medium-en,own_minus_downstream,-0.00010274460175697176,-0.003464159582533228,0.0032586703790192847,156,95% simultaneous over 128 contrasts,10000,results/R1/position_terms_20260926/position_simultaneous.json,adc04054ea5ad55b5dd5f1be2d70ca4c1d3c62b2b9371defd5cc3cd16c0752e8
rf3,bygpt5-small-en,unique_own,0.0006679475855578122,-0.0012287074146454672,0.0025646025857610916,156,95% simultaneous over 128 contrasts,10000,results/R1/position_terms_20260926/position_simultaneous.json,adc04054ea5ad55b5dd5f1be2d70ca4c1d3c62b2b9371defd5cc3cd16c0752e8
rf3,bygpt5-small-en,unique_downstream,-0.0004362229819868327,-0.0026565775052170408,0.0017841315412433754,156,95% simultaneous over 128 contrasts,10000,results/R1/position_terms_20260926/position_simultaneous.json,adc04054ea5ad55b5dd5f1be2d70ca4c1d3c62b2b9371defd5cc3cd16c0752e8
rf3,bygpt5-small-en,joint_over_full,-0.0002991154120359435,-0.002108729303632703,0.001510498479560816,156,95% simultaneous over 128 contrasts,10000,results/R1/position_terms_20260926/position_simultaneous.json,adc04054ea5ad55b5dd5f1be2d70ca4c1d3c62b2b9371defd5cc3cd16c0752e8
rf3,bygpt5-small-en,own_minus_downstream,0.0011041705675446452,-0.002207729753806815,0.004416070888896105,156,95% simultaneous over 128 contrasts,10000,results/R1/position_terms_20260926/position_simultaneous.json,adc04054ea5ad55b5dd5f1be2d70ca4c1d3c62b2b9371defd5cc3cd16c0752e8
rf3,dialogpt-small,unique_own,2.0420442192783815e-05,-0.0015397912556769664,0.001580632140062534,153,95% simultaneous over 128 contrasts,10000,results/R1/position_terms_20260926/position_simultaneous.json,adc04054ea5ad55b5dd5f1be2d70ca4c1d3c62b2b9371defd5cc3cd16c0752e8
rf3,dialogpt-small,unique_downstream,-6.530169664022995e-05,-0.0007923822053594689,0.0006617788120790091,153,95% simultaneous over 128 contrasts,10000,results/R1/position_terms_20260926/position_simultaneous.json,adc04054ea5ad55b5dd5f1be2d70ca4c1d3c62b2b9371defd5cc3cd16c0752e8
rf3,dialogpt-small,joint_over_full,0.0002081369720982372,-0.0014486345968816583,0.0018649085410781328,153,95% simultaneous over 128 contrasts,10000,results/R1/position_terms_20260926/position_simultaneous.json,adc04054ea5ad55b5dd5f1be2d70ca4c1d3c62b2b9371defd5cc3cd16c0752e8
rf3,dialogpt-small,own_minus_downstream,8.572213883301388e-05,-0.0015481777708977644,0.0017196220485637924,153,95% simultaneous over 128 contrasts,10000,results/R1/position_terms_20260926/position_simultaneous.json,adc04054ea5ad55b5dd5f1be2d70ca4c1d3c62b2b9371defd5cc3cd16c0752e8
rf3,galactica-1.3b,unique_own,0.0043941708639126725,-0.004310323139073427,0.013098664866898771,156,95% simultaneous over 128 contrasts,10000,results/R1/position_terms_20260926/position_simultaneous.json,adc04054ea5ad55b5dd5f1be2d70ca4c1d3c62b2b9371defd5cc3cd16c0752e8
rf3,galactica-1.3b,unique_downstream,-0.0003902202783856058,-0.0024770646040476875,0.0016966240472764758,156,95% simultaneous over 128 contrasts,10000,results/R1/position_terms_20260926/position_simultaneous.json,adc04054ea5ad55b5dd5f1be2d70ca4c1d3c62b2b9371defd5cc3cd16c0752e8
rf3,galactica-1.3b,joint_over_full,0.0015640060675173163,-0.006457544968844509,0.009585557103879141,156,95% simultaneous over 128 contrasts,10000,results/R1/position_terms_20260926/position_simultaneous.json,adc04054ea5ad55b5dd5f1be2d70ca4c1d3c62b2b9371defd5cc3cd16c0752e8
rf3,galactica-1.3b,own_minus_downstream,0.004784391142298281,-0.004126230593530878,0.013695012878127438,156,95% simultaneous over 128 contrasts,10000,results/R1/position_terms_20260926/position_simultaneous.json,adc04054ea5ad55b5dd5f1be2d70ca4c1d3c62b2b9371defd5cc3cd16c0752e8
rf3,galactica-125m,unique_own,-0.00011511611626254987,-0.0007448992312017748,0.000514666998676675,156,95% simultaneous over 128 contrasts,10000,results/R1/position_terms_20260926/position_simultaneous.json,adc04054ea5ad55b5dd5f1be2d70ca4c1d3c62b2b9371defd5cc3cd16c0752e8
rf3,galactica-125m,unique_downstream,0.002321466053504489,-0.005441759193116806,0.010084691300125783,156,95% simultaneous over 128 contrasts,10000,results/R1/position_terms_20260926/position_simultaneous.json,adc04054ea5ad55b5dd5f1be2d70ca4c1d3c62b2b9371defd5cc3cd16c0752e8
rf3,galactica-125m,joint_over_full,-0.00015154571292680136,-0.0010852459363312008,0.000782154510477598,156,95% simultaneous over 128 contrasts,10000,results/R1/position_terms_20260926/position_simultaneous.json,adc04054ea5ad55b5dd5f1be2d70ca4c1d3c62b2b9371defd5cc3cd16c0752e8
rf3,galactica-125m,own_minus_downstream,-0.0024365821697670386,-0.010210240834562956,0.005337076495028878,156,95% simultaneous over 128 contrasts,10000,results/R1/position_terms_20260926/position_simultaneous.json,adc04054ea5ad55b5dd5f1be2d70ca4c1d3c62b2b9371defd5cc3cd16c0752e8
rf3,galactica-30b,unique_own,-0.00019892674329200283,-0.003044521521645049,0.002646668035061043,156,95% simultaneous over 128 contrasts,10000,results/R1/position_terms_20260926/position_simultaneous.json,adc04054ea5ad55b5dd5f1be2d70ca4c1d3c62b2b9371defd5cc3cd16c0752e8
rf3,galactica-30b,unique_downstream,-0.006486222694773227,-0.019095139761306747,0.006122694371760294,156,95% simultaneous over 128 contrasts,10000,results/R1/position_terms_20260926/position_simultaneous.json,adc04054ea5ad55b5dd5f1be2d70ca4c1d3c62b2b9371defd5cc3cd16c0752e8
rf3,galactica-30b,joint_over_full,-0.0006109903570258306,-0.006006579900863007,0.004784599186811346,156,95% simultaneous over 128 contrasts,10000,results/R1/position_terms_20260926/position_simultaneous.json,adc04054ea5ad55b5dd5f1be2d70ca4c1d3c62b2b9371defd5cc3cd16c0752e8
rf3,galactica-30b,own_minus_downstream,0.006287295951481222,-0.006228861555760551,0.018803453458722995,156,95% simultaneous over 128 contrasts,10000,results/R1/position_terms_20260926/position_simultaneous.json,adc04054ea5ad55b5dd5f1be2d70ca4c1d3c62b2b9371defd5cc3cd16c0752e8
rf3,galactica-6.7b,unique_own,0.0036500090741524295,-0.0019148206140594177,0.009214838762364277,156,95% simultaneous over 128 contrasts,10000,results/R1/position_terms_20260926/position_simultaneous.json,adc04054ea5ad55b5dd5f1be2d70ca4c1d3c62b2b9371defd5cc3cd16c0752e8
rf3,galactica-6.7b,unique_downstream,-0.0017227201074195865,-0.011099391710032212,0.007653951495193039,156,95% simultaneous over 128 contrasts,10000,results/R1/position_terms_20260926/position_simultaneous.json,adc04054ea5ad55b5dd5f1be2d70ca4c1d3c62b2b9371defd5cc3cd16c0752e8
rf3,galactica-6.7b,joint_over_full,0.0021426728832380513,-0.0014448025354792345,0.005730148301955337,156,95% simultaneous over 128 contrasts,10000,results/R1/position_terms_20260926/position_simultaneous.json,adc04054ea5ad55b5dd5f1be2d70ca4c1d3c62b2b9371defd5cc3cd16c0752e8
rf3,galactica-6.7b,own_minus_downstream,0.005372729181572014,-0.005074095333574974,0.015819553696719002,156,95% simultaneous over 128 contrasts,10000,results/R1/position_terms_20260926/position_simultaneous.json,adc04054ea5ad55b5dd5f1be2d70ca4c1d3c62b2b9371defd5cc3cd16c0752e8
rf3,gpt2,unique_own,0.0008005878883810616,-0.0008344858066744144,0.0024356615834365374,153,95% simultaneous over 128 contrasts,10000,results/R1/position_terms_20260926/position_simultaneous.json,adc04054ea5ad55b5dd5f1be2d70ca4c1d3c62b2b9371defd5cc3cd16c0752e8
rf3,gpt2,unique_downstream,8.057654446357497e-07,-0.0003944647903638404,0.0003960763212531119,153,95% simultaneous over 128 contrasts,10000,results/R1/position_terms_20260926/position_simultaneous.json,adc04054ea5ad55b5dd5f1be2d70ca4c1d3c62b2b9371defd5cc3cd16c0752e8
rf3,gpt2,joint_over_full,-9.304735504226384e-05,-0.0013207605166784984,0.0011346658065939708,153,95% simultaneous over 128 contrasts,10000,results/R1/position_terms_20260926/position_simultaneous.json,adc04054ea5ad55b5dd5f1be2d70ca4c1d3c62b2b9371defd5cc3cd16c0752e8
rf3,gpt2,own_minus_downstream,0.0007997821229364252,-0.0007965231806521237,0.002396087426524974,153,95% simultaneous over 128 contrasts,10000,results/R1/position_terms_20260926/position_simultaneous.json,adc04054ea5ad55b5dd5f1be2d70ca4c1d3c62b2b9371defd5cc3cd16c0752e8
rf3,gpt2-large,unique_own,0.0001239438433162147,-0.002632556162705806,0.0028804438493382355,153,95% simultaneous over 128 contrasts,10000,results/R1/position_terms_20260926/position_simultaneous.json,adc04054ea5ad55b5dd5f1be2d70ca4c1d3c62b2b9371defd5cc3cd16c0752e8
rf3,gpt2-large,unique_downstream,-0.0010340469291812214,-0.0025119117611566346,0.00044381790279419183,153,95% simultaneous over 128 contrasts,10000,results/R1/position_terms_20260926/position_simultaneous.json,adc04054ea5ad55b5dd5f1be2d70ca4c1d3c62b2b9371defd5cc3cd16c0752e8
rf3,gpt2-large,joint_over_full,-0.0006124306145997749,-0.0024722292949592075,0.0012473680657596577,153,95% simultaneous over 128 contrasts,10000,results/R1/position_terms_20260926/position_simultaneous.json,adc04054ea5ad55b5dd5f1be2d70ca4c1d3c62b2b9371defd5cc3cd16c0752e8
rf3,gpt2-large,own_minus_downstream,0.001157990772497436,-0.0015444848621319336,0.0038604664071268057,153,95% simultaneous over 128 contrasts,10000,results/R1/position_terms_20260926/position_simultaneous.json,adc04054ea5ad55b5dd5f1be2d70ca4c1d3c62b2b9371defd5cc3cd16c0752e8
rf3,gpt2-medium,unique_own,0.0009725157801396612,-0.0014846537943641969,0.0034296853546435194,153,95% simultaneous over 128 contrasts,10000,results/R1/position_terms_20260926/position_simultaneous.json,adc04054ea5ad55b5dd5f1be2d70ca4c1d3c62b2b9371defd5cc3cd16c0752e8
rf3,gpt2-medium,unique_downstream,-0.0003738636321553147,-0.0019118438274441695,0.00116411656313354,153,95% simultaneous over 128 contrasts,10000,results/R1/position_terms_20260926/position_simultaneous.json,adc04054ea5ad55b5dd5f1be2d70ca4c1d3c62b2b9371defd5cc3cd16c0752e8
rf3,gpt2-medium,joint_over_full,5.7387982660928205e-05,-0.002632206880197127,0.0027469828455189836,153,95% simultaneous over 128 contrasts,10000,results/R1/position_terms_20260926/position_simultaneous.json,adc04054ea5ad55b5dd5f1be2d70ca4c1d3c62b2b9371defd5cc3cd16c0752e8
rf3,gpt2-medium,own_minus_downstream,0.0013463794122949768,-0.0008277290657328143,0.003520487890322768,153,95% simultaneous over 128 contrasts,10000,results/R1/position_terms_20260926/position_simultaneous.json,adc04054ea5ad55b5dd5f1be2d70ca4c1d3c62b2b9371defd5cc3cd16c0752e8
rf3,gpt2-xl,unique_own,-0.00011272791024101416,-0.0009000527727613993,0.000674596952279371,153,95% simultaneous over 128 contrasts,10000,results/R1/position_terms_20260926/position_simultaneous.json,adc04054ea5ad55b5dd5f1be2d70ca4c1d3c62b2b9371defd5cc3cd16c0752e8
rf3,gpt2-xl,unique_downstream,-0.0002543262787244781,-0.0009070641193946995,0.0003984115619457433,153,95% simultaneous over 128 contrasts,10000,results/R1/position_terms_20260926/position_simultaneous.json,adc04054ea5ad55b5dd5f1be2d70ca4c1d3c62b2b9371defd5cc3cd16c0752e8
rf3,gpt2-xl,joint_over_full,-0.0003699656962988841,-0.0018080884261401603,0.001068157033542392,153,95% simultaneous over 128 contrasts,10000,results/R1/position_terms_20260926/position_simultaneous.json,adc04054ea5ad55b5dd5f1be2d70ca4c1d3c62b2b9371defd5cc3cd16c0752e8
rf3,gpt2-xl,own_minus_downstream,0.0001415983684834639,-0.0008688585521415674,0.0011520552891084953,153,95% simultaneous over 128 contrasts,10000,results/R1/position_terms_20260926/position_simultaneous.json,adc04054ea5ad55b5dd5f1be2d70ca4c1d3c62b2b9371defd5cc3cd16c0752e8
rf3,instructprotein,unique_own,0.007492602009747509,0.0005500546918670796,0.01443514932762794,156,95% simultaneous over 128 contrasts,10000,results/R1/position_terms_20260926/position_simultaneous.json,adc04054ea5ad55b5dd5f1be2d70ca4c1d3c62b2b9371defd5cc3cd16c0752e8
rf3,instructprotein,unique_downstream,0.005308730510643483,-0.001446532273299092,0.012063993294586057,156,95% simultaneous over 128 contrasts,10000,results/R1/position_terms_20260926/position_simultaneous.json,adc04054ea5ad55b5dd5f1be2d70ca4c1d3c62b2b9371defd5cc3cd16c0752e8
rf3,instructprotein,joint_over_full,0.002454723223882828,-0.0024720021295858915,0.007381448577351547,156,95% simultaneous over 128 contrasts,10000,results/R1/position_terms_20260926/position_simultaneous.json,adc04054ea5ad55b5dd5f1be2d70ca4c1d3c62b2b9371defd5cc3cd16c0752e8
rf3,instructprotein,own_minus_downstream,0.0021838714991040285,-0.008908139354309536,0.01327588235251759,156,95% simultaneous over 128 contrasts,10000,results/R1/position_terms_20260926/position_simultaneous.json,adc04054ea5ad55b5dd5f1be2d70ca4c1d3c62b2b9371defd5cc3cd16c0752e8
rf3,llama-2-7b,unique_own,-0.0014258334446802176,-0.006485741955434682,0.0036340750660742464,154,95% simultaneous over 128 contrasts,10000,results/R1/position_terms_20260926/position_simultaneous.json,adc04054ea5ad55b5dd5f1be2d70ca4c1d3c62b2b9371defd5cc3cd16c0752e8
rf3,llama-2-7b,unique_downstream,-0.0005128141373088994,-0.002307819006313558,0.0012821907316957594,154,95% simultaneous over 128 contrasts,10000,results/R1/position_terms_20260926/position_simultaneous.json,adc04054ea5ad55b5dd5f1be2d70ca4c1d3c62b2b9371defd5cc3cd16c0752e8
rf3,llama-2-7b,joint_over_full,-0.0014130117268408736,-0.00673662354816951,0.003910600094487763,154,95% simultaneous over 128 contrasts,10000,results/R1/position_terms_20260926/position_simultaneous.json,adc04054ea5ad55b5dd5f1be2d70ca4c1d3c62b2b9371defd5cc3cd16c0752e8
rf3,llama-2-7b,own_minus_downstream,-0.0009130193073713179,-0.00628153246129248,0.004455493846549845,154,95% simultaneous over 128 contrasts,10000,results/R1/position_terms_20260926/position_simultaneous.json,adc04054ea5ad55b5dd5f1be2d70ca4c1d3c62b2b9371defd5cc3cd16c0752e8
rf3,llama-3.2-3b,unique_own,-0.0005069647959111745,-0.0016123674281710147,0.0005984378363486656,154,95% simultaneous over 128 contrasts,10000,results/R1/position_terms_20260926/position_simultaneous.json,adc04054ea5ad55b5dd5f1be2d70ca4c1d3c62b2b9371defd5cc3cd16c0752e8
rf3,llama-3.2-3b,unique_downstream,-2.4298086024539736e-05,-0.000729696494325722,0.0006811003222766425,154,95% simultaneous over 128 contrasts,10000,results/R1/position_terms_20260926/position_simultaneous.json,adc04054ea5ad55b5dd5f1be2d70ca4c1d3c62b2b9371defd5cc3cd16c0752e8
rf3,llama-3.2-3b,joint_over_full,-0.0006308553067858699,-0.0023383832009442247,0.0010766725873724847,154,95% simultaneous over 128 contrasts,10000,results/R1/position_terms_20260926/position_simultaneous.json,adc04054ea5ad55b5dd5f1be2d70ca4c1d3c62b2b9371defd5cc3cd16c0752e8
rf3,llama-3.2-3b,own_minus_downstream,-0.00048266670988663453,-0.0016985663373046483,0.0007332329175313791,154,95% simultaneous over 128 contrasts,10000,results/R1/position_terms_20260926/position_simultaneous.json,adc04054ea5ad55b5dd5f1be2d70ca4c1d3c62b2b9371defd5cc3cd16c0752e8
rf3,progen2-base,unique_own,0.01907942216749371,0.0034721898863754666,0.03468665444861195,156,95% simultaneous over 128 contrasts,10000,results/R1/position_terms_20260926/position_simultaneous.json,adc04054ea5ad55b5dd5f1be2d70ca4c1d3c62b2b9371defd5cc3cd16c0752e8
rf3,progen2-base,unique_downstream,0.00503865598613665,-0.016276326755078997,0.0263536387273523,156,95% simultaneous over 128 contrasts,10000,results/R1/position_terms_20260926/position_simultaneous.json,adc04054ea5ad55b5dd5f1be2d70ca4c1d3c62b2b9371defd5cc3cd16c0752e8
rf3,progen2-base,joint_over_full,0.004879531240304655,-0.002836733550651359,0.012595796031260669,156,95% simultaneous over 128 contrasts,10000,results/R1/position_terms_20260926/position_simultaneous.json,adc04054ea5ad55b5dd5f1be2d70ca4c1d3c62b2b9371defd5cc3cd16c0752e8
rf3,progen2-base,own_minus_downstream,0.014040766181357066,-0.00880390714219449,0.03688543950490862,156,95% simultaneous over 128 contrasts,10000,results/R1/position_terms_20260926/position_simultaneous.json,adc04054ea5ad55b5dd5f1be2d70ca4c1d3c62b2b9371defd5cc3cd16c0752e8
rf3,progen2-large,unique_own,0.008547027646056613,-0.0004033973891097546,0.01749745268122298,156,95% simultaneous over 128 contrasts,10000,results/R1/position_terms_20260926/position_simultaneous.json,adc04054ea5ad55b5dd5f1be2d70ca4c1d3c62b2b9371defd5cc3cd16c0752e8
rf3,progen2-large,unique_downstream,0.02321816083724379,0.0024934227385080693,0.04394289893597951,156,95% simultaneous over 128 contrasts,10000,results/R1/position_terms_20260926/position_simultaneous.json,adc04054ea5ad55b5dd5f1be2d70ca4c1d3c62b2b9371defd5cc3cd16c0752e8
rf3,progen2-large,joint_over_full,0.006283836706076366,-0.011260312218278133,0.023827985630430863,156,95% simultaneous over 128 contrasts,10000,results/R1/position_terms_20260926/position_simultaneous.json,adc04054ea5ad55b5dd5f1be2d70ca4c1d3c62b2b9371defd5cc3cd16c0752e8
rf3,progen2-large,own_minus_downstream,-0.014671133191187192,-0.03507821333458301,0.005735946952208625,156,95% simultaneous over 128 contrasts,10000,results/R1/position_terms_20260926/position_simultaneous.json,adc04054ea5ad55b5dd5f1be2d70ca4c1d3c62b2b9371defd5cc3cd16c0752e8
rf3,progen2-medium,unique_own,0.014289728784215182,0.0035352771489784805,0.025044180419451882,156,95% simultaneous over 128 contrasts,10000,results/R1/position_terms_20260926/position_simultaneous.json,adc04054ea5ad55b5dd5f1be2d70ca4c1d3c62b2b9371defd5cc3cd16c0752e8
rf3,progen2-medium,unique_downstream,0.012039653626827717,-0.003312380643606805,0.02739168789726224,156,95% simultaneous over 128 contrasts,10000,results/R1/position_terms_20260926/position_simultaneous.json,adc04054ea5ad55b5dd5f1be2d70ca4c1d3c62b2b9371defd5cc3cd16c0752e8
rf3,progen2-medium,joint_over_full,0.004569492214489366,-0.006505951302445149,0.015644935731423882,156,95% simultaneous over 128 contrasts,10000,results/R1/position_terms_20260926/position_simultaneous.json,adc04054ea5ad55b5dd5f1be2d70ca4c1d3c62b2b9371defd5cc3cd16c0752e8
rf3,progen2-medium,own_minus_downstream,0.0022500751573874653,-0.017065644573947707,0.021565794888722636,156,95% simultaneous over 128 contrasts,10000,results/R1/position_terms_20260926/position_simultaneous.json,adc04054ea5ad55b5dd5f1be2d70ca4c1d3c62b2b9371defd5cc3cd16c0752e8
rf3,progen2-small,unique_own,0.0021094277629237304,-0.007134756133392357,0.011353611659239817,156,95% simultaneous over 128 contrasts,10000,results/R1/position_terms_20260926/position_simultaneous.json,adc04054ea5ad55b5dd5f1be2d70ca4c1d3c62b2b9371defd5cc3cd16c0752e8
rf3,progen2-small,unique_downstream,0.010992124795951897,-0.004220774682370259,0.026205024274274055,156,95% simultaneous over 128 contrasts,10000,results/R1/position_terms_20260926/position_simultaneous.json,adc04054ea5ad55b5dd5f1be2d70ca4c1d3c62b2b9371defd5cc3cd16c0752e8
rf3,progen2-small,joint_over_full,-0.0037479201548043725,-0.013335086304887582,0.005839245995278837,156,95% simultaneous over 128 contrasts,10000,results/R1/position_terms_20260926/position_simultaneous.json,adc04054ea5ad55b5dd5f1be2d70ca4c1d3c62b2b9371defd5cc3cd16c0752e8
rf3,progen2-small,own_minus_downstream,-0.008882697033028167,-0.02175713380688854,0.0039917397408322074,156,95% simultaneous over 128 contrasts,10000,results/R1/position_terms_20260926/position_simultaneous.json,adc04054ea5ad55b5dd5f1be2d70ca4c1d3c62b2b9371defd5cc3cd16c0752e8
rf3,progen2-xlarge,unique_own,0.02287104465874355,0.004021912973282641,0.041720176344204454,156,95% simultaneous over 128 contrasts,10000,results/R1/position_terms_20260926/position_simultaneous.json,adc04054ea5ad55b5dd5f1be2d70ca4c1d3c62b2b9371defd5cc3cd16c0752e8
rf3,progen2-xlarge,unique_downstream,0.012658264063667074,0.0010604281633014787,0.02425609996403267,156,95% simultaneous over 128 contrasts,10000,results/R1/position_terms_20260926/position_simultaneous.json,adc04054ea5ad55b5dd5f1be2d70ca4c1d3c62b2b9371defd5cc3cd16c0752e8
rf3,progen2-xlarge,joint_over_full,0.004388365304787229,-0.004718942997301314,0.013495673606875772,156,95% simultaneous over 128 contrasts,10000,results/R1/position_terms_20260926/position_simultaneous.json,adc04054ea5ad55b5dd5f1be2d70ca4c1d3c62b2b9371defd5cc3cd16c0752e8
rf3,progen2-xlarge,own_minus_downstream,0.01021278059507649,-0.012169875980792319,0.0325954371709453,156,95% simultaneous over 128 contrasts,10000,results/R1/position_terms_20260926/position_simultaneous.json,adc04054ea5ad55b5dd5f1be2d70ca4c1d3c62b2b9371defd5cc3cd16c0752e8
rf3,progen3-112m,unique_own,0.0020416229954446485,-0.007330047618716454,0.011413293609605751,156,95% simultaneous over 128 contrasts,10000,results/R1/position_terms_20260926/position_simultaneous.json,adc04054ea5ad55b5dd5f1be2d70ca4c1d3c62b2b9371defd5cc3cd16c0752e8
rf3,progen3-112m,unique_downstream,0.0066049618486416,-0.00915243073026634,0.022362354427549542,156,95% simultaneous over 128 contrasts,10000,results/R1/position_terms_20260926/position_simultaneous.json,adc04054ea5ad55b5dd5f1be2d70ca4c1d3c62b2b9371defd5cc3cd16c0752e8
rf3,progen3-112m,joint_over_full,-0.0019981014537353704,-0.011013640136973958,0.007017437229503216,156,95% simultaneous over 128 contrasts,10000,results/R1/position_terms_20260926/position_simultaneous.json,adc04054ea5ad55b5dd5f1be2d70ca4c1d3c62b2b9371defd5cc3cd16c0752e8
rf3,progen3-112m,own_minus_downstream,-0.004563338853196952,-0.018487304361290376,0.00936062665489647,156,95% simultaneous over 128 contrasts,10000,results/R1/position_terms_20260926/position_simultaneous.json,adc04054ea5ad55b5dd5f1be2d70ca4c1d3c62b2b9371defd5cc3cd16c0752e8
rf3,prollama,unique_own,-8.21691178239455e-05,-0.0014411496342915887,0.0012768113986436978,154,95% simultaneous over 128 contrasts,10000,results/R1/position_terms_20260926/position_simultaneous.json,adc04054ea5ad55b5dd5f1be2d70ca4c1d3c62b2b9371defd5cc3cd16c0752e8
rf3,prollama,unique_downstream,0.003170992248354822,-0.004566160469444762,0.010908144966154406,154,95% simultaneous over 128 contrasts,10000,results/R1/position_terms_20260926/position_simultaneous.json,adc04054ea5ad55b5dd5f1be2d70ca4c1d3c62b2b9371defd5cc3cd16c0752e8
rf3,prollama,joint_over_full,0.00031599004445884333,-0.0033154728033748804,0.003947452892292567,154,95% simultaneous over 128 contrasts,10000,results/R1/position_terms_20260926/position_simultaneous.json,adc04054ea5ad55b5dd5f1be2d70ca4c1d3c62b2b9371defd5cc3cd16c0752e8
rf3,prollama,own_minus_downstream,-0.003253161366178768,-0.011117259301489855,0.004610936569132318,154,95% simultaneous over 128 contrasts,10000,results/R1/position_terms_20260926/position_simultaneous.json,adc04054ea5ad55b5dd5f1be2d70ca4c1d3c62b2b9371defd5cc3cd16c0752e8
rf3,prollama-stage-1,unique_own,0.0015249103956321455,-0.0034686253918582584,0.006518446183122549,154,95% simultaneous over 128 contrasts,10000,results/R1/position_terms_20260926/position_simultaneous.json,adc04054ea5ad55b5dd5f1be2d70ca4c1d3c62b2b9371defd5cc3cd16c0752e8
rf3,prollama-stage-1,unique_downstream,0.005694063415785676,-0.005033732126985836,0.01642185895855719,154,95% simultaneous over 128 contrasts,10000,results/R1/position_terms_20260926/position_simultaneous.json,adc04054ea5ad55b5dd5f1be2d70ca4c1d3c62b2b9371defd5cc3cd16c0752e8
rf3,prollama-stage-1,joint_over_full,0.0024698575985592467,-0.00587161265885798,0.010811327855976473,154,95% simultaneous over 128 contrasts,10000,results/R1/position_terms_20260926/position_simultaneous.json,adc04054ea5ad55b5dd5f1be2d70ca4c1d3c62b2b9371defd5cc3cd16c0752e8
rf3,prollama-stage-1,own_minus_downstream,-0.00416915302015353,-0.01770330082403709,0.00936499478373003,154,95% simultaneous over 128 contrasts,10000,results/R1/position_terms_20260926/position_simultaneous.json,adc04054ea5ad55b5dd5f1be2d70ca4c1d3c62b2b9371defd5cc3cd16c0752e8
rf3,proteinglm-7b-clm,unique_own,0.016975895039306715,0.003888916186076879,0.030062873892536552,156,95% simultaneous over 128 contrasts,10000,results/R1/position_terms_20260926/position_simultaneous.json,adc04054ea5ad55b5dd5f1be2d70ca4c1d3c62b2b9371defd5cc3cd16c0752e8
rf3,proteinglm-7b-clm,unique_downstream,0.01601521444598964,0.0025262160089604257,0.029504212883018854,156,95% simultaneous over 128 contrasts,10000,results/R1/position_terms_20260926/position_simultaneous.json,adc04054ea5ad55b5dd5f1be2d70ca4c1d3c62b2b9371defd5cc3cd16c0752e8
rf3,proteinglm-7b-clm,joint_over_full,0.010441750377591928,-0.006537527039803129,0.027421027794986987,156,95% simultaneous over 128 contrasts,10000,results/R1/position_terms_20260926/position_simultaneous.json,adc04054ea5ad55b5dd5f1be2d70ca4c1d3c62b2b9371defd5cc3cd16c0752e8
rf3,proteinglm-7b-clm,own_minus_downstream,0.0009606805933170631,-0.020304222800354727,0.022225583986988855,156,95% simultaneous over 128 contrasts,10000,results/R1/position_terms_20260926/position_simultaneous.json,adc04054ea5ad55b5dd5f1be2d70ca4c1d3c62b2b9371defd5cc3cd16c0752e8
rf3,protgpt2,unique_own,0.018257467746920445,0.005532358319866966,0.030982577173973923,154,95% simultaneous over 128 contrasts,10000,results/R1/position_terms_20260926/position_simultaneous.json,adc04054ea5ad55b5dd5f1be2d70ca4c1d3c62b2b9371defd5cc3cd16c0752e8
rf3,protgpt2,unique_downstream,0.010366911480355004,0.0007083470032140451,0.020025475957495962,154,95% simultaneous over 128 contrasts,10000,results/R1/position_terms_20260926/position_simultaneous.json,adc04054ea5ad55b5dd5f1be2d70ca4c1d3c62b2b9371defd5cc3cd16c0752e8
rf3,protgpt2,joint_over_full,-0.0018044577182990593,-0.008580535482530316,0.004971620045932197,154,95% simultaneous over 128 contrasts,10000,results/R1/position_terms_20260926/position_simultaneous.json,adc04054ea5ad55b5dd5f1be2d70ca4c1d3c62b2b9371defd5cc3cd16c0752e8
rf3,protgpt2,own_minus_downstream,0.007890556266565442,-0.005237778906511403,0.021018891439642286,154,95% simultaneous over 128 contrasts,10000,results/R1/position_terms_20260926/position_simultaneous.json,adc04054ea5ad55b5dd5f1be2d70ca4c1d3c62b2b9371defd5cc3cd16c0752e8
rf3,protgpt3-1.3b,unique_own,0.007688890694003818,-0.0013769128493132873,0.016754694237320924,156,95% simultaneous over 128 contrasts,10000,results/R1/position_terms_20260926/position_simultaneous.json,adc04054ea5ad55b5dd5f1be2d70ca4c1d3c62b2b9371defd5cc3cd16c0752e8
rf3,protgpt3-1.3b,unique_downstream,0.00960209460972187,-0.004122916097733109,0.023327105317176848,156,95% simultaneous over 128 contrasts,10000,results/R1/position_terms_20260926/position_simultaneous.json,adc04054ea5ad55b5dd5f1be2d70ca4c1d3c62b2b9371defd5cc3cd16c0752e8
rf3,protgpt3-1.3b,joint_over_full,0.005645136752379612,-0.0035074038275438695,0.014797677332303093,156,95% simultaneous over 128 contrasts,10000,results/R1/position_terms_20260926/position_simultaneous.json,adc04054ea5ad55b5dd5f1be2d70ca4c1d3c62b2b9371defd5cc3cd16c0752e8
rf3,protgpt3-1.3b,own_minus_downstream,-0.001913203915718043,-0.021680336442404732,0.01785392861096865,156,95% simultaneous over 128 contrasts,10000,results/R1/position_terms_20260926/position_simultaneous.json,adc04054ea5ad55b5dd5f1be2d70ca4c1d3c62b2b9371defd5cc3cd16c0752e8
rf3,qwen2.5-0.5b,unique_own,-0.0003524337120096779,-0.001136990266239078,0.00043212284221972214,154,95% simultaneous over 128 contrasts,10000,results/R1/position_terms_20260926/position_simultaneous.json,adc04054ea5ad55b5dd5f1be2d70ca4c1d3c62b2b9371defd5cc3cd16c0752e8
rf3,qwen2.5-0.5b,unique_downstream,-0.0003700245054751292,-0.0024655747620529562,0.0017255257511026977,154,95% simultaneous over 128 contrasts,10000,results/R1/position_terms_20260926/position_simultaneous.json,adc04054ea5ad55b5dd5f1be2d70ca4c1d3c62b2b9371defd5cc3cd16c0752e8
rf3,qwen2.5-0.5b,joint_over_full,0.0002988240606480188,-0.004112605328597342,0.004710253449893379,154,95% simultaneous over 128 contrasts,10000,results/R1/position_terms_20260926/position_simultaneous.json,adc04054ea5ad55b5dd5f1be2d70ca4c1d3c62b2b9371defd5cc3cd16c0752e8
rf3,qwen2.5-0.5b,own_minus_downstream,1.7590793465451142e-05,-0.002051570661696992,0.0020867522486278938,154,95% simultaneous over 128 contrasts,10000,results/R1/position_terms_20260926/position_simultaneous.json,adc04054ea5ad55b5dd5f1be2d70ca4c1d3c62b2b9371defd5cc3cd16c0752e8
rf3,qwen2.5-0.5b-instruct,unique_own,0.0009741392394314088,-0.0030911855103239135,0.005039463989186731,154,95% simultaneous over 128 contrasts,10000,results/R1/position_terms_20260926/position_simultaneous.json,adc04054ea5ad55b5dd5f1be2d70ca4c1d3c62b2b9371defd5cc3cd16c0752e8
rf3,qwen2.5-0.5b-instruct,unique_downstream,-0.00017021079027533883,-0.0011146138997247066,0.0007741923191740289,154,95% simultaneous over 128 contrasts,10000,results/R1/position_terms_20260926/position_simultaneous.json,adc04054ea5ad55b5dd5f1be2d70ca4c1d3c62b2b9371defd5cc3cd16c0752e8
rf3,qwen2.5-0.5b-instruct,joint_over_full,0.000689905811381392,-0.00342250818427905,0.004802319807041834,154,95% simultaneous over 128 contrasts,10000,results/R1/position_terms_20260926/position_simultaneous.json,adc04054ea5ad55b5dd5f1be2d70ca4c1d3c62b2b9371defd5cc3cd16c0752e8
rf3,qwen2.5-0.5b-instruct,own_minus_downstream,0.0011443500297067476,-0.002968842317094589,0.005257542376508084,154,95% simultaneous over 128 contrasts,10000,results/R1/position_terms_20260926/position_simultaneous.json,adc04054ea5ad55b5dd5f1be2d70ca4c1d3c62b2b9371defd5cc3cd16c0752e8
rf3,qwen2.5-32b,unique_own,0.00020003193712083854,-0.0011131882938503188,0.0015132521680919961,154,95% simultaneous over 128 contrasts,10000,results/R1/position_terms_20260926/position_simultaneous.json,adc04054ea5ad55b5dd5f1be2d70ca4c1d3c62b2b9371defd5cc3cd16c0752e8
rf3,qwen2.5-32b,unique_downstream,0.0015112726871164758,-0.0025417359633090235,0.005564281337541975,154,95% simultaneous over 128 contrasts,10000,results/R1/position_terms_20260926/position_simultaneous.json,adc04054ea5ad55b5dd5f1be2d70ca4c1d3c62b2b9371defd5cc3cd16c0752e8
rf3,qwen2.5-32b,joint_over_full,0.0012801395528700766,-0.0027955830470403707,0.005355862152780524,154,95% simultaneous over 128 contrasts,10000,results/R1/position_terms_20260926/position_simultaneous.json,adc04054ea5ad55b5dd5f1be2d70ca4c1d3c62b2b9371defd5cc3cd16c0752e8
rf3,qwen2.5-32b,own_minus_downstream,-0.0013112407499956374,-0.005548723978471907,0.0029262424784806318,154,95% simultaneous over 128 contrasts,10000,results/R1/position_terms_20260926/position_simultaneous.json,adc04054ea5ad55b5dd5f1be2d70ca4c1d3c62b2b9371defd5cc3cd16c0752e8
rf3,qwen2.5-7b,unique_own,0.00022913717878209557,-0.0009970315299197075,0.0014553058874838987,154,95% simultaneous over 128 contrasts,10000,results/R1/position_terms_20260926/position_simultaneous.json,adc04054ea5ad55b5dd5f1be2d70ca4c1d3c62b2b9371defd5cc3cd16c0752e8
rf3,qwen2.5-7b,unique_downstream,0.0010894886088163667,-0.0031876246648333273,0.005366601882466061,154,95% simultaneous over 128 contrasts,10000,results/R1/position_terms_20260926/position_simultaneous.json,adc04054ea5ad55b5dd5f1be2d70ca4c1d3c62b2b9371defd5cc3cd16c0752e8
rf3,qwen2.5-7b,joint_over_full,0.0011646131311252358,-0.0030170527080196465,0.005346278970270118,154,95% simultaneous over 128 contrasts,10000,results/R1/position_terms_20260926/position_simultaneous.json,adc04054ea5ad55b5dd5f1be2d70ca4c1d3c62b2b9371defd5cc3cd16c0752e8
rf3,qwen2.5-7b,own_minus_downstream,-0.0008603514300342704,-0.005119166322508232,0.003398463462439691,154,95% simultaneous over 128 contrasts,10000,results/R1/position_terms_20260926/position_simultaneous.json,adc04054ea5ad55b5dd5f1be2d70ca4c1d3c62b2b9371defd5cc3cd16c0752e8
rf3,qwen3-8b-base,unique_own,-0.000303266555293881,-0.0020697815486844674,0.0014632484380967053,154,95% simultaneous over 128 contrasts,10000,results/R1/position_terms_20260926/position_simultaneous.json,adc04054ea5ad55b5dd5f1be2d70ca4c1d3c62b2b9371defd5cc3cd16c0752e8
rf3,qwen3-8b-base,unique_downstream,0.00022309509568253864,-0.0012797031498813954,0.0017258933412464727,154,95% simultaneous over 128 contrasts,10000,results/R1/position_terms_20260926/position_simultaneous.json,adc04054ea5ad55b5dd5f1be2d70ca4c1d3c62b2b9371defd5cc3cd16c0752e8
rf3,qwen3-8b-base,joint_over_full,-0.00044680455328088695,-0.0019672066730361533,0.0010735975664743795,154,95% simultaneous over 128 contrasts,10000,results/R1/position_terms_20260926/position_simultaneous.json,adc04054ea5ad55b5dd5f1be2d70ca4c1d3c62b2b9371defd5cc3cd16c0752e8
rf3,qwen3-8b-base,own_minus_downstream,-0.0005263616509764197,-0.0027356570183504647,0.001682933716397625,154,95% simultaneous over 128 contrasts,10000,results/R1/position_terms_20260926/position_simultaneous.json,adc04054ea5ad55b5dd5f1be2d70ca4c1d3c62b2b9371defd5cc3cd16c0752e8
rf3,rita-xl,unique_own,0.015456264022584203,0.0059576907687381424,0.02495483727643026,156,95% simultaneous over 128 contrasts,10000,results/R1/position_terms_20260926/position_simultaneous.json,adc04054ea5ad55b5dd5f1be2d70ca4c1d3c62b2b9371defd5cc3cd16c0752e8
rf3,rita-xl,unique_downstream,0.006164440684766976,-0.010322156872296179,0.02265103824183013,156,95% simultaneous over 128 contrasts,10000,results/R1/position_terms_20260926/position_simultaneous.json,adc04054ea5ad55b5dd5f1be2d70ca4c1d3c62b2b9371defd5cc3cd16c0752e8
rf3,rita-xl,joint_over_full,0.007965369746199146,-0.0012597401588795212,0.01719047965127781,156,95% simultaneous over 128 contrasts,10000,results/R1/position_terms_20260926/position_simultaneous.json,adc04054ea5ad55b5dd5f1be2d70ca4c1d3c62b2b9371defd5cc3cd16c0752e8
rf3,rita-xl,own_minus_downstream,0.009291823337817228,-0.0074358336024575155,0.02601948027809197,156,95% simultaneous over 128 contrasts,10000,results/R1/position_terms_20260926/position_simultaneous.json,adc04054ea5ad55b5dd5f1be2d70ca4c1d3c62b2b9371defd5cc3cd16c0752e8
wall,bygpt5-base-en,unique_own,-0.0001080568220235642,-0.0011569353727069343,0.0009408217286598059,156,95% simultaneous over 128 contrasts,10000,results/R1/position_terms_20260926/position_simultaneous.json,adc04054ea5ad55b5dd5f1be2d70ca4c1d3c62b2b9371defd5cc3cd16c0752e8
wall,bygpt5-base-en,unique_downstream,-3.8918204907502576e-05,-0.00024211487982081216,0.00016427847000580702,156,95% simultaneous over 128 contrasts,10000,results/R1/position_terms_20260926/position_simultaneous.json,adc04054ea5ad55b5dd5f1be2d70ca4c1d3c62b2b9371defd5cc3cd16c0752e8
wall,bygpt5-base-en,joint_over_full,-0.00027935221399867145,-0.0008503803874159552,0.00029167595941861224,156,95% simultaneous over 128 contrasts,10000,results/R1/position_terms_20260926/position_simultaneous.json,adc04054ea5ad55b5dd5f1be2d70ca4c1d3c62b2b9371defd5cc3cd16c0752e8
wall,bygpt5-base-en,own_minus_downstream,-6.913861711606157e-05,-0.0011105481257345287,0.0009722708915024055,156,95% simultaneous over 128 contrasts,10000,results/R1/position_terms_20260926/position_simultaneous.json,adc04054ea5ad55b5dd5f1be2d70ca4c1d3c62b2b9371defd5cc3cd16c0752e8
wall,bygpt5-medium-en,unique_own,0.0006206842395918589,-0.0014065793844888564,0.002647947863672574,156,95% simultaneous over 128 contrasts,10000,results/R1/position_terms_20260926/position_simultaneous.json,adc04054ea5ad55b5dd5f1be2d70ca4c1d3c62b2b9371defd5cc3cd16c0752e8
wall,bygpt5-medium-en,unique_downstream,-0.0004178636857327368,-0.0018101491879849727,0.0009744218165194992,156,95% simultaneous over 128 contrasts,10000,results/R1/position_terms_20260926/position_simultaneous.json,adc04054ea5ad55b5dd5f1be2d70ca4c1d3c62b2b9371defd5cc3cd16c0752e8
wall,bygpt5-medium-en,joint_over_full,0.00020314037667619548,-0.0015578349615293563,0.0019641157148817473,156,95% simultaneous over 128 contrasts,10000,results/R1/position_terms_20260926/position_simultaneous.json,adc04054ea5ad55b5dd5f1be2d70ca4c1d3c62b2b9371defd5cc3cd16c0752e8
wall,bygpt5-medium-en,own_minus_downstream,0.0010385479253245955,-0.001407658613198796,0.003484754463847987,156,95% simultaneous over 128 contrasts,10000,results/R1/position_terms_20260926/position_simultaneous.json,adc04054ea5ad55b5dd5f1be2d70ca4c1d3c62b2b9371defd5cc3cd16c0752e8
wall,bygpt5-small-en,unique_own,-0.0001361004066446805,-0.0010446538033904117,0.0007724529901010507,156,95% simultaneous over 128 contrasts,10000,results/R1/position_terms_20260926/position_simultaneous.json,adc04054ea5ad55b5dd5f1be2d70ca4c1d3c62b2b9371defd5cc3cd16c0752e8
wall,bygpt5-small-en,unique_downstream,0.00043583648444116984,-0.001069566812099047,0.0019412397809813868,156,95% simultaneous over 128 contrasts,10000,results/R1/position_terms_20260926/position_simultaneous.json,adc04054ea5ad55b5dd5f1be2d70ca4c1d3c62b2b9371defd5cc3cd16c0752e8
wall,bygpt5-small-en,joint_over_full,0.00016362560767632867,-0.0007724263609886024,0.0010996775763412597,156,95% simultaneous over 128 contrasts,10000,results/R1/position_terms_20260926/position_simultaneous.json,adc04054ea5ad55b5dd5f1be2d70ca4c1d3c62b2b9371defd5cc3cd16c0752e8
wall,bygpt5-small-en,own_minus_downstream,-0.0005719368910858504,-0.002331853356737435,0.0011879795745657344,156,95% simultaneous over 128 contrasts,10000,results/R1/position_terms_20260926/position_simultaneous.json,adc04054ea5ad55b5dd5f1be2d70ca4c1d3c62b2b9371defd5cc3cd16c0752e8
wall,dialogpt-small,unique_own,-0.0005321490505254181,-0.0017244145414995167,0.0006601164404486805,153,95% simultaneous over 128 contrasts,10000,results/R1/position_terms_20260926/position_simultaneous.json,adc04054ea5ad55b5dd5f1be2d70ca4c1d3c62b2b9371defd5cc3cd16c0752e8
wall,dialogpt-small,unique_downstream,-0.0003413422337668417,-0.0009700268490095373,0.00028734238147585384,153,95% simultaneous over 128 contrasts,10000,results/R1/position_terms_20260926/position_simultaneous.json,adc04054ea5ad55b5dd5f1be2d70ca4c1d3c62b2b9371defd5cc3cd16c0752e8
wall,dialogpt-small,joint_over_full,-0.0003778083719368429,-0.0014113252442570542,0.0006557085003833683,153,95% simultaneous over 128 contrasts,10000,results/R1/position_terms_20260926/position_simultaneous.json,adc04054ea5ad55b5dd5f1be2d70ca4c1d3c62b2b9371defd5cc3cd16c0752e8
wall,dialogpt-small,own_minus_downstream,-0.00019080681675857675,-0.0013535652898813539,0.0009719516563642004,153,95% simultaneous over 128 contrasts,10000,results/R1/position_terms_20260926/position_simultaneous.json,adc04054ea5ad55b5dd5f1be2d70ca4c1d3c62b2b9371defd5cc3cd16c0752e8
wall,galactica-1.3b,unique_own,4.6189324422551575e-05,-0.0002252611302548594,0.00031763977909996254,156,95% simultaneous over 128 contrasts,10000,results/R1/position_terms_20260926/position_simultaneous.json,adc04054ea5ad55b5dd5f1be2d70ca4c1d3c62b2b9371defd5cc3cd16c0752e8
wall,galactica-1.3b,unique_downstream,0.00016049799548314235,-0.0010842985671143598,0.0014052945580806447,156,95% simultaneous over 128 contrasts,10000,results/R1/position_terms_20260926/position_simultaneous.json,adc04054ea5ad55b5dd5f1be2d70ca4c1d3c62b2b9371defd5cc3cd16c0752e8
wall,galactica-1.3b,joint_over_full,-0.0002361900176475786,-0.0021039252689969636,0.0016315452337018063,156,95% simultaneous over 128 contrasts,10000,results/R1/position_terms_20260926/position_simultaneous.json,adc04054ea5ad55b5dd5f1be2d70ca4c1d3c62b2b9371defd5cc3cd16c0752e8
wall,galactica-1.3b,own_minus_downstream,-0.00011430867106059089,-0.001409859599705253,0.0011812422575840714,156,95% simultaneous over 128 contrasts,10000,results/R1/position_terms_20260926/position_simultaneous.json,adc04054ea5ad55b5dd5f1be2d70ca4c1d3c62b2b9371defd5cc3cd16c0752e8
wall,galactica-125m,unique_own,0.0003915861152739131,-0.0012345717385660233,0.0020177439691138497,156,95% simultaneous over 128 contrasts,10000,results/R1/position_terms_20260926/position_simultaneous.json,adc04054ea5ad55b5dd5f1be2d70ca4c1d3c62b2b9371defd5cc3cd16c0752e8
wall,galactica-125m,unique_downstream,0.0001263973369988926,-0.001029570198985948,0.0012823648729837333,156,95% simultaneous over 128 contrasts,10000,results/R1/position_terms_20260926/position_simultaneous.json,adc04054ea5ad55b5dd5f1be2d70ca4c1d3c62b2b9371defd5cc3cd16c0752e8
wall,galactica-125m,joint_over_full,0.0009276713364941677,-0.0015681091678629994,0.003423451840851335,156,95% simultaneous over 128 contrasts,10000,results/R1/position_terms_20260926/position_simultaneous.json,adc04054ea5ad55b5dd5f1be2d70ca4c1d3c62b2b9371defd5cc3cd16c0752e8
wall,galactica-125m,own_minus_downstream,0.0002651887782750207,-0.0016918571371111711,0.0022222346936612127,156,95% simultaneous over 128 contrasts,10000,results/R1/position_terms_20260926/position_simultaneous.json,adc04054ea5ad55b5dd5f1be2d70ca4c1d3c62b2b9371defd5cc3cd16c0752e8
wall,galactica-30b,unique_own,0.0010194877130421313,-0.002105104320876648,0.004144079746960911,156,95% simultaneous over 128 contrasts,10000,results/R1/position_terms_20260926/position_simultaneous.json,adc04054ea5ad55b5dd5f1be2d70ca4c1d3c62b2b9371defd5cc3cd16c0752e8
wall,galactica-30b,unique_downstream,0.0003391097496565061,-0.005847640450330036,0.0065258599496430475,156,95% simultaneous over 128 contrasts,10000,results/R1/position_terms_20260926/position_simultaneous.json,adc04054ea5ad55b5dd5f1be2d70ca4c1d3c62b2b9371defd5cc3cd16c0752e8
wall,galactica-30b,joint_over_full,0.0004293051470335399,-0.005324506485918323,0.006183116779985403,156,95% simultaneous over 128 contrasts,10000,results/R1/position_terms_20260926/position_simultaneous.json,adc04054ea5ad55b5dd5f1be2d70ca4c1d3c62b2b9371defd5cc3cd16c0752e8
wall,galactica-30b,own_minus_downstream,0.0006803779633856251,-0.004785637911048054,0.006146393837819304,156,95% simultaneous over 128 contrasts,10000,results/R1/position_terms_20260926/position_simultaneous.json,adc04054ea5ad55b5dd5f1be2d70ca4c1d3c62b2b9371defd5cc3cd16c0752e8
wall,galactica-6.7b,unique_own,-1.934907811127127e-05,-0.001269546220665938,0.0012308480644433956,156,95% simultaneous over 128 contrasts,10000,results/R1/position_terms_20260926/position_simultaneous.json,adc04054ea5ad55b5dd5f1be2d70ca4c1d3c62b2b9371defd5cc3cd16c0752e8
wall,galactica-6.7b,unique_downstream,-0.00047427117871116296,-0.0024225185797188825,0.0014739762222965567,156,95% simultaneous over 128 contrasts,10000,results/R1/position_terms_20260926/position_simultaneous.json,adc04054ea5ad55b5dd5f1be2d70ca4c1d3c62b2b9371defd5cc3cd16c0752e8
wall,galactica-6.7b,joint_over_full,-0.0004077784285919465,-0.002293097107513835,0.001477540250329942,156,95% simultaneous over 128 contrasts,10000,results/R1/position_terms_20260926/position_simultaneous.json,adc04054ea5ad55b5dd5f1be2d70ca4c1d3c62b2b9371defd5cc3cd16c0752e8
wall,galactica-6.7b,own_minus_downstream,0.00045492210059989145,-0.0014838580822333842,0.002393702283433167,156,95% simultaneous over 128 contrasts,10000,results/R1/position_terms_20260926/position_simultaneous.json,adc04054ea5ad55b5dd5f1be2d70ca4c1d3c62b2b9371defd5cc3cd16c0752e8
wall,gpt2,unique_own,-0.0002894372693468195,-0.001889932220173314,0.0013110576814796748,153,95% simultaneous over 128 contrasts,10000,results/R1/position_terms_20260926/position_simultaneous.json,adc04054ea5ad55b5dd5f1be2d70ca4c1d3c62b2b9371defd5cc3cd16c0752e8
wall,gpt2,unique_downstream,-0.00018164421179591277,-0.0005545848051742546,0.00019129638158242907,153,95% simultaneous over 128 contrasts,10000,results/R1/position_terms_20260926/position_simultaneous.json,adc04054ea5ad55b5dd5f1be2d70ca4c1d3c62b2b9371defd5cc3cd16c0752e8
wall,gpt2,joint_over_full,-0.0005488744367594352,-0.0017467504834003719,0.0006490016098815014,153,95% simultaneous over 128 contrasts,10000,results/R1/position_terms_20260926/position_simultaneous.json,adc04054ea5ad55b5dd5f1be2d70ca4c1d3c62b2b9371defd5cc3cd16c0752e8
wall,gpt2,own_minus_downstream,-0.00010779305755090671,-0.001720450369075001,0.0015048642539731876,153,95% simultaneous over 128 contrasts,10000,results/R1/position_terms_20260926/position_simultaneous.json,adc04054ea5ad55b5dd5f1be2d70ca4c1d3c62b2b9371defd5cc3cd16c0752e8
wall,gpt2-large,unique_own,-0.0007602950369042891,-0.0030381508651586963,0.0015175607913501183,153,95% simultaneous over 128 contrasts,10000,results/R1/position_terms_20260926/position_simultaneous.json,adc04054ea5ad55b5dd5f1be2d70ca4c1d3c62b2b9371defd5cc3cd16c0752e8
wall,gpt2-large,unique_downstream,-0.0007552419528446063,-0.0016402621819751005,0.00012977827628588793,153,95% simultaneous over 128 contrasts,10000,results/R1/position_terms_20260926/position_simultaneous.json,adc04054ea5ad55b5dd5f1be2d70ca4c1d3c62b2b9371defd5cc3cd16c0752e8
wall,gpt2-large,joint_over_full,-0.0008697402456262779,-0.0025730526561523834,0.0008335721648998274,153,95% simultaneous over 128 contrasts,10000,results/R1/position_terms_20260926/position_simultaneous.json,adc04054ea5ad55b5dd5f1be2d70ca4c1d3c62b2b9371defd5cc3cd16c0752e8
wall,gpt2-large,own_minus_downstream,-5.0530840596829794e-06,-0.0023889192484524945,0.0023788130803331286,153,95% simultaneous over 128 contrasts,10000,results/R1/position_terms_20260926/position_simultaneous.json,adc04054ea5ad55b5dd5f1be2d70ca4c1d3c62b2b9371defd5cc3cd16c0752e8
wall,gpt2-medium,unique_own,0.0010249261553886683,-0.0017661618881037963,0.003816014198881133,153,95% simultaneous over 128 contrasts,10000,results/R1/position_terms_20260926/position_simultaneous.json,adc04054ea5ad55b5dd5f1be2d70ca4c1d3c62b2b9371defd5cc3cd16c0752e8
wall,gpt2-medium,unique_downstream,0.0007640993770513582,-0.001636220796573129,0.0031644195506758455,153,95% simultaneous over 128 contrasts,10000,results/R1/position_terms_20260926/position_simultaneous.json,adc04054ea5ad55b5dd5f1be2d70ca4c1d3c62b2b9371defd5cc3cd16c0752e8
wall,gpt2-medium,joint_over_full,0.00037502707940900145,-0.0032871712990317657,0.004037225457849769,153,95% simultaneous over 128 contrasts,10000,results/R1/position_terms_20260926/position_simultaneous.json,adc04054ea5ad55b5dd5f1be2d70ca4c1d3c62b2b9371defd5cc3cd16c0752e8
wall,gpt2-medium,own_minus_downstream,0.0002608267783373097,-0.0015554955790565762,0.0020771491357311957,153,95% simultaneous over 128 contrasts,10000,results/R1/position_terms_20260926/position_simultaneous.json,adc04054ea5ad55b5dd5f1be2d70ca4c1d3c62b2b9371defd5cc3cd16c0752e8
wall,gpt2-xl,unique_own,2.056259269731854e-05,-0.0008534402788515641,0.0008945654642462012,153,95% simultaneous over 128 contrasts,10000,results/R1/position_terms_20260926/position_simultaneous.json,adc04054ea5ad55b5dd5f1be2d70ca4c1d3c62b2b9371defd5cc3cd16c0752e8
wall,gpt2-xl,unique_downstream,-0.0002399586528920135,-0.0008903716890179654,0.0004104543832339384,153,95% simultaneous over 128 contrasts,10000,results/R1/position_terms_20260926/position_simultaneous.json,adc04054ea5ad55b5dd5f1be2d70ca4c1d3c62b2b9371defd5cc3cd16c0752e8
wall,gpt2-xl,joint_over_full,-0.00030309380202857473,-0.0019920707278263056,0.0013858831237691562,153,95% simultaneous over 128 contrasts,10000,results/R1/position_terms_20260926/position_simultaneous.json,adc04054ea5ad55b5dd5f1be2d70ca4c1d3c62b2b9371defd5cc3cd16c0752e8
wall,gpt2-xl,own_minus_downstream,0.0002605212455893319,-0.0008215575923094188,0.0013426000834880828,153,95% simultaneous over 128 contrasts,10000,results/R1/position_terms_20260926/position_simultaneous.json,adc04054ea5ad55b5dd5f1be2d70ca4c1d3c62b2b9371defd5cc3cd16c0752e8
wall,instructprotein,unique_own,0.0012737324333489503,-0.007839367222228161,0.010386832088926061,156,95% simultaneous over 128 contrasts,10000,results/R1/position_terms_20260926/position_simultaneous.json,adc04054ea5ad55b5dd5f1be2d70ca4c1d3c62b2b9371defd5cc3cd16c0752e8
wall,instructprotein,unique_downstream,-0.001756711570673324,-0.017728457168883514,0.014215034027536868,156,95% simultaneous over 128 contrasts,10000,results/R1/position_terms_20260926/position_simultaneous.json,adc04054ea5ad55b5dd5f1be2d70ca4c1d3c62b2b9371defd5cc3cd16c0752e8
wall,instructprotein,joint_over_full,0.0012675678659245808,-0.001261476940115987,0.003796612671965149,156,95% simultaneous over 128 contrasts,10000,results/R1/position_terms_20260926/position_simultaneous.json,adc04054ea5ad55b5dd5f1be2d70ca4c1d3c62b2b9371defd5cc3cd16c0752e8
wall,instructprotein,own_minus_downstream,0.0030304440040222736,-0.00686498740180045,0.012925875409844998,156,95% simultaneous over 128 contrasts,10000,results/R1/position_terms_20260926/position_simultaneous.json,adc04054ea5ad55b5dd5f1be2d70ca4c1d3c62b2b9371defd5cc3cd16c0752e8
wall,llama-2-7b,unique_own,0.0006051843821186615,-0.0008351833235018897,0.0020455520877392126,154,95% simultaneous over 128 contrasts,10000,results/R1/position_terms_20260926/position_simultaneous.json,adc04054ea5ad55b5dd5f1be2d70ca4c1d3c62b2b9371defd5cc3cd16c0752e8
wall,llama-2-7b,unique_downstream,-0.0009077143873439811,-0.0025337851792287176,0.0007183564045407554,154,95% simultaneous over 128 contrasts,10000,results/R1/position_terms_20260926/position_simultaneous.json,adc04054ea5ad55b5dd5f1be2d70ca4c1d3c62b2b9371defd5cc3cd16c0752e8
wall,llama-2-7b,joint_over_full,-0.0006570666150291143,-0.003342126524994322,0.002027993294936093,154,95% simultaneous over 128 contrasts,10000,results/R1/position_terms_20260926/position_simultaneous.json,adc04054ea5ad55b5dd5f1be2d70ca4c1d3c62b2b9371defd5cc3cd16c0752e8
wall,llama-2-7b,own_minus_downstream,0.0015128987694626422,-0.0005838105848433508,0.0036096081237686354,154,95% simultaneous over 128 contrasts,10000,results/R1/position_terms_20260926/position_simultaneous.json,adc04054ea5ad55b5dd5f1be2d70ca4c1d3c62b2b9371defd5cc3cd16c0752e8
wall,llama-3.2-3b,unique_own,-8.825934715819001e-05,-0.0010098021445032503,0.0008332834501868703,154,95% simultaneous over 128 contrasts,10000,results/R1/position_terms_20260926/position_simultaneous.json,adc04054ea5ad55b5dd5f1be2d70ca4c1d3c62b2b9371defd5cc3cd16c0752e8
wall,llama-3.2-3b,unique_downstream,4.322640430952444e-05,-0.0006629939915468151,0.0007494468001658639,154,95% simultaneous over 128 contrasts,10000,results/R1/position_terms_20260926/position_simultaneous.json,adc04054ea5ad55b5dd5f1be2d70ca4c1d3c62b2b9371defd5cc3cd16c0752e8
wall,llama-3.2-3b,joint_over_full,-0.0001772236735087637,-0.001103391635600065,0.0007489442885825375,154,95% simultaneous over 128 contrasts,10000,results/R1/position_terms_20260926/position_simultaneous.json,adc04054ea5ad55b5dd5f1be2d70ca4c1d3c62b2b9371defd5cc3cd16c0752e8
wall,llama-3.2-3b,own_minus_downstream,-0.00013148575146771459,-0.0011040716473065813,0.0008411001443711522,154,95% simultaneous over 128 contrasts,10000,results/R1/position_terms_20260926/position_simultaneous.json,adc04054ea5ad55b5dd5f1be2d70ca4c1d3c62b2b9371defd5cc3cd16c0752e8
wall,progen2-base,unique_own,0.012939432717508696,0.0026562609443358445,0.023222604490681545,156,95% simultaneous over 128 contrasts,10000,results/R1/position_terms_20260926/position_simultaneous.json,adc04054ea5ad55b5dd5f1be2d70ca4c1d3c62b2b9371defd5cc3cd16c0752e8
wall,progen2-base,unique_downstream,0.009136814584066774,-0.001487488933214473,0.01976111810134802,156,95% simultaneous over 128 contrasts,10000,results/R1/position_terms_20260926/position_simultaneous.json,adc04054ea5ad55b5dd5f1be2d70ca4c1d3c62b2b9371defd5cc3cd16c0752e8
wall,progen2-base,joint_over_full,0.004613153449564514,-0.004223387631808503,0.013449694530937532,156,95% simultaneous over 128 contrasts,10000,results/R1/position_terms_20260926/position_simultaneous.json,adc04054ea5ad55b5dd5f1be2d70ca4c1d3c62b2b9371defd5cc3cd16c0752e8
wall,progen2-base,own_minus_downstream,0.003802618133441933,-0.014072656825638215,0.02167789309252208,156,95% simultaneous over 128 contrasts,10000,results/R1/position_terms_20260926/position_simultaneous.json,adc04054ea5ad55b5dd5f1be2d70ca4c1d3c62b2b9371defd5cc3cd16c0752e8
wall,progen2-large,unique_own,0.007409408559313589,0.0005956425262338798,0.014223174592393297,156,95% simultaneous over 128 contrasts,10000,results/R1/position_terms_20260926/position_simultaneous.json,adc04054ea5ad55b5dd5f1be2d70ca4c1d3c62b2b9371defd5cc3cd16c0752e8
wall,progen2-large,unique_downstream,0.015021658999887765,0.0019511139554055264,0.028092204044370003,156,95% simultaneous over 128 contrasts,10000,results/R1/position_terms_20260926/position_simultaneous.json,adc04054ea5ad55b5dd5f1be2d70ca4c1d3c62b2b9371defd5cc3cd16c0752e8
wall,progen2-large,joint_over_full,0.00598311800057901,-0.0034640739129710805,0.0154303099141291,156,95% simultaneous over 128 contrasts,10000,results/R1/position_terms_20260926/position_simultaneous.json,adc04054ea5ad55b5dd5f1be2d70ca4c1d3c62b2b9371defd5cc3cd16c0752e8
wall,progen2-large,own_minus_downstream,-0.007612250440574168,-0.022890678446388063,0.0076661775652397245,156,95% simultaneous over 128 contrasts,10000,results/R1/position_terms_20260926/position_simultaneous.json,adc04054ea5ad55b5dd5f1be2d70ca4c1d3c62b2b9371defd5cc3cd16c0752e8
wall,progen2-medium,unique_own,0.008481963570047346,0.0013824130956143071,0.015581514044480386,156,95% simultaneous over 128 contrasts,10000,results/R1/position_terms_20260926/position_simultaneous.json,adc04054ea5ad55b5dd5f1be2d70ca4c1d3c62b2b9371defd5cc3cd16c0752e8
wall,progen2-medium,unique_downstream,0.012868425088648426,0.0034626836983513883,0.022274166478945465,156,95% simultaneous over 128 contrasts,10000,results/R1/position_terms_20260926/position_simultaneous.json,adc04054ea5ad55b5dd5f1be2d70ca4c1d3c62b2b9371defd5cc3cd16c0752e8
wall,progen2-medium,joint_over_full,0.009434897064869085,-0.007394369279348811,0.02626416340908698,156,95% simultaneous over 128 contrasts,10000,results/R1/position_terms_20260926/position_simultaneous.json,adc04054ea5ad55b5dd5f1be2d70ca4c1d3c62b2b9371defd5cc3cd16c0752e8
wall,progen2-medium,own_minus_downstream,-0.004386461518601065,-0.014920397942287913,0.0061474749050857815,156,95% simultaneous over 128 contrasts,10000,results/R1/position_terms_20260926/position_simultaneous.json,adc04054ea5ad55b5dd5f1be2d70ca4c1d3c62b2b9371defd5cc3cd16c0752e8
wall,progen2-small,unique_own,-0.0003164170415104207,-0.010246319278632685,0.009613485195611842,156,95% simultaneous over 128 contrasts,10000,results/R1/position_terms_20260926/position_simultaneous.json,adc04054ea5ad55b5dd5f1be2d70ca4c1d3c62b2b9371defd5cc3cd16c0752e8
wall,progen2-small,unique_downstream,0.0061068767439973574,-0.018106612925793367,0.03032036641378808,156,95% simultaneous over 128 contrasts,10000,results/R1/position_terms_20260926/position_simultaneous.json,adc04054ea5ad55b5dd5f1be2d70ca4c1d3c62b2b9371defd5cc3cd16c0752e8
wall,progen2-small,joint_over_full,0.0007034729505904941,-0.0023498164456501455,0.0037567623468311336,156,95% simultaneous over 128 contrasts,10000,results/R1/position_terms_20260926/position_simultaneous.json,adc04054ea5ad55b5dd5f1be2d70ca4c1d3c62b2b9371defd5cc3cd16c0752e8
wall,progen2-small,own_minus_downstream,-0.006423293785507778,-0.02436451739086861,0.011517929819853057,156,95% simultaneous over 128 contrasts,10000,results/R1/position_terms_20260926/position_simultaneous.json,adc04054ea5ad55b5dd5f1be2d70ca4c1d3c62b2b9371defd5cc3cd16c0752e8
wall,progen2-xlarge,unique_own,0.011117425342386399,0.003042468726643854,0.019192381958128946,156,95% simultaneous over 128 contrasts,10000,results/R1/position_terms_20260926/position_simultaneous.json,adc04054ea5ad55b5dd5f1be2d70ca4c1d3c62b2b9371defd5cc3cd16c0752e8
wall,progen2-xlarge,unique_downstream,0.011072149349617696,0.0039164225791597325,0.018227876120075658,156,95% simultaneous over 128 contrasts,10000,results/R1/position_terms_20260926/position_simultaneous.json,adc04054ea5ad55b5dd5f1be2d70ca4c1d3c62b2b9371defd5cc3cd16c0752e8
wall,progen2-xlarge,joint_over_full,0.003783662338070993,-0.00019836114590199207,0.0077656858220439785,156,95% simultaneous over 128 contrasts,10000,results/R1/position_terms_20260926/position_simultaneous.json,adc04054ea5ad55b5dd5f1be2d70ca4c1d3c62b2b9371defd5cc3cd16c0752e8
wall,progen2-xlarge,own_minus_downstream,4.527599276870964e-05,-0.01009286658797323,0.01018341857351065,156,95% simultaneous over 128 contrasts,10000,results/R1/position_terms_20260926/position_simultaneous.json,adc04054ea5ad55b5dd5f1be2d70ca4c1d3c62b2b9371defd5cc3cd16c0752e8
wall,progen3-112m,unique_own,-0.00033757437054973417,-0.008826296073985248,0.00815114733288578,156,95% simultaneous over 128 contrasts,10000,results/R1/position_terms_20260926/position_simultaneous.json,adc04054ea5ad55b5dd5f1be2d70ca4c1d3c62b2b9371defd5cc3cd16c0752e8
wall,progen3-112m,unique_downstream,0.007420337140601087,-0.0038256266252296757,0.01866630090643185,156,95% simultaneous over 128 contrasts,10000,results/R1/position_terms_20260926/position_simultaneous.json,adc04054ea5ad55b5dd5f1be2d70ca4c1d3c62b2b9371defd5cc3cd16c0752e8
wall,progen3-112m,joint_over_full,-0.0005396077651799649,-0.00885394735870014,0.00777473182834021,156,95% simultaneous over 128 contrasts,10000,results/R1/position_terms_20260926/position_simultaneous.json,adc04054ea5ad55b5dd5f1be2d70ca4c1d3c62b2b9371defd5cc3cd16c0752e8
wall,progen3-112m,own_minus_downstream,-0.0077579115111508215,-0.0165831708093741,0.0010673477870724564,156,95% simultaneous over 128 contrasts,10000,results/R1/position_terms_20260926/position_simultaneous.json,adc04054ea5ad55b5dd5f1be2d70ca4c1d3c62b2b9371defd5cc3cd16c0752e8
wall,prollama,unique_own,-1.3949971639043681e-05,-0.0010352875647289656,0.0010073876214508784,154,95% simultaneous over 128 contrasts,10000,results/R1/position_terms_20260926/position_simultaneous.json,adc04054ea5ad55b5dd5f1be2d70ca4c1d3c62b2b9371defd5cc3cd16c0752e8
wall,prollama,unique_downstream,0.002244478231206169,-0.0031893564981227878,0.007678312960535126,154,95% simultaneous over 128 contrasts,10000,results/R1/position_terms_20260926/position_simultaneous.json,adc04054ea5ad55b5dd5f1be2d70ca4c1d3c62b2b9371defd5cc3cd16c0752e8
wall,prollama,joint_over_full,0.0013324340565479612,-0.002268978249789605,0.004933846362885528,154,95% simultaneous over 128 contrasts,10000,results/R1/position_terms_20260926/position_simultaneous.json,adc04054ea5ad55b5dd5f1be2d70ca4c1d3c62b2b9371defd5cc3cd16c0752e8
wall,prollama,own_minus_downstream,-0.002258428202845213,-0.007685762130956961,0.0031689057252665353,154,95% simultaneous over 128 contrasts,10000,results/R1/position_terms_20260926/position_simultaneous.json,adc04054ea5ad55b5dd5f1be2d70ca4c1d3c62b2b9371defd5cc3cd16c0752e8
wall,prollama-stage-1,unique_own,-0.00017091970910422313,-0.0019580731025660644,0.001616233684357618,154,95% simultaneous over 128 contrasts,10000,results/R1/position_terms_20260926/position_simultaneous.json,adc04054ea5ad55b5dd5f1be2d70ca4c1d3c62b2b9371defd5cc3cd16c0752e8
wall,prollama-stage-1,unique_downstream,0.00261169672002628,-0.0027194294965768246,0.007942822936629384,154,95% simultaneous over 128 contrasts,10000,results/R1/position_terms_20260926/position_simultaneous.json,adc04054ea5ad55b5dd5f1be2d70ca4c1d3c62b2b9371defd5cc3cd16c0752e8
wall,prollama-stage-1,joint_over_full,0.0020613002763492797,-0.0022266162282710165,0.006349216780969576,154,95% simultaneous over 128 contrasts,10000,results/R1/position_terms_20260926/position_simultaneous.json,adc04054ea5ad55b5dd5f1be2d70ca4c1d3c62b2b9371defd5cc3cd16c0752e8
wall,prollama-stage-1,own_minus_downstream,-0.0027826164291305006,-0.008621295436497782,0.00305606257823678,154,95% simultaneous over 128 contrasts,10000,results/R1/position_terms_20260926/position_simultaneous.json,adc04054ea5ad55b5dd5f1be2d70ca4c1d3c62b2b9371defd5cc3cd16c0752e8
wall,proteinglm-7b-clm,unique_own,0.01620810639410886,-0.0012510585462183338,0.033667271334436054,156,95% simultaneous over 128 contrasts,10000,results/R1/position_terms_20260926/position_simultaneous.json,adc04054ea5ad55b5dd5f1be2d70ca4c1d3c62b2b9371defd5cc3cd16c0752e8
wall,proteinglm-7b-clm,unique_downstream,0.012635438425136281,0.003527011193739561,0.021743865656533003,156,95% simultaneous over 128 contrasts,10000,results/R1/position_terms_20260926/position_simultaneous.json,adc04054ea5ad55b5dd5f1be2d70ca4c1d3c62b2b9371defd5cc3cd16c0752e8
wall,proteinglm-7b-clm,joint_over_full,0.011578114242777271,-0.012463325074975367,0.03561955356052991,156,95% simultaneous over 128 contrasts,10000,results/R1/position_terms_20260926/position_simultaneous.json,adc04054ea5ad55b5dd5f1be2d70ca4c1d3c62b2b9371defd5cc3cd16c0752e8
wall,proteinglm-7b-clm,own_minus_downstream,0.003572667968972576,-0.015499376894211781,0.022644712832156935,156,95% simultaneous over 128 contrasts,10000,results/R1/position_terms_20260926/position_simultaneous.json,adc04054ea5ad55b5dd5f1be2d70ca4c1d3c62b2b9371defd5cc3cd16c0752e8
wall,protgpt2,unique_own,0.011531044248253864,0.001943064365801243,0.021119024130706487,154,95% simultaneous over 128 contrasts,10000,results/R1/position_terms_20260926/position_simultaneous.json,adc04054ea5ad55b5dd5f1be2d70ca4c1d3c62b2b9371defd5cc3cd16c0752e8
wall,protgpt2,unique_downstream,0.007190314908129075,0.0007285964163275841,0.013652033399930565,154,95% simultaneous over 128 contrasts,10000,results/R1/position_terms_20260926/position_simultaneous.json,adc04054ea5ad55b5dd5f1be2d70ca4c1d3c62b2b9371defd5cc3cd16c0752e8
wall,protgpt2,joint_over_full,-8.707255589100397e-05,-0.005662017931811865,0.005487872820029857,154,95% simultaneous over 128 contrasts,10000,results/R1/position_terms_20260926/position_simultaneous.json,adc04054ea5ad55b5dd5f1be2d70ca4c1d3c62b2b9371defd5cc3cd16c0752e8
wall,protgpt2,own_minus_downstream,0.004340729340124797,-0.00755979350220034,0.016241252182449935,154,95% simultaneous over 128 contrasts,10000,results/R1/position_terms_20260926/position_simultaneous.json,adc04054ea5ad55b5dd5f1be2d70ca4c1d3c62b2b9371defd5cc3cd16c0752e8
wall,protgpt3-1.3b,unique_own,0.003207688503427109,-0.0005850981849339185,0.0070004751917881365,156,95% simultaneous over 128 contrasts,10000,results/R1/position_terms_20260926/position_simultaneous.json,adc04054ea5ad55b5dd5f1be2d70ca4c1d3c62b2b9371defd5cc3cd16c0752e8
wall,protgpt3-1.3b,unique_downstream,0.011685728652789761,0.0049725191850141974,0.018398938120565325,156,95% simultaneous over 128 contrasts,10000,results/R1/position_terms_20260926/position_simultaneous.json,adc04054ea5ad55b5dd5f1be2d70ca4c1d3c62b2b9371defd5cc3cd16c0752e8
wall,protgpt3-1.3b,joint_over_full,0.005968521362500631,-0.0030040015561219983,0.01494104428112326,156,95% simultaneous over 128 contrasts,10000,results/R1/position_terms_20260926/position_simultaneous.json,adc04054ea5ad55b5dd5f1be2d70ca4c1d3c62b2b9371defd5cc3cd16c0752e8
wall,protgpt3-1.3b,own_minus_downstream,-0.00847804014936265,-0.015261515766156811,-0.0016945645325684884,156,95% simultaneous over 128 contrasts,10000,results/R1/position_terms_20260926/position_simultaneous.json,adc04054ea5ad55b5dd5f1be2d70ca4c1d3c62b2b9371defd5cc3cd16c0752e8
wall,qwen2.5-0.5b,unique_own,0.00015641150413277284,-0.000291819303195661,0.0006046423114612067,154,95% simultaneous over 128 contrasts,10000,results/R1/position_terms_20260926/position_simultaneous.json,adc04054ea5ad55b5dd5f1be2d70ca4c1d3c62b2b9371defd5cc3cd16c0752e8
wall,qwen2.5-0.5b,unique_downstream,-0.0005259221157078171,-0.002100597967333882,0.0010487537359182477,154,95% simultaneous over 128 contrasts,10000,results/R1/position_terms_20260926/position_simultaneous.json,adc04054ea5ad55b5dd5f1be2d70ca4c1d3c62b2b9371defd5cc3cd16c0752e8
wall,qwen2.5-0.5b,joint_over_full,-0.0002750588804032273,-0.0016429701501777453,0.001092852389371291,154,95% simultaneous over 128 contrasts,10000,results/R1/position_terms_20260926/position_simultaneous.json,adc04054ea5ad55b5dd5f1be2d70ca4c1d3c62b2b9371defd5cc3cd16c0752e8
wall,qwen2.5-0.5b,own_minus_downstream,0.0006823336198405899,-0.0009323647202290526,0.0022970319599102326,154,95% simultaneous over 128 contrasts,10000,results/R1/position_terms_20260926/position_simultaneous.json,adc04054ea5ad55b5dd5f1be2d70ca4c1d3c62b2b9371defd5cc3cd16c0752e8
wall,qwen2.5-0.5b-instruct,unique_own,0.0001140853792231335,-0.0007969221890982723,0.0010250929475445394,154,95% simultaneous over 128 contrasts,10000,results/R1/position_terms_20260926/position_simultaneous.json,adc04054ea5ad55b5dd5f1be2d70ca4c1d3c62b2b9371defd5cc3cd16c0752e8
wall,qwen2.5-0.5b-instruct,unique_downstream,-0.0003606144408899313,-0.0010224994377553208,0.00030127055597545824,154,95% simultaneous over 128 contrasts,10000,results/R1/position_terms_20260926/position_simultaneous.json,adc04054ea5ad55b5dd5f1be2d70ca4c1d3c62b2b9371defd5cc3cd16c0752e8
wall,qwen2.5-0.5b-instruct,joint_over_full,-0.00020457675778930823,-0.0012693040071638131,0.0008601504915851967,154,95% simultaneous over 128 contrasts,10000,results/R1/position_terms_20260926/position_simultaneous.json,adc04054ea5ad55b5dd5f1be2d70ca4c1d3c62b2b9371defd5cc3cd16c0752e8
wall,qwen2.5-0.5b-instruct,own_minus_downstream,0.00047469982011306484,-0.0005195931042708635,0.001468992744496993,154,95% simultaneous over 128 contrasts,10000,results/R1/position_terms_20260926/position_simultaneous.json,adc04054ea5ad55b5dd5f1be2d70ca4c1d3c62b2b9371defd5cc3cd16c0752e8
wall,qwen2.5-32b,unique_own,-0.0001763218196766457,-0.0010716418751468037,0.0007189982357935123,154,95% simultaneous over 128 contrasts,10000,results/R1/position_terms_20260926/position_simultaneous.json,adc04054ea5ad55b5dd5f1be2d70ca4c1d3c62b2b9371defd5cc3cd16c0752e8
wall,qwen2.5-32b,unique_downstream,-0.00020298058545789233,-0.0012084765154289768,0.0008025153445131921,154,95% simultaneous over 128 contrasts,10000,results/R1/position_terms_20260926/position_simultaneous.json,adc04054ea5ad55b5dd5f1be2d70ca4c1d3c62b2b9371defd5cc3cd16c0752e8
wall,qwen2.5-32b,joint_over_full,-0.00011372565287209893,-0.0013646117158143544,0.0011371604100701566,154,95% simultaneous over 128 contrasts,10000,results/R1/position_terms_20260926/position_simultaneous.json,adc04054ea5ad55b5dd5f1be2d70ca4c1d3c62b2b9371defd5cc3cd16c0752e8
wall,qwen2.5-32b,own_minus_downstream,2.6658765781246555e-05,-0.0011352870165396178,0.0011886045481021108,154,95% simultaneous over 128 contrasts,10000,results/R1/position_terms_20260926/position_simultaneous.json,adc04054ea5ad55b5dd5f1be2d70ca4c1d3c62b2b9371defd5cc3cd16c0752e8
wall,qwen2.5-7b,unique_own,0.000458387009156896,-0.0008505403120993788,0.0017673143304131706,154,95% simultaneous over 128 contrasts,10000,results/R1/position_terms_20260926/position_simultaneous.json,adc04054ea5ad55b5dd5f1be2d70ca4c1d3c62b2b9371defd5cc3cd16c0752e8
wall,qwen2.5-7b,unique_downstream,0.00046061981692720476,-0.0005361506256606589,0.0014573902595150683,154,95% simultaneous over 128 contrasts,10000,results/R1/position_terms_20260926/position_simultaneous.json,adc04054ea5ad55b5dd5f1be2d70ca4c1d3c62b2b9371defd5cc3cd16c0752e8
wall,qwen2.5-7b,joint_over_full,0.0007582589019245109,-0.0006020029842404007,0.0021185207880894223,154,95% simultaneous over 128 contrasts,10000,results/R1/position_terms_20260926/position_simultaneous.json,adc04054ea5ad55b5dd5f1be2d70ca4c1d3c62b2b9371defd5cc3cd16c0752e8
wall,qwen2.5-7b,own_minus_downstream,-2.2328077703089058e-06,-0.0014297119429873605,0.0014252463274467425,154,95% simultaneous over 128 contrasts,10000,results/R1/position_terms_20260926/position_simultaneous.json,adc04054ea5ad55b5dd5f1be2d70ca4c1d3c62b2b9371defd5cc3cd16c0752e8
wall,qwen3-8b-base,unique_own,-0.00012746338631052678,-0.000935180550377972,0.0006802537777569184,154,95% simultaneous over 128 contrasts,10000,results/R1/position_terms_20260926/position_simultaneous.json,adc04054ea5ad55b5dd5f1be2d70ca4c1d3c62b2b9371defd5cc3cd16c0752e8
wall,qwen3-8b-base,unique_downstream,-0.00039502024398794204,-0.0016294666687121785,0.0008394261807362943,154,95% simultaneous over 128 contrasts,10000,results/R1/position_terms_20260926/position_simultaneous.json,adc04054ea5ad55b5dd5f1be2d70ca4c1d3c62b2b9371defd5cc3cd16c0752e8
wall,qwen3-8b-base,joint_over_full,2.1940653303084106e-05,-0.0005777424243528032,0.0006216237309589714,154,95% simultaneous over 128 contrasts,10000,results/R1/position_terms_20260926/position_simultaneous.json,adc04054ea5ad55b5dd5f1be2d70ca4c1d3c62b2b9371defd5cc3cd16c0752e8
wall,qwen3-8b-base,own_minus_downstream,0.00026755685767741505,-0.0010340153670834492,0.0015691290824382796,154,95% simultaneous over 128 contrasts,10000,results/R1/position_terms_20260926/position_simultaneous.json,adc04054ea5ad55b5dd5f1be2d70ca4c1d3c62b2b9371defd5cc3cd16c0752e8
wall,rita-xl,unique_own,0.01221906639479333,0.0018778881499767926,0.02256024463960987,156,95% simultaneous over 128 contrasts,10000,results/R1/position_terms_20260926/position_simultaneous.json,adc04054ea5ad55b5dd5f1be2d70ca4c1d3c62b2b9371defd5cc3cd16c0752e8
wall,rita-xl,unique_downstream,0.005638001543296537,-0.0034070933529516236,0.014683096439544699,156,95% simultaneous over 128 contrasts,10000,results/R1/position_terms_20260926/position_simultaneous.json,adc04054ea5ad55b5dd5f1be2d70ca4c1d3c62b2b9371defd5cc3cd16c0752e8
wall,rita-xl,joint_over_full,0.008099650713133191,-0.0077042691249393155,0.023903570551205698,156,95% simultaneous over 128 contrasts,10000,results/R1/position_terms_20260926/position_simultaneous.json,adc04054ea5ad55b5dd5f1be2d70ca4c1d3c62b2b9371defd5cc3cd16c0752e8
wall,rita-xl,own_minus_downstream,0.006581064851496803,-0.007057286812444488,0.020219416515438092,156,95% simultaneous over 128 contrasts,10000,results/R1/position_terms_20260926/position_simultaneous.json,adc04054ea5ad55b5dd5f1be2d70ca4c1d3c62b2b9371defd5cc3cd16c0752e8
