arm,interface_stratum,fold_seed,n_assays,n_units,n_variants,readout_minus_likelihood,readout_minus_likelihood_ci_low,readout_minus_likelihood_ci_high,readout_minus_likelihood_excludes_zero,unit,bootstrap_resamples,representation_increment,representation_increment_ci_low,representation_increment_ci_high,representation_increment_excludes_zero,matched_baseline,matched_baseline_ci_low,matched_baseline_ci_high,matched_baseline_excludes_zero,native_likelihood,native_likelihood_ci_low,native_likelihood_ci_high,native_likelihood_excludes_zero,source_path,source_sha256,source_pointer
llama-2-7b,native_sequence,20260923,201,163,25728,0.1417567729624988,0.10604372073366043,0.17545801313267648,True,wild-type family at 50% identity,2000,-0.01666643871338496,-0.02740560512486495,-0.006994577308149402,True,0.4361654012269075,0.406464509913478,0.46536971545124856,True,-0.00960770012758229,-0.029174553115751102,0.009572320760411498,False,results/R2/readout_expansion_20260923/complete/results/external_baseline/20260923105347_9e1188dbfcda/readout_analysis_llama2_parent_common/readout_llama-2-7b_common.json,e6914c5b1db4bcfbf023ab5223c5541128f67ebf2a144cde9968d67027022408,summaries
progen3-3b,native_sequence,20260923,201,163,25728,0.021294460209887407,-1.703679332961905e-05,0.04286081167703743,False,wild-type family at 50% identity,2000,0.01736245547223304,0.006670648766489594,0.028344749655734552,True,0.47578491350029173,0.4469929709220237,0.5051140599261323,True,0.37866404003945886,0.3513618733655301,0.40528723601009586,True,results/R2/readout_expansion_20260923/complete/results/external_baseline/20260923105347_9e1188dbfcda/readout_analysis_progen3_3b_common/readout_progen3-3b_common.json,a596d4a9db6b3bfc89cd6999f445110391c916c7e0aff540f345d77d1bf98a9d,summaries
prollama-stage-1,native_sequence,20260923,201,163,25728,0.08843690501077094,0.05310632702371618,0.12388671972229198,True,wild-type family at 50% identity,2000,-0.006119039575886595,-0.02110299512923969,0.008374139234083625,False,0.440206119689405,0.41036083963207204,0.46904475385100003,True,0.14338103565558832,0.11455927504659398,0.17100906555085282,True,results/R2/readout_expansion_20260923/complete/results/external_baseline/20260923105347_9e1188dbfcda/readout_analysis_prollama_stage1_common/readout_prollama-stage-1_common.json,25e44aa69dc7f722a15bdc1e2370dc57d7b145e4618b75813858a5efaeffecef,summaries
prollama,native_sequence,20260923,201,163,25728,0.08507237521197007,0.0531536380881351,0.11716384353454956,True,wild-type family at 50% identity,2000,-0.007040385213068141,-0.02192741304239654,0.007653961277159368,False,0.440792169877717,0.41100943246050703,0.46995277850669065,True,0.15595161383225642,0.12673668756227524,0.18482235302584557,True,results/R2/readout_expansion_20260923/complete/results/external_baseline/20260923105347_9e1188dbfcda/readout_analysis_prollama_stage2_common/readout_prollama_common.json,f37ac7a617ec86186ac558f5ee19c905df731080d4e06ab935bf81aaff576518,summaries
proteinglm-7b-clm,native_sequence,20260923,201,163,25728,0.04906932171958894,0.022132508138003083,0.07605783134561574,True,wild-type family at 50% identity,2000,0.019700263092805467,0.009419662447576032,0.029707829673345152,True,0.48569475483905294,0.4554953142609164,0.5151891259388544,True,0.38983963198474053,0.3616066959258284,0.41668746809031193,True,results/R2/readout_expansion_20260923/complete/results/external_baseline/20260923105347_9e1188dbfcda/readout_analysis_proteinglm_common/readout_proteinglm-7b-clm_common.json,192074686108666dc87a92974821d36e249ce26a341b1f1b6c3c68b839465e7a,summaries
galactica-1.3b,native_sequence,20260923,201,163,25728,0.14146158241253576,0.10581373950365479,0.1772658944653417,True,wild-type family at 50% identity,2000,-0.010331134781627414,-0.02327896343470362,0.002822038201154825,False,0.43616487887044164,0.4062525808357144,0.4655274048157824,True,0.04753904005523029,0.02567028235647426,0.06915033483078548,True,results/R2/readout_expansion_20260923/complete/results/external_baseline/20260923122648_b8656cd05924/readout_expand_analysis_galactica_1_3b_common/readout_galactica-1.3b_common.json,97223548850f8808e6d21f5bc7d8570907fe5e0108fbc5e1676dfe7b082c1cf0,summaries
galactica-6.7b,native_sequence,20260923,201,163,25728,0.10260365027586284,0.06185344339072061,0.14096429034468538,True,wild-type family at 50% identity,2000,-0.007975174305286685,-0.02043987780346458,0.004090791642696526,False,0.4365589746842745,0.4072158190550903,0.46636978849761407,True,0.0844415341056642,0.06207475676474136,0.10640599335551124,True,results/R2/readout_expansion_20260923/complete/results/external_baseline/20260923122648_b8656cd05924/readout_expand_analysis_galactica_6_7b_common/readout_galactica-6.7b_common.json,7cbc433302f4fde38629b503b8d4419385f3586bebadbbd23346b3edb3cd033b,summaries
instructprotein,native_sequence,20260923,201,163,25728,-0.01597761103865788,-0.04814868556833778,0.0183185450254016,False,wild-type family at 50% identity,2000,-0.009487750417233265,-0.022062290256079472,0.0027720269670311673,False,0.4489183868696205,0.4192194640130089,0.47784336376943054,True,0.28372333222015766,0.25509055305816275,0.31163038350352334,True,results/R2/readout_expansion_20260923/complete/results/external_baseline/20260923122648_b8656cd05924/readout_expand_analysis_instructprotein_common/readout_instructprotein_common.json,4e0e8e6180e9a4706ffe30a533e71c554acc9dd1675efe202443ac7f32819f2e,summaries
progen2-base,native_sequence,20260923,201,163,25728,-0.0038622150998693632,-0.03736381222788138,0.03092960831083999,False,wild-type family at 50% identity,2000,0.01341250846386428,0.0009927359005682055,0.026171188733368836,True,0.47012524580241305,0.44054090294461423,0.49941946348968813,True,0.35634463399373545,0.3203545385422022,0.39034135317796537,True,results/R2/readout_expansion_20260923/complete/results/external_baseline/20260923122648_b8656cd05924/readout_expand_analysis_progen2_base_common/readout_progen2-base_common.json,97b242a3decc19e87d970dbfbfacd052b6572422ca5329832fd4c73d891dd530,summaries
progen2-large,native_sequence,20260923,201,163,25728,0.025950937285498635,0.002835613564373363,0.049838082798478095,True,wild-type family at 50% identity,2000,0.00906290297900532,-0.003820600584020907,0.021476556820193053,False,0.47259991869613793,0.44323367124187807,0.5009562980370103,True,0.3661009210102314,0.3357777935100184,0.3941635653193898,True,results/R2/readout_expansion_20260923/complete/results/external_baseline/20260923122648_b8656cd05924/readout_expand_analysis_progen2_large_common/readout_progen2-large_common.json,88c6d577d027cedce3d13838e6557d355ad79c4e3c5dd39119660c859e290459,summaries
progen2-medium,native_sequence,20260923,201,163,25728,-0.030152141049001147,-0.059317200113710764,0.0011281375301667742,False,wild-type family at 50% identity,2000,0.009808901545167666,-0.0019356147322582163,0.021324016806485612,False,0.47133854515662954,0.44172312171364775,0.4991939545174666,True,0.3667830049093667,0.3362033341980484,0.39552164523454286,True,results/R2/readout_expansion_20260923/complete/results/external_baseline/20260923122648_b8656cd05924/readout_expand_analysis_progen2_medium_common/readout_progen2-medium_common.json,eb6e445d842a9e4ef12b8a7b8a78ce4f3235f220d80c39aef9773c622bf49962,summaries
progen2-small,native_sequence,20260923,201,163,25728,-0.029219743601405525,-0.06370012243826487,0.00437171592777059,False,wild-type family at 50% identity,2000,0.012434359912680678,-0.0002460326016862703,0.0251527551883254,False,0.4602666523002389,0.431818245261549,0.4881948861436861,True,0.31870136081435846,0.2882251604053924,0.3476087872974015,True,results/R2/readout_expansion_20260923/complete/results/external_baseline/20260923122648_b8656cd05924/readout_expand_analysis_progen2_small_common/readout_progen2-small_common.json,716b592f3ef787aa25263966e58f11622581c12360533bd283a49fea87c03bf8,summaries
progen2-xlarge,native_sequence,20260923,201,163,25728,-0.04286450837699023,-0.07159247180356924,-0.014853384359953203,True,wild-type family at 50% identity,2000,0.0007459528333305325,-0.006876600266510911,0.008274702425658583,False,0.48853278194301386,0.45942843453252163,0.517843566508103,True,0.3920577779917632,0.36437855063689895,0.4183911973190205,True,results/R2/readout_expansion_20260923/complete/results/external_baseline/20260923122648_b8656cd05924/readout_expand_analysis_progen2_xlarge_common/readout_progen2-xlarge_common.json,c517db78568d438db87edcdfd784d958addbcd36d646471a1e1eb0ca66d1fa2d,summaries
progen3-112m,native_sequence,20260923,201,163,25728,0.03246371887469016,-0.004990452051313555,0.07306125953348508,False,wild-type family at 50% identity,2000,0.006659034868516491,-0.006416714864354716,0.019650527159229672,False,0.4525696669660097,0.4225421003269997,0.48206630829814695,True,0.24283497483090613,0.20939138285917175,0.27486905732765615,True,results/R2/readout_expansion_20260923/complete/results/external_baseline/20260923122648_b8656cd05924/readout_expand_analysis_progen3_112m_common/readout_progen3-112m_common.json,b0c276e36810c270e756e8e27cbf9521cf700c270a66692f1001554848494df1,summaries
protgpt2,native_sequence,20260923,201,163,25728,-0.0543317434686347,-0.08730710841873555,-0.02103143095814541,True,wild-type family at 50% identity,2000,0.009621764946559797,-0.0019905703171721255,0.021411424370687035,False,0.46468356331625393,0.43472264852102893,0.49297012652185795,True,0.33864678853410274,0.3087119476633061,0.3656540988320314,True,results/R2/readout_expansion_20260923/complete/results/external_baseline/20260923122648_b8656cd05924/readout_expand_analysis_protgpt2_common/readout_protgpt2_common.json,33b09d2630e380005e35144b8b3ef6bab8af7cc8fa9e617e5e89c3773a5f1ab7,summaries
rita-xl,native_sequence,20260923,201,163,25728,-0.0037913319932437527,-0.028134516074474356,0.023407309375269136,False,wild-type family at 50% identity,2000,0.007719286588747919,-0.0020055315387087114,0.01785302016524296,False,0.4643760406299098,0.4354420617139586,0.49267086168754615,True,0.34912138759244116,0.32006077131314553,0.3769912339880258,True,results/R2/readout_expansion_20260923/complete/results/external_baseline/20260923122648_b8656cd05924/readout_expand_analysis_rita_xl_common/readout_rita-xl_common.json,4f2a0433b783b14cbab3cf1833e4ee3cc197ea01eb5dbdc3d4e374231f2ba640,summaries
bygpt5-base-en,literal_text_AA,20260923,201,163,25728,0.1462810055574831,0.10825464715442244,0.18293580485271768,True,wild-type family at 50% identity,2000,-0.021267637773818366,-0.035040557946098824,-0.007604224406732129,True,0.43580345062357206,0.40642825200108273,0.46492110555496774,True,-0.0032565685339013945,-0.023249976407461473,0.01803950251065029,False,results/R2/readout_expansion_20260923/complete/results/external_baseline/20260923123458_7ce327eba51e/readout_expand_analysis_bygpt5_base_en_common/readout_bygpt5-base-en_common.json,4e386403d47516e7fdc6316610327a88dff58065d70e85061c10e8423f8624ed,summaries
bygpt5-small-en,literal_text_AA,20260923,201,163,25728,0.16543476325437756,0.1304926169584095,0.19938345527471676,True,wild-type family at 50% identity,2000,-0.016881294288730166,-0.028974766448671797,-0.00551797591975686,True,0.43596124104409234,0.40650825130903945,0.4651936235987154,True,-0.010387019403281891,-0.028651379194980484,0.007054423298446429,False,results/R2/readout_expansion_20260923/complete/results/external_baseline/20260923123458_7ce327eba51e/readout_expand_analysis_bygpt5_small_en_common/readout_bygpt5-small-en_common.json,c60fe5c9f07acf1c3cf3571e2fa7468999c5673cdcc3f1c436317c3ce0b2eea2,summaries
gpt2,literal_text_AA,20260923,201,163,25728,0.11921852047943259,0.08817703454986978,0.15191404321061455,True,wild-type family at 50% identity,2000,-0.025941703761772475,-0.03817017777999113,-0.014585831361652164,True,0.4362593560116984,0.4066161402144789,0.46569758567891245,True,-0.004361814040924932,-0.022845053221012913,0.014778295288072896,False,results/R2/readout_expansion_20260923/complete/results/external_baseline/20260923123458_7ce327eba51e/readout_expand_analysis_gpt2_common/readout_gpt2_common.json,b3a2fda34474c4505e39f18273dc8e8967171da9dc470d23e9e38a445893facb,summaries
gpt2-large,literal_text_AA,20260923,201,163,25728,0.13630854097314177,0.09984842922626336,0.17191263084886754,True,wild-type family at 50% identity,2000,-0.028943213733534957,-0.041412483406499646,-0.017428323063280036,True,0.4368506062123338,0.4073962816078721,0.46597936484810387,True,-0.01596999959766879,-0.03564264500950668,0.004931899267163362,False,results/R2/readout_expansion_20260923/complete/results/external_baseline/20260923123458_7ce327eba51e/readout_expand_analysis_gpt2_large_common/readout_gpt2-large_common.json,b068cb061d680e0860e2f07e4d176e0b634a497bd206dd57b161bf6da56bd97e,summaries
gpt2-medium,literal_text_AA,20260923,201,163,25728,0.10526277594401658,0.07245322505538572,0.13657249011382985,True,wild-type family at 50% identity,2000,-0.024682991069029464,-0.03685253928681727,-0.013551410169146414,True,0.43607388560874705,0.40647576593490553,0.46536396413273234,True,-0.0033339769123850115,-0.021652805089953004,0.014844395038141694,False,results/R2/readout_expansion_20260923/complete/results/external_baseline/20260923123458_7ce327eba51e/readout_expand_analysis_gpt2_medium_common/readout_gpt2-medium_common.json,3bd4810e6002d84fed19a1f66d0c341740dd0299b86993b09ede9f0e4b1eb16f,summaries
gpt2-xl,literal_text_AA,20260923,201,163,25728,0.12342733532416167,0.0896317618265731,0.15535923507440888,True,wild-type family at 50% identity,2000,-0.020829855953585982,-0.03189226095585097,-0.009773848439469495,True,0.4360728616947805,0.4065803555852441,0.4652912385212014,True,-0.006883985346543017,-0.028960254679448013,0.015009143391253272,False,results/R2/readout_expansion_20260923/complete/results/external_baseline/20260923123458_7ce327eba51e/readout_expand_analysis_gpt2_xl_common/readout_gpt2-xl_common.json,7babb9455869362e4a3e508565eb74fe6187e5a9fca73f3c396e77313781d446,summaries
llama-3.2-3b,literal_text_AA,20260923,201,163,25728,0.08755304466502027,0.05761500152417411,0.11654230266425991,True,wild-type family at 50% identity,2000,-0.02119226069423337,-0.032132843865109686,-0.010787938375316237,True,0.4362875990458221,0.4067851923577699,0.46555972115412664,True,-0.0008580891672586444,-0.021973729201831257,0.019823954908743203,False,results/R2/readout_expansion_20260923/complete/results/external_baseline/20260923123458_7ce327eba51e/readout_expand_analysis_llama_3_2_3b_common/readout_llama-3.2-3b_common.json,53f2b351fb1ab9c722d339c5bd6329cc4282da1ee772d423dad23d0dab396ef8,summaries
qwen2.5-0.5b,literal_text_AA,20260923,201,163,25728,0.0744244734779106,0.04434346451577916,0.10701708532988767,True,wild-type family at 50% identity,2000,-0.020601599816908064,-0.0308645629538367,-0.01089229402042125,True,0.43597515063431636,0.4062377025402105,0.46516643359648313,True,0.017698205299107192,-0.0033933221225239106,0.036262270461832245,False,results/R2/readout_expansion_20260923/complete/results/external_baseline/20260923123458_7ce327eba51e/readout_expand_analysis_qwen2_5_0_5b_common/readout_qwen2.5-0.5b_common.json,3e83bb5b1b4044b330ca34bf39314009c228e2e7abe0fd1b5f02948c4db44d2f,summaries
qwen2.5-0.5b-instruct,literal_text_AA,20260923,201,163,25728,0.0748267249315213,0.04592473670496166,0.10651771758544275,True,wild-type family at 50% identity,2000,-0.022337379497880245,-0.031700982332556984,-0.01317580688958318,True,0.4361062051826641,0.406599222000399,0.4653893396335575,True,0.0017627381410668724,-0.0169440715185055,0.01878189994314253,False,results/R2/readout_expansion_20260923/complete/results/external_baseline/20260923123458_7ce327eba51e/readout_expand_analysis_qwen2_5_0_5b_instruct_common/readout_qwen2.5-0.5b-instruct_common.json,ab1982316c94fe1b570ca2ac7d296d0ede1f100e99a62ed35e682d71ba207a5b,summaries
qwen3-8b-base,literal_text_AA,20260923,201,163,25728,0.10134148750542865,0.06808418618242895,0.13423750815716204,True,wild-type family at 50% identity,2000,-0.025638898550394206,-0.03757374693380947,-0.015370306229669993,True,0.43658141485935364,0.4070584310314889,0.46565127785800836,True,-0.006076085626768941,-0.027399393240385962,0.015409622803062137,False,results/R2/readout_expansion_20260923/complete/results/external_baseline/20260923123458_7ce327eba51e/readout_expand_analysis_qwen3_8b_base_common/readout_qwen3-8b-base_common.json,93f8f15d77f79d61698e7013b885b72b03742a09a7793a8e48766942f848e939,summaries
galactica-30b,native_sequence,20260923,201,163,25728,0.07499046070858205,0.03850320806879752,0.10911810355617745,True,wild-type family at 50% identity,2000,-0.007688714152366348,-0.021918310060271392,0.006229335986203055,False,0.43741809318825703,0.4073553916826023,0.4674442119235126,True,0.13589973599100152,0.11080391669965242,0.1622802305285342,True,results/R2/readout_expansion_20260923/complete/results/external_baseline/20260923130346_427a4ba992c9/readout_fresh3_analysis_galactica_30b_common/readout_galactica-30b_common.json,9c94f53bc0f628806514a7eb109c081a8ce71333c87fd07b98c456b9f73dfa87,summaries
qwen2.5-32b,literal_text_AA,20260923,201,163,25728,0.12544478724010086,0.08859461994964316,0.1610098583262715,True,wild-type family at 50% identity,2000,-0.011150801726793667,-0.02256546180464879,-0.0005463992443317982,True,0.4361845814108847,0.4065899670270974,0.4653128053922556,True,0.03051910197406709,0.007524593952585878,0.05274831245914316,True,results/R2/readout_expansion_20260923/complete/results/external_baseline/20260923130346_427a4ba992c9/readout_fresh3_analysis_qwen2_5_32b_common/readout_qwen2.5-32b_common.json,9e09039baa637240855ca54e957fb018b729c5fa99aebf83a160c1c49f1ffbb6,summaries
bygpt5-medium-en,literal_text_AA,20260923,201,163,25728,0.16900656505095482,0.1313547717945441,0.20805110854019976,True,wild-type family at 50% identity,2000,-0.016587531319832427,-0.029067373985264502,-0.005161485725779783,True,0.4361216833819076,0.4067762964127615,0.46536140514424035,True,-0.020267754924511692,-0.04146894309930887,0.0008557781703652829,False,results/R2/readout_expansion_20260923/complete/results/external_baseline/20260923130346_427a4ba992c9/readout_k4_analysis_bygpt5_medium_en_common/readout_bygpt5-medium-en_common.json,d9371fb34d5cdfbf25ec8901f350731c19aee38b9747c18fa1b162e9df3018e2,summaries
dialogpt-small,literal_text_AA,20260923,201,163,25728,0.0756060770951673,0.045312224464624205,0.10701047720272339,True,wild-type family at 50% identity,2000,-0.030478156505118845,-0.0405782834752463,-0.020625178471085262,True,0.4356884635127025,0.4063376594126702,0.4648921187453106,True,-0.008081053342166638,-0.03108105060253484,0.013227362695710853,False,results/R2/readout_expansion_20260923/complete/results/external_baseline/20260923130346_427a4ba992c9/readout_k4_analysis_dialogpt_small_common/readout_dialogpt-small_common.json,4385969bf00c372cc70b154608f2c1580376bdc561f37b1400bf73102f7d0224,summaries
galactica-125m,native_sequence,20260923,201,163,25728,0.17637689605170254,0.13975296794416808,0.21300103968585019,True,wild-type family at 50% identity,2000,-0.012247645084559815,-0.025099197751961847,0.0004058249396897723,False,0.4362341125454512,0.4066794322119845,0.4655559247212109,True,0.00327778251139109,-0.016871818727644705,0.022512462655222557,False,results/R2/readout_expansion_20260923/complete/results/external_baseline/20260923130346_427a4ba992c9/readout_k4_analysis_galactica_125m_common/readout_galactica-125m_common.json,599228a3d51da37b934d93082b54db6d8461583bbcf27fdd1470946538a37f35,summaries
protgpt3-1.3b,native_sequence,20260923,201,163,25728,-0.005574541911168366,-0.038905436997384225,0.02785240864093,False,wild-type family at 50% identity,2000,0.0021377459272152815,-0.009770392796152806,0.01421304742060276,False,0.4537052619897268,0.42305640319380533,0.4829204019669186,True,0.2983344409957618,0.2662312691133441,0.3296607774173104,True,results/R2/readout_expansion_20260923/complete/results/external_baseline/20260923130346_427a4ba992c9/readout_retry_analysis_protgpt3_1_3b_common/readout_protgpt3-1.3b_common.json,98c16680dc80dbc152c8d9dff2732ebf0b10ae42ae2104271d1e68b5cfdf8193,summaries
qwen2.5-7b,literal_text_AA,20260923,201,163,25728,0.12783443775917186,0.09489652435972842,0.15998687627831112,True,wild-type family at 50% identity,2000,-0.017565906025493794,-0.029348544634253654,-0.0059892751074931035,True,0.43601980139485186,0.4064712916212448,0.46522568509500417,True,0.003499646873593206,-0.014942445428498152,0.021586536855719193,False,results/R2/readout_expansion_20260923/complete/results/external_baseline/20260923130346_427a4ba992c9/readout_retry_analysis_qwen2_5_7b_common/readout_qwen2.5-7b_common.json,65ffefba80f96e9919c93823b2268273f936033be4289f67d0f7c15071400c46,summaries
