arm,estimate,ci_low,ci_high,baseline_mse,groups,cycles,site_pairs,simultaneous_family,bootstrap_resamples,baseline_source_path,baseline_source_sha256,baseline_source_pointer,source_path,source_sha256,source_pointer
bygpt5-base-en,-0.000127021195872868,-0.00044346289806281784,0.00018942050631708183,0.3031060712216616,64,8192,217,33,10000,results/R3/pairwise_residual_full_panel_20260927/residual_bygpt5-base-en.json,2b79ddc49ce4a0a4355f2ed22d2c6daaf7bcf76c555108ebacad5accd5806cfe,mean(seeds.*.control_group_equal_mse_kcal2.point),results/R3/pairwise_residual_full_panel_20260927/panel.json,db512c07bb597829f4214dc09d0a3ae63b39ac6a509e2be75db7484ffc7c5a94,arms.bygpt5-base-en
bygpt5-medium-en,-8.19988009911533e-05,-0.00033549489656541803,0.00017149729458311143,0.3031060712216616,64,8192,217,33,10000,results/R3/pairwise_residual_full_panel_20260927/residual_bygpt5-medium-en.json,40bd692a26497e3f68ba2aea2e4bbd400516085ba19ad1ea6a172cc9447f6f3d,mean(seeds.*.control_group_equal_mse_kcal2.point),results/R3/pairwise_residual_full_panel_20260927/panel.json,db512c07bb597829f4214dc09d0a3ae63b39ac6a509e2be75db7484ffc7c5a94,arms.bygpt5-medium-en
bygpt5-small-en,-2.1280157399102e-05,-4.9660883828943174e-05,7.100569030739171e-06,0.3031060712216616,64,8192,217,33,10000,results/R3/pairwise_residual_full_panel_20260927/residual_bygpt5-small-en.json,2dc96f6340d8e3c919ae464028e31843988559d4819503ce9e6ce3ea5cb3d457,mean(seeds.*.control_group_equal_mse_kcal2.point),results/R3/pairwise_residual_full_panel_20260927/panel.json,db512c07bb597829f4214dc09d0a3ae63b39ac6a509e2be75db7484ffc7c5a94,arms.bygpt5-small-en
dialogpt-small,0.00012195247085987583,-0.0001626478769105931,0.00040655281863034474,0.301224061961922,64,8192,217,33,10000,results/R3/pairwise_residual_full_panel_20260927/residual_dialogpt-small.json,dab11749fb3f72fe8261c28ebaa777ca31bae56a605ad6670c279ef1bfe3b594,mean(seeds.*.control_group_equal_mse_kcal2.point),results/R3/pairwise_residual_full_panel_20260927/panel.json,db512c07bb597829f4214dc09d0a3ae63b39ac6a509e2be75db7484ffc7c5a94,arms.dialogpt-small
galactica-1.3b,-2.0025935984405116e-05,-0.00012053074933602083,8.047887736721059e-05,0.30310607122166167,64,8192,217,33,10000,results/R3/pairwise_residual_full_panel_20260927/residual_galactica-1.3b.json,f292b919fe029ba6424ab59713938d262ca4cdd2b3880e161321c53c1a730de5,mean(seeds.*.control_group_equal_mse_kcal2.point),results/R3/pairwise_residual_full_panel_20260927/panel.json,db512c07bb597829f4214dc09d0a3ae63b39ac6a509e2be75db7484ffc7c5a94,arms.galactica-1.3b
galactica-125m,0.0015861103363209905,-0.001512356353043873,0.004684577025685854,0.30310607122166167,64,8192,217,33,10000,results/R3/pairwise_residual_full_panel_20260927/residual_galactica-125m.json,a5834baaa14ec260037dca0847232316e56e70e1c3c512d5ce78c0f9ec92714a,mean(seeds.*.control_group_equal_mse_kcal2.point),results/R3/pairwise_residual_full_panel_20260927/panel.json,db512c07bb597829f4214dc09d0a3ae63b39ac6a509e2be75db7484ffc7c5a94,arms.galactica-125m
galactica-30b,-8.962315283256211e-05,-0.00021317543408234338,3.3929128417219167e-05,0.30310607122166167,64,8192,217,33,10000,results/R3/pairwise_residual_full_panel_20260927/residual_galactica-30b.json,101380a562c968ea6abd106ae7238307e6c90194d2a16501c3f1b2ea8380b9fa,mean(seeds.*.control_group_equal_mse_kcal2.point),results/R3/pairwise_residual_full_panel_20260927/panel.json,db512c07bb597829f4214dc09d0a3ae63b39ac6a509e2be75db7484ffc7c5a94,arms.galactica-30b
galactica-6.7b,-1.5284769110325982e-05,-3.3989552472098224e-05,3.420014251446263e-06,0.30310607122166167,64,8192,217,33,10000,results/R3/pairwise_residual_full_panel_20260927/residual_galactica-6.7b.json,dc0b17ff202bb1d5354b39639f7771c8a0e663f7ef5dc6934fcd59b8a0477e34,mean(seeds.*.control_group_equal_mse_kcal2.point),results/R3/pairwise_residual_full_panel_20260927/panel.json,db512c07bb597829f4214dc09d0a3ae63b39ac6a509e2be75db7484ffc7c5a94,arms.galactica-6.7b
gpt2,7.210920329606295e-05,-0.00020059919103142642,0.0003448175976235523,0.301224061961922,64,8192,217,33,10000,results/R3/pairwise_residual_full_panel_20260927/residual_gpt2.json,db668f5d7c66691e27479d16fe9e629afd593a7f0cde3cadccd740cfb81c0818,mean(seeds.*.control_group_equal_mse_kcal2.point),results/R3/pairwise_residual_full_panel_20260927/panel.json,db512c07bb597829f4214dc09d0a3ae63b39ac6a509e2be75db7484ffc7c5a94,arms.gpt2
gpt2-large,-4.001910773132513e-05,-0.00014094410557918748,6.0905890116537214e-05,0.301224061961922,64,8192,217,33,10000,results/R3/pairwise_residual_full_panel_20260927/residual_gpt2-large.json,d7e0fa13c60a679dbfb3a367213326aa7da05213120e870d4848d913e1a17bbd,mean(seeds.*.control_group_equal_mse_kcal2.point),results/R3/pairwise_residual_full_panel_20260927/panel.json,db512c07bb597829f4214dc09d0a3ae63b39ac6a509e2be75db7484ffc7c5a94,arms.gpt2-large
gpt2-medium,-2.474086688962275e-05,-0.00014937864162167157,9.989690784242607e-05,0.301224061961922,64,8192,217,33,10000,results/R3/pairwise_residual_full_panel_20260927/residual_gpt2-medium.json,4c643cf5b4c5be44b5889bd0d1ac892d1c04f9592fd9b89efc077cba2bd62f0f,mean(seeds.*.control_group_equal_mse_kcal2.point),results/R3/pairwise_residual_full_panel_20260927/panel.json,db512c07bb597829f4214dc09d0a3ae63b39ac6a509e2be75db7484ffc7c5a94,arms.gpt2-medium
gpt2-xl,6.259980671174829e-06,-0.00014959531619280648,0.00016211527753515613,0.301224061961922,64,8192,217,33,10000,results/R3/pairwise_residual_full_panel_20260927/residual_gpt2-xl.json,f839fba0ddb47dbe45686095fd307eb197f94c5422ee8c596d7806f2446b0641,mean(seeds.*.control_group_equal_mse_kcal2.point),results/R3/pairwise_residual_full_panel_20260927/panel.json,db512c07bb597829f4214dc09d0a3ae63b39ac6a509e2be75db7484ffc7c5a94,arms.gpt2-xl
instructprotein,-7.368179465786713e-05,-0.00023970968852633355,9.23460992105993e-05,0.30310607122166167,64,8192,217,33,10000,results/R3/pairwise_residual_full_panel_20260927/residual_instructprotein.json,cda1490a83ec8c4466132f2e637afd4bd1cf117789a16c1fb555dd2b8109e032,mean(seeds.*.control_group_equal_mse_kcal2.point),results/R3/pairwise_residual_full_panel_20260927/panel.json,db512c07bb597829f4214dc09d0a3ae63b39ac6a509e2be75db7484ffc7c5a94,arms.instructprotein
llama-2-7b,-2.018737437529411e-05,-5.122641781488446e-05,1.085166906429624e-05,0.3035445053692652,64,8192,217,33,10000,results/R3/pairwise_residual_full_panel_20260927/residual_llama-2-7b.json,badbc88119cd34375c7d454a3d10138110b861d1253d6ce73183b90142562ab7,mean(seeds.*.control_group_equal_mse_kcal2.point),results/R3/pairwise_residual_full_panel_20260927/panel.json,db512c07bb597829f4214dc09d0a3ae63b39ac6a509e2be75db7484ffc7c5a94,arms.llama-2-7b
llama-3.2-3b,1.2471790774760751e-05,-0.00011797683391758173,0.00014292041546710323,0.3033733794724837,64,8192,217,33,10000,results/R3/pairwise_residual_full_panel_20260927/residual_llama-3.2-3b.json,42b3da829f492f5097abc6cc4c7bb0505d1a6a1c1e17ae1bc2b0d9642fefbd9b,mean(seeds.*.control_group_equal_mse_kcal2.point),results/R3/pairwise_residual_full_panel_20260927/panel.json,db512c07bb597829f4214dc09d0a3ae63b39ac6a509e2be75db7484ffc7c5a94,arms.llama-3.2-3b
progen2-base,-7.198524757282357e-05,-0.0002007328892674379,5.6762394121790755e-05,0.3031060712216616,64,8192,217,33,10000,results/R3/pairwise_residual_full_panel_20260927/residual_progen2-base.json,89d637ea121ada8710a1f45a08ca0819a33c6761c832da94316a8a4071605a7b,mean(seeds.*.control_group_equal_mse_kcal2.point),results/R3/pairwise_residual_full_panel_20260927/panel.json,db512c07bb597829f4214dc09d0a3ae63b39ac6a509e2be75db7484ffc7c5a94,arms.progen2-base
progen2-large,0.0017777022117945332,-0.001395486212822318,0.004950890636411385,0.3031060712216616,64,8192,217,33,10000,results/R3/pairwise_residual_full_panel_20260927/residual_progen2-large.json,867c446c2af631e52401c4db702496f8c5fb1167752fbab20ee3d66b82c32d42,mean(seeds.*.control_group_equal_mse_kcal2.point),results/R3/pairwise_residual_full_panel_20260927/panel.json,db512c07bb597829f4214dc09d0a3ae63b39ac6a509e2be75db7484ffc7c5a94,arms.progen2-large
progen2-medium,-9.603778867743032e-05,-0.0002459161307510466,5.384055339618593e-05,0.3031060712216616,64,8192,217,33,10000,results/R3/pairwise_residual_full_panel_20260927/residual_progen2-medium.json,5bb7322413a384d932fbd0adf831d2b895db25a2c5f2d52215d6122acb12f2e9,mean(seeds.*.control_group_equal_mse_kcal2.point),results/R3/pairwise_residual_full_panel_20260927/panel.json,db512c07bb597829f4214dc09d0a3ae63b39ac6a509e2be75db7484ffc7c5a94,arms.progen2-medium
progen2-small,2.317505524859482e-05,-0.00019852076531614877,0.0002448708758133384,0.3031060712216616,64,8192,217,33,10000,results/R3/pairwise_residual_full_panel_20260927/residual_progen2-small.json,3377091f9d0f5a9a2313c5ffff1c24a7053a90e5810728c7b258877d95d9cd1b,mean(seeds.*.control_group_equal_mse_kcal2.point),results/R3/pairwise_residual_full_panel_20260927/panel.json,db512c07bb597829f4214dc09d0a3ae63b39ac6a509e2be75db7484ffc7c5a94,arms.progen2-small
progen2-xlarge,5.045323589161973e-05,-0.00020143821926610675,0.0003023446910493462,0.3031060712216616,64,8192,217,33,10000,results/R3/pairwise_residual_full_panel_20260927/residual_progen2-xlarge.json,19b4131f80a397c2c25cecacc15fb16a97814216b99980494f218cf476196700,mean(seeds.*.control_group_equal_mse_kcal2.point),results/R3/pairwise_residual_full_panel_20260927/panel.json,db512c07bb597829f4214dc09d0a3ae63b39ac6a509e2be75db7484ffc7c5a94,arms.progen2-xlarge
progen3-112m,-7.415832525083197e-05,-0.0004110071343236433,0.0002626904838219794,0.3031060712216616,64,8192,217,33,10000,results/R3/pairwise_residual_full_panel_20260927/residual_progen3-112m.json,0fedf6fd46a3ce9fc35fd11187a0628b94b23f8ab75a286ef9c4164631bb1553,mean(seeds.*.control_group_equal_mse_kcal2.point),results/R3/pairwise_residual_full_panel_20260927/panel.json,db512c07bb597829f4214dc09d0a3ae63b39ac6a509e2be75db7484ffc7c5a94,arms.progen3-112m
progen3-3b,-4.8466618089360746e-05,-0.00019608291757293613,9.914968139421463e-05,0.3031060712216616,64,8192,217,33,10000,results/R3/pairwise_residual_full_panel_20260927/residual_progen3-3b.json,8f9490c8012def8d35ce2895327f5764f31c8b0255df912f8c461ba59cc58135,mean(seeds.*.control_group_equal_mse_kcal2.point),results/R3/pairwise_residual_full_panel_20260927/panel.json,db512c07bb597829f4214dc09d0a3ae63b39ac6a509e2be75db7484ffc7c5a94,arms.progen3-3b
prollama,3.974677495795413e-06,-0.00017432371658823237,0.00018227307157982323,0.3035445053692652,64,8192,217,33,10000,results/R3/pairwise_residual_full_panel_20260927/residual_prollama.json,536de6b15f31055ea93b3d7a6736f76f40b573ed4e106004c45057b1f8b3087c,mean(seeds.*.control_group_equal_mse_kcal2.point),results/R3/pairwise_residual_full_panel_20260927/panel.json,db512c07bb597829f4214dc09d0a3ae63b39ac6a509e2be75db7484ffc7c5a94,arms.prollama
prollama-stage-1,-3.257625936500344e-05,-0.00011800771488337304,5.2855196153366155e-05,0.3035445053692652,64,8192,217,33,10000,results/R3/pairwise_residual_full_panel_20260927/residual_prollama-stage-1.json,6bf8450ee11463439218d806f6601a48d9066de18ccaa54ce55b82b9c4534270,mean(seeds.*.control_group_equal_mse_kcal2.point),results/R3/pairwise_residual_full_panel_20260927/panel.json,db512c07bb597829f4214dc09d0a3ae63b39ac6a509e2be75db7484ffc7c5a94,arms.prollama-stage-1
proteinglm-7b-clm,0.00017994406205370709,-0.00019509962723102472,0.0005549877513384389,0.3031060712216616,64,8192,217,33,10000,results/R3/pairwise_residual_full_panel_20260927/residual_proteinglm-7b-clm.json,cf47186146ab4ffdbe518abfb22b4ffddebc00b96333d07e07aafec0a7f1fa81,mean(seeds.*.control_group_equal_mse_kcal2.point),results/R3/pairwise_residual_full_panel_20260927/panel.json,db512c07bb597829f4214dc09d0a3ae63b39ac6a509e2be75db7484ffc7c5a94,arms.proteinglm-7b-clm
protgpt2,-3.430955386198258e-05,-0.00018155905022646088,0.0001129399425024957,0.30079524819194553,64,8192,217,33,10000,results/R3/pairwise_residual_full_panel_20260927/residual_protgpt2.json,e6d6cece5d3fea72cf614f5cddba13a6304746c6f4aee5e6fc934ca2da080bf1,mean(seeds.*.control_group_equal_mse_kcal2.point),results/R3/pairwise_residual_full_panel_20260927/panel.json,db512c07bb597829f4214dc09d0a3ae63b39ac6a509e2be75db7484ffc7c5a94,arms.protgpt2
protgpt3-1.3b,3.761420863146904e-05,-0.00011214689711197694,0.000187375314374915,0.3031060712216616,64,8192,217,33,10000,results/R3/pairwise_residual_full_panel_20260927/residual_protgpt3-1.3b.json,78df518e089f926aa92bf5729cb43d78d0ab2922d378f44e5edd5d038084bf79,mean(seeds.*.control_group_equal_mse_kcal2.point),results/R3/pairwise_residual_full_panel_20260927/panel.json,db512c07bb597829f4214dc09d0a3ae63b39ac6a509e2be75db7484ffc7c5a94,arms.protgpt3-1.3b
qwen2.5-0.5b,-3.5245017682863175e-05,-8.754418996195304e-05,1.7054154596226686e-05,0.30337527728346414,64,8192,217,33,10000,results/R3/pairwise_residual_full_panel_20260927/residual_qwen2.5-0.5b.json,15663ca9988046e99c8396973a30e3c6fe5d4476bacba892cf205fd922db6b40,mean(seeds.*.control_group_equal_mse_kcal2.point),results/R3/pairwise_residual_full_panel_20260927/panel.json,db512c07bb597829f4214dc09d0a3ae63b39ac6a509e2be75db7484ffc7c5a94,arms.qwen2.5-0.5b
qwen2.5-0.5b-instruct,1.9765890575433563e-05,-6.0720349194762584e-05,0.0001002521303456297,0.30337527728346414,64,8192,217,33,10000,results/R3/pairwise_residual_full_panel_20260927/residual_qwen2.5-0.5b-instruct.json,f5b45b8b80a1f35ac78dbb51c390f0f937b0b58a1872772dd7770a2ad4fd923b,mean(seeds.*.control_group_equal_mse_kcal2.point),results/R3/pairwise_residual_full_panel_20260927/panel.json,db512c07bb597829f4214dc09d0a3ae63b39ac6a509e2be75db7484ffc7c5a94,arms.qwen2.5-0.5b-instruct
qwen2.5-32b,-1.6584448002316528e-05,-5.117582113943969e-05,1.8006925134806636e-05,0.30337527728346414,64,8192,217,33,10000,results/R3/pairwise_residual_full_panel_20260927/residual_qwen2.5-32b.json,dcf2082547506567a9a9d2c1c4d08d4d80b0df951854c331c211aa2f653bceae,mean(seeds.*.control_group_equal_mse_kcal2.point),results/R3/pairwise_residual_full_panel_20260927/panel.json,db512c07bb597829f4214dc09d0a3ae63b39ac6a509e2be75db7484ffc7c5a94,arms.qwen2.5-32b
qwen2.5-7b,-3.39983233818344e-05,-0.0001134256061511164,4.54289593874476e-05,0.30337527728346414,64,8192,217,33,10000,results/R3/pairwise_residual_full_panel_20260927/residual_qwen2.5-7b.json,d1ac33f087572e6507ce2067caa0b3f37b398b95649c4869d824be857c48aa7e,mean(seeds.*.control_group_equal_mse_kcal2.point),results/R3/pairwise_residual_full_panel_20260927/panel.json,db512c07bb597829f4214dc09d0a3ae63b39ac6a509e2be75db7484ffc7c5a94,arms.qwen2.5-7b
qwen3-8b-base,-3.3577253893183665e-05,-0.00012126212800138719,5.410762021501986e-05,0.30337527728346414,64,8192,217,33,10000,results/R3/pairwise_residual_full_panel_20260927/residual_qwen3-8b-base.json,61bb0d6cab035a461131b78ab3f08de4517e29d437301bb4e84a8737b5eb3922,mean(seeds.*.control_group_equal_mse_kcal2.point),results/R3/pairwise_residual_full_panel_20260927/panel.json,db512c07bb597829f4214dc09d0a3ae63b39ac6a509e2be75db7484ffc7c5a94,arms.qwen3-8b-base
rita-xl,-2.9633080066164675e-05,-0.00020303049424008577,0.0001437643341077564,0.30310607122166167,64,8192,217,33,10000,results/R3/pairwise_residual_full_panel_20260927/residual_rita-xl.json,2f3f9e5a32dd55dd6537734a0db26f495c47d7a694c9bfd6b3d341f9dcef627e,mean(seeds.*.control_group_equal_mse_kcal2.point),results/R3/pairwise_residual_full_panel_20260927/panel.json,db512c07bb597829f4214dc09d0a3ae63b39ac6a509e2be75db7484ffc7c5a94,arms.rita-xl
