arm,estimate,ci_low,ci_high,baseline_mse,groups,variants,sites,simultaneous_family,bootstrap_resamples,baseline_source_path,baseline_source_sha256,baseline_source_pointer,source_path,source_sha256,source_pointer
bygpt5-base-en,-8.029493893100933e-05,-0.0005783688198509535,0.0004177789419889349,0.6524996743119598,101,25856,5664,33,10000,results/R4/stability_likelihood_replay_20260927/bygpt5-base-en.json,e4080e3ca409a1fd4980803e6b5d271fe598c9cba5dcbd967172c4e7e8450330,mean(seeds.*.baseline_mse),results/R4/stability_likelihood_replay_20260927/panel.json,1bfd4df0dfb0d44c8b9cdcf71cb97a6c495a4f2f5120a5ce2e1bfcc840c5f004,primary.point.0
bygpt5-medium-en,-0.00012937212127470536,-0.0005306380439148644,0.00027189380136545375,0.6524996743119598,101,25856,5664,33,10000,results/R4/stability_likelihood_replay_20260927/bygpt5-medium-en.json,36819fcc3d9a6d1671a251955686ea97f0a7da2499239512529bb3b43b2c6c2b,mean(seeds.*.baseline_mse),results/R4/stability_likelihood_replay_20260927/panel.json,1bfd4df0dfb0d44c8b9cdcf71cb97a6c495a4f2f5120a5ce2e1bfcc840c5f004,primary.point.1
bygpt5-small-en,-8.873755769649211e-05,-0.0002487327533536245,7.125763796064025e-05,0.6524996743119598,101,25856,5664,33,10000,results/R4/stability_likelihood_replay_20260927/bygpt5-small-en.json,f87faf6e3e94f1c1319033c9d35dc17e70038728bd3b23460ba240f0a63d4ef8,mean(seeds.*.baseline_mse),results/R4/stability_likelihood_replay_20260927/panel.json,1bfd4df0dfb0d44c8b9cdcf71cb97a6c495a4f2f5120a5ce2e1bfcc840c5f004,primary.point.2
dialogpt-small,-0.00010808492305092406,-0.00024072686013235133,2.455701403050323e-05,0.6524996743119598,101,25856,5664,33,10000,results/R4/stability_likelihood_replay_20260927/dialogpt-small.json,92e740ec5db74c3081c604d9caf20049b9cf2c76897b5249af74235b99d10e0f,mean(seeds.*.baseline_mse),results/R4/stability_likelihood_replay_20260927/panel.json,1bfd4df0dfb0d44c8b9cdcf71cb97a6c495a4f2f5120a5ce2e1bfcc840c5f004,primary.point.3
galactica-1.3b,0.0004671506359622467,-0.00039747011111287826,0.0013317713830373716,0.6524996743119598,101,25856,5664,33,10000,results/R4/stability_likelihood_replay_20260927/galactica-1.3b.json,92d0d419fb9055874263da2d5e35058557981ecba3a5bc4fc47029c4d7020f31,mean(seeds.*.baseline_mse),results/R4/stability_likelihood_replay_20260927/panel.json,1bfd4df0dfb0d44c8b9cdcf71cb97a6c495a4f2f5120a5ce2e1bfcc840c5f004,primary.point.4
galactica-125m,6.226623375842775e-05,-0.00040702203187667545,0.0005315544993935309,0.6524996743119598,101,25856,5664,33,10000,results/R4/stability_likelihood_replay_20260927/galactica-125m.json,1f1a7b5625af333b3aa9af7463635c60ca1d8b5c4d9c6993c12052b0a7ec6a13,mean(seeds.*.baseline_mse),results/R4/stability_likelihood_replay_20260927/panel.json,1bfd4df0dfb0d44c8b9cdcf71cb97a6c495a4f2f5120a5ce2e1bfcc840c5f004,primary.point.5
galactica-30b,0.0009346758055751843,-0.001697167468735868,0.0035665190798862363,0.6524996743119598,101,25856,5664,33,10000,results/R4/stability_likelihood_replay_20260927/galactica-30b.json,35cd3da54ea7ca72d9492a3753c56cc6fccfff164b449cdeb4858fc366a3cb56,mean(seeds.*.baseline_mse),results/R4/stability_likelihood_replay_20260927/panel.json,1bfd4df0dfb0d44c8b9cdcf71cb97a6c495a4f2f5120a5ce2e1bfcc840c5f004,primary.point.6
galactica-6.7b,0.0007871437849116872,-0.0007748573276829963,0.0023491448975063705,0.6524996743119598,101,25856,5664,33,10000,results/R4/stability_likelihood_replay_20260927/galactica-6.7b.json,67437ab2f017e79e9bfa78cd4ba12d2761a9ec6ad6e455ca13322cea4314a4bf,mean(seeds.*.baseline_mse),results/R4/stability_likelihood_replay_20260927/panel.json,1bfd4df0dfb0d44c8b9cdcf71cb97a6c495a4f2f5120a5ce2e1bfcc840c5f004,primary.point.7
gpt2,-5.174235321131382e-05,-0.00020418742981819318,0.00010070272339556555,0.6524996743119598,101,25856,5664,33,10000,results/R4/stability_likelihood_replay_20260927/gpt2.json,14d6c9ae009888eef94a31828faae25f7b4c880578846676d1811f573bc871e8,mean(seeds.*.baseline_mse),results/R4/stability_likelihood_replay_20260927/panel.json,1bfd4df0dfb0d44c8b9cdcf71cb97a6c495a4f2f5120a5ce2e1bfcc840c5f004,primary.point.8
gpt2-large,1.0180868368933217e-05,-0.00034500996410851965,0.0003653717008463861,0.6524996743119598,101,25856,5664,33,10000,results/R4/stability_likelihood_replay_20260927/gpt2-large.json,69c51efec6a3428349dd78b1049fa4a34ad327dfd657ee6dbf211b80aad54b2f,mean(seeds.*.baseline_mse),results/R4/stability_likelihood_replay_20260927/panel.json,1bfd4df0dfb0d44c8b9cdcf71cb97a6c495a4f2f5120a5ce2e1bfcc840c5f004,primary.point.9
gpt2-medium,-0.00012009583089105477,-0.0006108952718767179,0.00037070361009460846,0.6524996743119598,101,25856,5664,33,10000,results/R4/stability_likelihood_replay_20260927/gpt2-medium.json,19fa7b681b1eb78cf4885f08db4120411163bfbdcecee501c2c798e9aace3a34,mean(seeds.*.baseline_mse),results/R4/stability_likelihood_replay_20260927/panel.json,1bfd4df0dfb0d44c8b9cdcf71cb97a6c495a4f2f5120a5ce2e1bfcc840c5f004,primary.point.10
gpt2-xl,4.6126196291763183e-05,-0.0006021910507698982,0.0006944434433534246,0.6524996743119598,101,25856,5664,33,10000,results/R4/stability_likelihood_replay_20260927/gpt2-xl.json,126d16b70f82834709b7589e8f8e7a4266e2cbd0507118d416bb87a6a5005d2c,mean(seeds.*.baseline_mse),results/R4/stability_likelihood_replay_20260927/panel.json,1bfd4df0dfb0d44c8b9cdcf71cb97a6c495a4f2f5120a5ce2e1bfcc840c5f004,primary.point.11
instructprotein,-0.0012416954498689337,-0.004651781953260123,0.0021683910535222556,0.6524996743119598,101,25856,5664,33,10000,results/R4/stability_likelihood_replay_20260927/instructprotein.json,741cfe148225c9f2e200e3aa2c67835f99869994cdbc35cb46ba2efcc6776876,mean(seeds.*.baseline_mse),results/R4/stability_likelihood_replay_20260927/panel.json,1bfd4df0dfb0d44c8b9cdcf71cb97a6c495a4f2f5120a5ce2e1bfcc840c5f004,primary.point.12
llama-2-7b,-0.00015815227086501263,-0.0004957471148612271,0.00017944257313120185,0.6524996743119598,101,25856,5664,33,10000,results/R4/stability_likelihood_replay_20260927/llama-2-7b.json,189a8959fcd19dd5fea0b382fb300010aa7dc039f5cb26a41ab5dde33decc58c,mean(seeds.*.baseline_mse),results/R4/stability_likelihood_replay_20260927/panel.json,1bfd4df0dfb0d44c8b9cdcf71cb97a6c495a4f2f5120a5ce2e1bfcc840c5f004,primary.point.13
llama-3.2-3b,-0.00016703728358456347,-0.00041970943099086744,8.56348638217405e-05,0.6524996743119598,101,25856,5664,33,10000,results/R4/stability_likelihood_replay_20260927/llama-3.2-3b.json,8033d8b08be1287df91b43d47e7444b84de5eeb1fc941cbb50ef2dabd5cd8b7d,mean(seeds.*.baseline_mse),results/R4/stability_likelihood_replay_20260927/panel.json,1bfd4df0dfb0d44c8b9cdcf71cb97a6c495a4f2f5120a5ce2e1bfcc840c5f004,primary.point.14
progen2-base,0.005662017680532465,-0.004520375655497518,0.01584441101656245,0.6524996743119598,101,25856,5664,33,10000,results/R4/stability_likelihood_replay_20260927/progen2-base.json,7507f8e42028da1cf0a63f8e3edcdc926783521df980fe9e441b9802d8283d14,mean(seeds.*.baseline_mse),results/R4/stability_likelihood_replay_20260927/panel.json,1bfd4df0dfb0d44c8b9cdcf71cb97a6c495a4f2f5120a5ce2e1bfcc840c5f004,primary.point.15
progen2-large,0.004296510587107862,-0.005489882416500705,0.01408290359071643,0.6524996743119598,101,25856,5664,33,10000,results/R4/stability_likelihood_replay_20260927/progen2-large.json,8350ad9a910de4ed64a79ceeff9e378694d3a7351a6ad3b9bcc2078a6f86066d,mean(seeds.*.baseline_mse),results/R4/stability_likelihood_replay_20260927/panel.json,1bfd4df0dfb0d44c8b9cdcf71cb97a6c495a4f2f5120a5ce2e1bfcc840c5f004,primary.point.16
progen2-medium,0.007329936461584143,-0.004066303271828402,0.01872617619499669,0.6524996743119598,101,25856,5664,33,10000,results/R4/stability_likelihood_replay_20260927/progen2-medium.json,79af9d171b22d57cbafda74fe497f6a7b3791d87be7eaa98d9564e1d39158a32,mean(seeds.*.baseline_mse),results/R4/stability_likelihood_replay_20260927/panel.json,1bfd4df0dfb0d44c8b9cdcf71cb97a6c495a4f2f5120a5ce2e1bfcc840c5f004,primary.point.17
progen2-small,0.004847662667653413,-0.004761872730735708,0.014457198066042534,0.6524996743119598,101,25856,5664,33,10000,results/R4/stability_likelihood_replay_20260927/progen2-small.json,acc8a4d78d1b652a9d0161aa6845bf5df1242a977d7f89c534be18f68a5e475d,mean(seeds.*.baseline_mse),results/R4/stability_likelihood_replay_20260927/panel.json,1bfd4df0dfb0d44c8b9cdcf71cb97a6c495a4f2f5120a5ce2e1bfcc840c5f004,primary.point.18
progen2-xlarge,0.006478240500564477,-0.0036662117249256707,0.016622692726054624,0.6524996743119598,101,25856,5664,33,10000,results/R4/stability_likelihood_replay_20260927/progen2-xlarge.json,245587cb620821543e25f15a02f9f03aecd77c5b024713f9417c8f75546e98fe,mean(seeds.*.baseline_mse),results/R4/stability_likelihood_replay_20260927/panel.json,1bfd4df0dfb0d44c8b9cdcf71cb97a6c495a4f2f5120a5ce2e1bfcc840c5f004,primary.point.19
progen3-112m,0.008391363383205763,-2.6891863696823504e-05,0.01680961863010835,0.6524996743119598,101,25856,5664,33,10000,results/R4/stability_likelihood_replay_20260927/progen3-112m.json,da9eb551235649edaf7a67293401040f250e39ab388170fa0e345de3aa19845c,mean(seeds.*.baseline_mse),results/R4/stability_likelihood_replay_20260927/panel.json,1bfd4df0dfb0d44c8b9cdcf71cb97a6c495a4f2f5120a5ce2e1bfcc840c5f004,primary.point.20
progen3-3b,0.01633830430324924,0.002985738719208939,0.029690869887289542,0.6524996743119598,101,25856,5664,33,10000,results/R4/stability_likelihood_replay_20260927/progen3-3b.json,2631fe8675f19a931dfb828aa78a2e9960d0fff622adab2708293f95b6d299dc,mean(seeds.*.baseline_mse),results/R4/stability_likelihood_replay_20260927/panel.json,1bfd4df0dfb0d44c8b9cdcf71cb97a6c495a4f2f5120a5ce2e1bfcc840c5f004,primary.point.21
prollama,0.008623399351023481,0.00010902279155115824,0.017137775910495805,0.6524996743119598,101,25856,5664,33,10000,results/R4/stability_likelihood_replay_20260927/prollama.json,e29e5763d446f54591ca6491f8b8d066f4d2bab4c7d646c43369cf8915bb377c,mean(seeds.*.baseline_mse),results/R4/stability_likelihood_replay_20260927/panel.json,1bfd4df0dfb0d44c8b9cdcf71cb97a6c495a4f2f5120a5ce2e1bfcc840c5f004,primary.point.22
prollama-stage-1,0.0073779793948784,-0.0005166127282602391,0.015272571518017038,0.6524996743119598,101,25856,5664,33,10000,results/R4/stability_likelihood_replay_20260927/prollama-stage-1.json,c9024f8fa866bfebbc65367ddb7e53a0d2a440918b25cc66d1143c21dd42fe0d,mean(seeds.*.baseline_mse),results/R4/stability_likelihood_replay_20260927/panel.json,1bfd4df0dfb0d44c8b9cdcf71cb97a6c495a4f2f5120a5ce2e1bfcc840c5f004,primary.point.23
proteinglm-7b-clm,0.013229563788090946,-0.00030745200235522685,0.02676657957853712,0.6524996743119598,101,25856,5664,33,10000,results/R4/stability_likelihood_replay_20260927/proteinglm-7b-clm.json,3e807cb9b064dde593d1e408809deca9e28fbdf891f2afe9ad2ff7ec8b40f472,mean(seeds.*.baseline_mse),results/R4/stability_likelihood_replay_20260927/panel.json,1bfd4df0dfb0d44c8b9cdcf71cb97a6c495a4f2f5120a5ce2e1bfcc840c5f004,primary.point.24
protgpt2,0.0024162977921832127,-0.006036609784005956,0.010869205368372381,0.6524996743119598,101,25856,5664,33,10000,results/R4/stability_likelihood_replay_20260927/protgpt2.json,f2a1d342f31a70657360cdbffa7bb2688ffc61cd5ebca8028a61e66189db131a,mean(seeds.*.baseline_mse),results/R4/stability_likelihood_replay_20260927/panel.json,1bfd4df0dfb0d44c8b9cdcf71cb97a6c495a4f2f5120a5ce2e1bfcc840c5f004,primary.point.25
protgpt3-1.3b,0.004784674804288412,-0.0030799021616366414,0.012649251770213466,0.6524996743119598,101,25856,5664,33,10000,results/R4/stability_likelihood_replay_20260927/protgpt3-1.3b.json,9263455c39bb0eda6234aeaecd423069fd0bc3eb99b644c2b9d0fdb18c0ec436,mean(seeds.*.baseline_mse),results/R4/stability_likelihood_replay_20260927/panel.json,1bfd4df0dfb0d44c8b9cdcf71cb97a6c495a4f2f5120a5ce2e1bfcc840c5f004,primary.point.26
qwen2.5-0.5b,1.5616358562472456e-06,-0.0003387432269218933,0.00034186649863438776,0.6524996743119598,101,25856,5664,33,10000,results/R4/stability_likelihood_replay_20260927/qwen2.5-0.5b.json,de6adf7dacd58cba53d34962d9f9258faec24756f7bb1c9e48a7bd240dcec85d,mean(seeds.*.baseline_mse),results/R4/stability_likelihood_replay_20260927/panel.json,1bfd4df0dfb0d44c8b9cdcf71cb97a6c495a4f2f5120a5ce2e1bfcc840c5f004,primary.point.27
qwen2.5-0.5b-instruct,-8.533922855003193e-07,-0.00046539054725236835,0.00046368376268136777,0.6524996743119598,101,25856,5664,33,10000,results/R4/stability_likelihood_replay_20260927/qwen2.5-0.5b-instruct.json,b42672dfeaa33318d287c264ac7e8d55804486ab2ffe34305d002b3cdf6f4345,mean(seeds.*.baseline_mse),results/R4/stability_likelihood_replay_20260927/panel.json,1bfd4df0dfb0d44c8b9cdcf71cb97a6c495a4f2f5120a5ce2e1bfcc840c5f004,primary.point.28
qwen2.5-32b,-3.105809422339058e-05,-0.000249879094859838,0.0001877629064130569,0.6524996743119598,101,25856,5664,33,10000,results/R4/stability_likelihood_replay_20260927/qwen2.5-32b.json,e2dfd5c0e2d6ac79ce079fc222c51f9f4ef25d8661217a8852a1d97cdb8d2e63,mean(seeds.*.baseline_mse),results/R4/stability_likelihood_replay_20260927/panel.json,1bfd4df0dfb0d44c8b9cdcf71cb97a6c495a4f2f5120a5ce2e1bfcc840c5f004,primary.point.29
qwen2.5-7b,0.00031451619338312097,-0.0005415959117047627,0.0011706282984710046,0.6524996743119598,101,25856,5664,33,10000,results/R4/stability_likelihood_replay_20260927/qwen2.5-7b.json,e508ef044748f29c5018998cd352aef1f7d8f547ca68b1b281722208e98bdaa8,mean(seeds.*.baseline_mse),results/R4/stability_likelihood_replay_20260927/panel.json,1bfd4df0dfb0d44c8b9cdcf71cb97a6c495a4f2f5120a5ce2e1bfcc840c5f004,primary.point.30
qwen3-8b-base,-0.00020737466176297387,-0.0004753515615501845,6.0602238024236755e-05,0.6524996743119598,101,25856,5664,33,10000,results/R4/stability_likelihood_replay_20260927/qwen3-8b-base.json,75e00d1e9751319fcd9af28f065380dc5af56b22cff5139b83953c909e25699d,mean(seeds.*.baseline_mse),results/R4/stability_likelihood_replay_20260927/panel.json,1bfd4df0dfb0d44c8b9cdcf71cb97a6c495a4f2f5120a5ce2e1bfcc840c5f004,primary.point.31
rita-xl,0.0047515014682135695,-0.003381716404861083,0.012884719341288223,0.6524996743119598,101,25856,5664,33,10000,results/R4/stability_likelihood_replay_20260927/rita-xl.json,5201b91a3a073e33ceff4dd129bdc7bd7f61832c90b1786710243f79454e73d7,mean(seeds.*.baseline_mse),results/R4/stability_likelihood_replay_20260927/panel.json,1bfd4df0dfb0d44c8b9cdcf71cb97a6c495a4f2f5120a5ce2e1bfcc840c5f004,primary.point.32
