arm,endpoint,estimate,ci_low,ci_high,n_assays,n_units,bootstrap_resamples,unit,encoding_role,source_path,source_sha256,source_pointer
bygpt5-base-en,raw,-0.0033469712051488313,-0.01949204215620348,0.01376179399685166,211,169,2000,design series / natural WT_cluster,residue-aligned subset,results/R1/source_recovery_20260917/text_aa_analyse.json,c94e3c2febc3f158def049948f11eae010681dc6ae22c8b9556ca7289693c2ac,common_all13.per_model.bygpt5-base-en.raw
bygpt5-base-en,model_minus_lookup,-0.3593234654686012,-0.38807550800353213,-0.3316047943936676,211,169,2000,design series / natural WT_cluster,residue-aligned subset,results/R1/source_recovery_20260917/text_aa_analyse.json,c94e3c2febc3f158def049948f11eae010681dc6ae22c8b9556ca7289693c2ac,common_all13.per_model.bygpt5-base-en.model_minus_lookup
bygpt5-base-en,model_minus_blosum62,-0.20998246935429946,-0.2332069033347216,-0.18636023689461614,211,169,2000,design series / natural WT_cluster,residue-aligned subset,results/R1/source_recovery_20260917/text_aa_analyse.json,c94e3c2febc3f158def049948f11eae010681dc6ae22c8b9556ca7289693c2ac,common_all13.per_model.bygpt5-base-en.model_minus_blosum62
bygpt5-medium-en,raw,-0.008775952094867454,-0.02604635182440566,0.007645992259828545,211,169,2000,design series / natural WT_cluster,residue-aligned subset,results/R1/source_recovery_20260917/text_aa_analyse.json,c94e3c2febc3f158def049948f11eae010681dc6ae22c8b9556ca7289693c2ac,common_all13.per_model.bygpt5-medium-en.raw
bygpt5-medium-en,model_minus_lookup,-0.36475244635831977,-0.3953133265522917,-0.3350047738713412,211,169,2000,design series / natural WT_cluster,residue-aligned subset,results/R1/source_recovery_20260917/text_aa_analyse.json,c94e3c2febc3f158def049948f11eae010681dc6ae22c8b9556ca7289693c2ac,common_all13.per_model.bygpt5-medium-en.model_minus_lookup
bygpt5-medium-en,model_minus_blosum62,-0.2154114502440181,-0.23984845034326588,-0.1917946788514572,211,169,2000,design series / natural WT_cluster,residue-aligned subset,results/R1/source_recovery_20260917/text_aa_analyse.json,c94e3c2febc3f158def049948f11eae010681dc6ae22c8b9556ca7289693c2ac,common_all13.per_model.bygpt5-medium-en.model_minus_blosum62
bygpt5-small-en,raw,2.4792975769507084e-05,-0.013599580732336906,0.014131878703786023,211,169,2000,design series / natural WT_cluster,residue-aligned subset,results/R1/source_recovery_20260917/text_aa_analyse.json,c94e3c2febc3f158def049948f11eae010681dc6ae22c8b9556ca7289693c2ac,common_all13.per_model.bygpt5-small-en.raw
bygpt5-small-en,model_minus_lookup,-0.3559517012876829,-0.38459708055711006,-0.3295750413461007,211,169,2000,design series / natural WT_cluster,residue-aligned subset,results/R1/source_recovery_20260917/text_aa_analyse.json,c94e3c2febc3f158def049948f11eae010681dc6ae22c8b9556ca7289693c2ac,common_all13.per_model.bygpt5-small-en.model_minus_lookup
bygpt5-small-en,model_minus_blosum62,-0.2066107051733811,-0.22646347900989136,-0.18531359400036437,211,169,2000,design series / natural WT_cluster,residue-aligned subset,results/R1/source_recovery_20260917/text_aa_analyse.json,c94e3c2febc3f158def049948f11eae010681dc6ae22c8b9556ca7289693c2ac,common_all13.per_model.bygpt5-small-en.model_minus_blosum62
dialogpt-small,raw,-0.006086141858353746,-0.023794233078551195,0.01234314056557846,211,169,2000,design series / natural WT_cluster,string-level BPE control,results/R1/source_recovery_20260917/text_aa_analyse.json,c94e3c2febc3f158def049948f11eae010681dc6ae22c8b9556ca7289693c2ac,common_all13.per_model.dialogpt-small.raw
dialogpt-small,model_minus_lookup,-0.3620626361218061,-0.3951970082111675,-0.32830354367563064,211,169,2000,design series / natural WT_cluster,string-level BPE control,results/R1/source_recovery_20260917/text_aa_analyse.json,c94e3c2febc3f158def049948f11eae010681dc6ae22c8b9556ca7289693c2ac,common_all13.per_model.dialogpt-small.model_minus_lookup
dialogpt-small,model_minus_blosum62,-0.21272164000750438,-0.23815876163265617,-0.1880613561790977,211,169,2000,design series / natural WT_cluster,string-level BPE control,results/R1/source_recovery_20260917/text_aa_analyse.json,c94e3c2febc3f158def049948f11eae010681dc6ae22c8b9556ca7289693c2ac,common_all13.per_model.dialogpt-small.model_minus_blosum62
gpt2,raw,-0.00487428864785872,-0.020036365732602493,0.010787386261551374,211,169,2000,design series / natural WT_cluster,string-level BPE control,results/R1/source_recovery_20260917/text_aa_analyse.json,c94e3c2febc3f158def049948f11eae010681dc6ae22c8b9556ca7289693c2ac,common_all13.per_model.gpt2.raw
gpt2,model_minus_lookup,-0.3608507829113112,-0.38758880208190727,-0.3339700780505043,211,169,2000,design series / natural WT_cluster,string-level BPE control,results/R1/source_recovery_20260917/text_aa_analyse.json,c94e3c2febc3f158def049948f11eae010681dc6ae22c8b9556ca7289693c2ac,common_all13.per_model.gpt2.model_minus_lookup
gpt2,model_minus_blosum62,-0.21150978679700932,-0.23347836924463303,-0.1885579651317956,211,169,2000,design series / natural WT_cluster,string-level BPE control,results/R1/source_recovery_20260917/text_aa_analyse.json,c94e3c2febc3f158def049948f11eae010681dc6ae22c8b9556ca7289693c2ac,common_all13.per_model.gpt2.model_minus_blosum62
gpt2-large,raw,-0.0010213256417061411,-0.016637802409409975,0.016671613353076552,211,169,2000,design series / natural WT_cluster,string-level BPE control,results/R1/source_recovery_20260917/text_aa_analyse.json,c94e3c2febc3f158def049948f11eae010681dc6ae22c8b9556ca7289693c2ac,common_all13.per_model.gpt2-large.raw
gpt2-large,model_minus_lookup,-0.35699781990515855,-0.3848135400008443,-0.3287041327883108,211,169,2000,design series / natural WT_cluster,string-level BPE control,results/R1/source_recovery_20260917/text_aa_analyse.json,c94e3c2febc3f158def049948f11eae010681dc6ae22c8b9556ca7289693c2ac,common_all13.per_model.gpt2-large.model_minus_lookup
gpt2-large,model_minus_blosum62,-0.20765682379085676,-0.23006012808375165,-0.18568446341004094,211,169,2000,design series / natural WT_cluster,string-level BPE control,results/R1/source_recovery_20260917/text_aa_analyse.json,c94e3c2febc3f158def049948f11eae010681dc6ae22c8b9556ca7289693c2ac,common_all13.per_model.gpt2-large.model_minus_blosum62
gpt2-medium,raw,0.002317433142568183,-0.012457750240350857,0.01706932578137708,211,169,2000,design series / natural WT_cluster,string-level BPE control,results/R1/source_recovery_20260917/text_aa_analyse.json,c94e3c2febc3f158def049948f11eae010681dc6ae22c8b9556ca7289693c2ac,common_all13.per_model.gpt2-medium.raw
gpt2-medium,model_minus_lookup,-0.35365906112088424,-0.38258869440654764,-0.3272274101022301,211,169,2000,design series / natural WT_cluster,string-level BPE control,results/R1/source_recovery_20260917/text_aa_analyse.json,c94e3c2febc3f158def049948f11eae010681dc6ae22c8b9556ca7289693c2ac,common_all13.per_model.gpt2-medium.model_minus_lookup
gpt2-medium,model_minus_blosum62,-0.20431806500658242,-0.22564846179395473,-0.18301021637830225,211,169,2000,design series / natural WT_cluster,string-level BPE control,results/R1/source_recovery_20260917/text_aa_analyse.json,c94e3c2febc3f158def049948f11eae010681dc6ae22c8b9556ca7289693c2ac,common_all13.per_model.gpt2-medium.model_minus_blosum62
gpt2-xl,raw,-0.006173853036604763,-0.022206356172322753,0.010875121253218253,211,169,2000,design series / natural WT_cluster,string-level BPE control,results/R1/source_recovery_20260917/text_aa_analyse.json,c94e3c2febc3f158def049948f11eae010681dc6ae22c8b9556ca7289693c2ac,common_all13.per_model.gpt2-xl.raw
gpt2-xl,model_minus_lookup,-0.36215034730005713,-0.3905274108001772,-0.3345893875635302,211,169,2000,design series / natural WT_cluster,string-level BPE control,results/R1/source_recovery_20260917/text_aa_analyse.json,c94e3c2febc3f158def049948f11eae010681dc6ae22c8b9556ca7289693c2ac,common_all13.per_model.gpt2-xl.model_minus_lookup
gpt2-xl,model_minus_blosum62,-0.21280935118575536,-0.23823119016630537,-0.19066153514161355,211,169,2000,design series / natural WT_cluster,string-level BPE control,results/R1/source_recovery_20260917/text_aa_analyse.json,c94e3c2febc3f158def049948f11eae010681dc6ae22c8b9556ca7289693c2ac,common_all13.per_model.gpt2-xl.model_minus_blosum62
llama-3.2-3b,raw,0.0002926752293304205,-0.014929877762027751,0.015576785860534629,211,169,2000,design series / natural WT_cluster,string-level BPE control,results/R1/source_recovery_20260917/text_aa_analyse.json,c94e3c2febc3f158def049948f11eae010681dc6ae22c8b9556ca7289693c2ac,common_all13.per_model.llama-3.2-3b.raw
llama-3.2-3b,model_minus_lookup,-0.355683819034122,-0.38599261667033047,-0.32713822798640896,211,169,2000,design series / natural WT_cluster,string-level BPE control,results/R1/source_recovery_20260917/text_aa_analyse.json,c94e3c2febc3f158def049948f11eae010681dc6ae22c8b9556ca7289693c2ac,common_all13.per_model.llama-3.2-3b.model_minus_lookup
llama-3.2-3b,model_minus_blosum62,-0.20634282291982017,-0.22978192597830127,-0.18417007000796423,211,169,2000,design series / natural WT_cluster,string-level BPE control,results/R1/source_recovery_20260917/text_aa_analyse.json,c94e3c2febc3f158def049948f11eae010681dc6ae22c8b9556ca7289693c2ac,common_all13.per_model.llama-3.2-3b.model_minus_blosum62
qwen2.5-0.5b,raw,0.008800017429531999,-0.0072207982896576,0.023905493180983062,211,169,2000,design series / natural WT_cluster,string-level BPE control,results/R1/source_recovery_20260917/text_aa_analyse.json,c94e3c2febc3f158def049948f11eae010681dc6ae22c8b9556ca7289693c2ac,common_all13.per_model.qwen2.5-0.5b.raw
qwen2.5-0.5b,model_minus_lookup,-0.3471764768339204,-0.37596686619052977,-0.318964732120563,211,169,2000,design series / natural WT_cluster,string-level BPE control,results/R1/source_recovery_20260917/text_aa_analyse.json,c94e3c2febc3f158def049948f11eae010681dc6ae22c8b9556ca7289693c2ac,common_all13.per_model.qwen2.5-0.5b.model_minus_lookup
qwen2.5-0.5b,model_minus_blosum62,-0.19783548071961862,-0.22365701402895677,-0.17506883341871454,211,169,2000,design series / natural WT_cluster,string-level BPE control,results/R1/source_recovery_20260917/text_aa_analyse.json,c94e3c2febc3f158def049948f11eae010681dc6ae22c8b9556ca7289693c2ac,common_all13.per_model.qwen2.5-0.5b.model_minus_blosum62
qwen2.5-32b,raw,0.033199113936195915,0.014963103975473764,0.05210700388528506,211,169,2000,design series / natural WT_cluster,string-level BPE control,results/R1/source_recovery_20260917/text_aa_analyse.json,c94e3c2febc3f158def049948f11eae010681dc6ae22c8b9556ca7289693c2ac,common_all13.per_model.qwen2.5-32b.raw
qwen2.5-32b,model_minus_lookup,-0.32277738032725645,-0.35442341605034744,-0.29262162776261214,211,169,2000,design series / natural WT_cluster,string-level BPE control,results/R1/source_recovery_20260917/text_aa_analyse.json,c94e3c2febc3f158def049948f11eae010681dc6ae22c8b9556ca7289693c2ac,common_all13.per_model.qwen2.5-32b.model_minus_lookup
qwen2.5-32b,model_minus_blosum62,-0.1734363842129547,-0.19647279473627882,-0.14841251096618913,211,169,2000,design series / natural WT_cluster,string-level BPE control,results/R1/source_recovery_20260917/text_aa_analyse.json,c94e3c2febc3f158def049948f11eae010681dc6ae22c8b9556ca7289693c2ac,common_all13.per_model.qwen2.5-32b.model_minus_blosum62
qwen2.5-7b,raw,0.009638650744640887,-0.005280966318273797,0.025554149838732304,211,169,2000,design series / natural WT_cluster,string-level BPE control,results/R1/source_recovery_20260917/text_aa_analyse.json,c94e3c2febc3f158def049948f11eae010681dc6ae22c8b9556ca7289693c2ac,common_all13.per_model.qwen2.5-7b.raw
qwen2.5-7b,model_minus_lookup,-0.3463378435188115,-0.37502840150631145,-0.31713674170488176,211,169,2000,design series / natural WT_cluster,string-level BPE control,results/R1/source_recovery_20260917/text_aa_analyse.json,c94e3c2febc3f158def049948f11eae010681dc6ae22c8b9556ca7289693c2ac,common_all13.per_model.qwen2.5-7b.model_minus_lookup
qwen2.5-7b,model_minus_blosum62,-0.19699684740450973,-0.21875409945573332,-0.17451673539932205,211,169,2000,design series / natural WT_cluster,string-level BPE control,results/R1/source_recovery_20260917/text_aa_analyse.json,c94e3c2febc3f158def049948f11eae010681dc6ae22c8b9556ca7289693c2ac,common_all13.per_model.qwen2.5-7b.model_minus_blosum62
qwen3-8b-base,raw,0.0011581443838289515,-0.015058876469793479,0.017552560209710064,211,169,2000,design series / natural WT_cluster,string-level BPE control,results/R1/source_recovery_20260917/text_aa_analyse.json,c94e3c2febc3f158def049948f11eae010681dc6ae22c8b9556ca7289693c2ac,common_all13.per_model.qwen3-8b-base.raw
qwen3-8b-base,model_minus_lookup,-0.35481834987962346,-0.3826692370294549,-0.32709048624475867,211,169,2000,design series / natural WT_cluster,string-level BPE control,results/R1/source_recovery_20260917/text_aa_analyse.json,c94e3c2febc3f158def049948f11eae010681dc6ae22c8b9556ca7289693c2ac,common_all13.per_model.qwen3-8b-base.model_minus_lookup
qwen3-8b-base,model_minus_blosum62,-0.20547735376532164,-0.22798717239037017,-0.18393245885176096,211,169,2000,design series / natural WT_cluster,string-level BPE control,results/R1/source_recovery_20260917/text_aa_analyse.json,c94e3c2febc3f158def049948f11eae010681dc6ae22c8b9556ca7289693c2ac,common_all13.per_model.qwen3-8b-base.model_minus_blosum62
