arm,endpoint,estimate,ci_low,ci_high,n_assays,n_units,bootstrap_resamples,unit,split_seed,baseline,source_path,source_sha256,source_pointer
bygpt5-base-en,controlled_representation_minus_likelihood,-0.007019984969740435,-0.018272905564504192,0.003883223080464442,201,163,2000,wild-type family at 50% identity,20260923,C_P,results/R2/repr_behaviour_gap_20260926/gap_direct_contrast.json,d02eb6d27d66fea0263e2499c43a35db45350fd479a14dcb1c95268258871322,gap_arms.bygpt5-base-en.20260923.d
bygpt5-base-en,controlled_representation_minus_likelihood,-0.006663811545657287,-0.017257047945557397,0.0037876836798488456,201,163,2000,wild-type family at 50% identity,20260924,C_P,results/R2/repr_behaviour_gap_20260926/gap_direct_contrast.json,d02eb6d27d66fea0263e2499c43a35db45350fd479a14dcb1c95268258871322,gap_arms.bygpt5-base-en.20260924.d
bygpt5-base-en,controlled_representation_minus_likelihood,-0.015189121312710049,-0.02714950909671259,-0.004040735456197054,201,163,2000,wild-type family at 50% identity,20260925,C_P,results/R2/repr_behaviour_gap_20260926/gap_direct_contrast.json,d02eb6d27d66fea0263e2499c43a35db45350fd479a14dcb1c95268258871322,gap_arms.bygpt5-base-en.20260925.d
bygpt5-medium-en,controlled_representation_minus_likelihood,-0.002299742691872533,-0.013905425040294371,0.007924183341502416,201,163,2000,wild-type family at 50% identity,20260923,C_P,results/R2/repr_behaviour_gap_20260926/gap_direct_contrast.json,d02eb6d27d66fea0263e2499c43a35db45350fd479a14dcb1c95268258871322,gap_arms.bygpt5-medium-en.20260923.d
bygpt5-medium-en,controlled_representation_minus_likelihood,-0.006799063926310809,-0.01885062637132499,0.003830246903283541,201,163,2000,wild-type family at 50% identity,20260924,C_P,results/R2/repr_behaviour_gap_20260926/gap_direct_contrast.json,d02eb6d27d66fea0263e2499c43a35db45350fd479a14dcb1c95268258871322,gap_arms.bygpt5-medium-en.20260924.d
bygpt5-medium-en,controlled_representation_minus_likelihood,-0.00967143506523065,-0.021011350869532076,0.001171704727250797,201,163,2000,wild-type family at 50% identity,20260925,C_P,results/R2/repr_behaviour_gap_20260926/gap_direct_contrast.json,d02eb6d27d66fea0263e2499c43a35db45350fd479a14dcb1c95268258871322,gap_arms.bygpt5-medium-en.20260925.d
bygpt5-small-en,controlled_representation_minus_likelihood,-0.0031048457393943645,-0.012613617731357867,0.005924306567535259,201,163,2000,wild-type family at 50% identity,20260923,C_P,results/R2/repr_behaviour_gap_20260926/gap_direct_contrast.json,d02eb6d27d66fea0263e2499c43a35db45350fd479a14dcb1c95268258871322,gap_arms.bygpt5-small-en.20260923.d
bygpt5-small-en,controlled_representation_minus_likelihood,-0.006842849655331497,-0.016904624019830013,0.0024232764563828215,201,163,2000,wild-type family at 50% identity,20260924,C_P,results/R2/repr_behaviour_gap_20260926/gap_direct_contrast.json,d02eb6d27d66fea0263e2499c43a35db45350fd479a14dcb1c95268258871322,gap_arms.bygpt5-small-en.20260924.d
bygpt5-small-en,controlled_representation_minus_likelihood,-0.01185457549174054,-0.022914461318612564,-0.0019311445223068918,201,163,2000,wild-type family at 50% identity,20260925,C_P,results/R2/repr_behaviour_gap_20260926/gap_direct_contrast.json,d02eb6d27d66fea0263e2499c43a35db45350fd479a14dcb1c95268258871322,gap_arms.bygpt5-small-en.20260925.d
dialogpt-small,controlled_representation_minus_likelihood,-0.012396705239509047,-0.020379195249460788,-0.004587328327472283,201,163,2000,wild-type family at 50% identity,20260923,C_P,results/R2/repr_behaviour_gap_20260926/gap_direct_contrast.json,d02eb6d27d66fea0263e2499c43a35db45350fd479a14dcb1c95268258871322,gap_arms.dialogpt-small.20260923.d
dialogpt-small,controlled_representation_minus_likelihood,-0.014256888512261746,-0.02176875825017678,-0.006323594258139611,201,163,2000,wild-type family at 50% identity,20260924,C_P,results/R2/repr_behaviour_gap_20260926/gap_direct_contrast.json,d02eb6d27d66fea0263e2499c43a35db45350fd479a14dcb1c95268258871322,gap_arms.dialogpt-small.20260924.d
dialogpt-small,controlled_representation_minus_likelihood,-0.019308871437093988,-0.02776476294299176,-0.010854811403719489,201,163,2000,wild-type family at 50% identity,20260925,C_P,results/R2/repr_behaviour_gap_20260926/gap_direct_contrast.json,d02eb6d27d66fea0263e2499c43a35db45350fd479a14dcb1c95268258871322,gap_arms.dialogpt-small.20260925.d
galactica-1.3b,controlled_representation_minus_likelihood,0.00822180533097286,-0.0027999227311485647,0.020012664473584275,201,163,2000,wild-type family at 50% identity,20260923,C_P,results/R2/repr_behaviour_gap_20260926/gap_direct_contrast.json,d02eb6d27d66fea0263e2499c43a35db45350fd479a14dcb1c95268258871322,gap_arms.galactica-1.3b.20260923.d
galactica-1.3b,controlled_representation_minus_likelihood,0.006553526311863016,-0.004109151394361237,0.01805861641597642,201,163,2000,wild-type family at 50% identity,20260924,C_P,results/R2/repr_behaviour_gap_20260926/gap_direct_contrast.json,d02eb6d27d66fea0263e2499c43a35db45350fd479a14dcb1c95268258871322,gap_arms.galactica-1.3b.20260924.d
galactica-1.3b,controlled_representation_minus_likelihood,0.003239896158114998,-0.008715596295817833,0.016472237911812463,201,163,2000,wild-type family at 50% identity,20260925,C_P,results/R2/repr_behaviour_gap_20260926/gap_direct_contrast.json,d02eb6d27d66fea0263e2499c43a35db45350fd479a14dcb1c95268258871322,gap_arms.galactica-1.3b.20260925.d
galactica-125m,controlled_representation_minus_likelihood,0.005181716332992512,-0.006529261858322997,0.01648522993557457,201,163,2000,wild-type family at 50% identity,20260923,C_P,results/R2/repr_behaviour_gap_20260926/gap_direct_contrast.json,d02eb6d27d66fea0263e2499c43a35db45350fd479a14dcb1c95268258871322,gap_arms.galactica-125m.20260923.d
galactica-125m,controlled_representation_minus_likelihood,0.001460163497863262,-0.008649218573354777,0.011894892747117266,201,163,2000,wild-type family at 50% identity,20260924,C_P,results/R2/repr_behaviour_gap_20260926/gap_direct_contrast.json,d02eb6d27d66fea0263e2499c43a35db45350fd479a14dcb1c95268258871322,gap_arms.galactica-125m.20260924.d
galactica-125m,controlled_representation_minus_likelihood,-0.0028962099858224305,-0.014652457538119244,0.008687355161225794,201,163,2000,wild-type family at 50% identity,20260925,C_P,results/R2/repr_behaviour_gap_20260926/gap_direct_contrast.json,d02eb6d27d66fea0263e2499c43a35db45350fd479a14dcb1c95268258871322,gap_arms.galactica-125m.20260925.d
galactica-30b,controlled_representation_minus_likelihood,0.008450853002207812,-0.005095428268412268,0.022002454719065728,201,163,2000,wild-type family at 50% identity,20260923,C_P,results/R2/repr_behaviour_gap_20260926/gap_direct_contrast.json,d02eb6d27d66fea0263e2499c43a35db45350fd479a14dcb1c95268258871322,gap_arms.galactica-30b.20260923.d
galactica-30b,controlled_representation_minus_likelihood,-8.346145328854311e-05,-0.014112663104607175,0.014132395710132908,201,163,2000,wild-type family at 50% identity,20260924,C_P,results/R2/repr_behaviour_gap_20260926/gap_direct_contrast.json,d02eb6d27d66fea0263e2499c43a35db45350fd479a14dcb1c95268258871322,gap_arms.galactica-30b.20260924.d
galactica-30b,controlled_representation_minus_likelihood,-0.00053364852146822,-0.015068963857324065,0.013460667174585833,201,163,2000,wild-type family at 50% identity,20260925,C_P,results/R2/repr_behaviour_gap_20260926/gap_direct_contrast.json,d02eb6d27d66fea0263e2499c43a35db45350fd479a14dcb1c95268258871322,gap_arms.galactica-30b.20260925.d
galactica-6.7b,controlled_representation_minus_likelihood,0.007668419274559769,-0.003191521600006417,0.018707938230729127,201,163,2000,wild-type family at 50% identity,20260923,C_P,results/R2/repr_behaviour_gap_20260926/gap_direct_contrast.json,d02eb6d27d66fea0263e2499c43a35db45350fd479a14dcb1c95268258871322,gap_arms.galactica-6.7b.20260923.d
galactica-6.7b,controlled_representation_minus_likelihood,0.004643414998664233,-0.006033224444253007,0.015509523211380473,201,163,2000,wild-type family at 50% identity,20260924,C_P,results/R2/repr_behaviour_gap_20260926/gap_direct_contrast.json,d02eb6d27d66fea0263e2499c43a35db45350fd479a14dcb1c95268258871322,gap_arms.galactica-6.7b.20260924.d
galactica-6.7b,controlled_representation_minus_likelihood,0.002016302254523245,-0.009686881016631836,0.013968316632917777,201,163,2000,wild-type family at 50% identity,20260925,C_P,results/R2/repr_behaviour_gap_20260926/gap_direct_contrast.json,d02eb6d27d66fea0263e2499c43a35db45350fd479a14dcb1c95268258871322,gap_arms.galactica-6.7b.20260925.d
gpt2,controlled_representation_minus_likelihood,-0.009843092482620499,-0.02017710774604409,-0.0003569277103627612,201,163,2000,wild-type family at 50% identity,20260923,C_P,results/R2/repr_behaviour_gap_20260926/gap_direct_contrast.json,d02eb6d27d66fea0263e2499c43a35db45350fd479a14dcb1c95268258871322,gap_arms.gpt2.20260923.d
gpt2,controlled_representation_minus_likelihood,-0.013882051800715325,-0.023718595320656764,-0.004364658420274973,201,163,2000,wild-type family at 50% identity,20260924,C_P,results/R2/repr_behaviour_gap_20260926/gap_direct_contrast.json,d02eb6d27d66fea0263e2499c43a35db45350fd479a14dcb1c95268258871322,gap_arms.gpt2.20260924.d
gpt2,controlled_representation_minus_likelihood,-0.016192368660074168,-0.0268217105896638,-0.006426680298267413,201,163,2000,wild-type family at 50% identity,20260925,C_P,results/R2/repr_behaviour_gap_20260926/gap_direct_contrast.json,d02eb6d27d66fea0263e2499c43a35db45350fd479a14dcb1c95268258871322,gap_arms.gpt2.20260925.d
gpt2-large,controlled_representation_minus_likelihood,-0.014222717367206428,-0.024836106079878895,-0.004724843753821814,201,163,2000,wild-type family at 50% identity,20260923,C_P,results/R2/repr_behaviour_gap_20260926/gap_direct_contrast.json,d02eb6d27d66fea0263e2499c43a35db45350fd479a14dcb1c95268258871322,gap_arms.gpt2-large.20260923.d
gpt2-large,controlled_representation_minus_likelihood,-0.017647417933106035,-0.028726772736926302,-0.007286740676115378,201,163,2000,wild-type family at 50% identity,20260924,C_P,results/R2/repr_behaviour_gap_20260926/gap_direct_contrast.json,d02eb6d27d66fea0263e2499c43a35db45350fd479a14dcb1c95268258871322,gap_arms.gpt2-large.20260924.d
gpt2-large,controlled_representation_minus_likelihood,-0.020048482450298107,-0.031137370862868722,-0.01016989045432286,201,163,2000,wild-type family at 50% identity,20260925,C_P,results/R2/repr_behaviour_gap_20260926/gap_direct_contrast.json,d02eb6d27d66fea0263e2499c43a35db45350fd479a14dcb1c95268258871322,gap_arms.gpt2-large.20260925.d
gpt2-medium,controlled_representation_minus_likelihood,-0.0103363509310258,-0.020638839218819285,-0.0007442947240160829,201,163,2000,wild-type family at 50% identity,20260923,C_P,results/R2/repr_behaviour_gap_20260926/gap_direct_contrast.json,d02eb6d27d66fea0263e2499c43a35db45350fd479a14dcb1c95268258871322,gap_arms.gpt2-medium.20260923.d
gpt2-medium,controlled_representation_minus_likelihood,-0.01039702651978856,-0.019226834087333288,-0.0015678113622815844,201,163,2000,wild-type family at 50% identity,20260924,C_P,results/R2/repr_behaviour_gap_20260926/gap_direct_contrast.json,d02eb6d27d66fea0263e2499c43a35db45350fd479a14dcb1c95268258871322,gap_arms.gpt2-medium.20260924.d
gpt2-medium,controlled_representation_minus_likelihood,-0.018689196450018253,-0.02850710600518304,-0.008819107387788662,201,163,2000,wild-type family at 50% identity,20260925,C_P,results/R2/repr_behaviour_gap_20260926/gap_direct_contrast.json,d02eb6d27d66fea0263e2499c43a35db45350fd479a14dcb1c95268258871322,gap_arms.gpt2-medium.20260925.d
gpt2-xl,controlled_representation_minus_likelihood,-0.006823093010134261,-0.015367438513175019,0.001636647722102025,201,163,2000,wild-type family at 50% identity,20260923,C_P,results/R2/repr_behaviour_gap_20260926/gap_direct_contrast.json,d02eb6d27d66fea0263e2499c43a35db45350fd479a14dcb1c95268258871322,gap_arms.gpt2-xl.20260923.d
gpt2-xl,controlled_representation_minus_likelihood,-0.01105074398019254,-0.02061134290840438,-0.002301900412035944,201,163,2000,wild-type family at 50% identity,20260924,C_P,results/R2/repr_behaviour_gap_20260926/gap_direct_contrast.json,d02eb6d27d66fea0263e2499c43a35db45350fd479a14dcb1c95268258871322,gap_arms.gpt2-xl.20260924.d
gpt2-xl,controlled_representation_minus_likelihood,-0.017780888178713535,-0.02824972502195,-0.00844007777845021,201,163,2000,wild-type family at 50% identity,20260925,C_P,results/R2/repr_behaviour_gap_20260926/gap_direct_contrast.json,d02eb6d27d66fea0263e2499c43a35db45350fd479a14dcb1c95268258871322,gap_arms.gpt2-xl.20260925.d
instructprotein,controlled_representation_minus_likelihood,-0.00867601667401544,-0.022080911843821195,0.004084453558393337,201,163,2000,wild-type family at 50% identity,20260923,C_P,results/R2/repr_behaviour_gap_20260926/gap_direct_contrast.json,d02eb6d27d66fea0263e2499c43a35db45350fd479a14dcb1c95268258871322,gap_arms.instructprotein.20260923.d
instructprotein,controlled_representation_minus_likelihood,-0.01245563628081008,-0.024413708126967547,-0.0003350831901271528,201,163,2000,wild-type family at 50% identity,20260924,C_P,results/R2/repr_behaviour_gap_20260926/gap_direct_contrast.json,d02eb6d27d66fea0263e2499c43a35db45350fd479a14dcb1c95268258871322,gap_arms.instructprotein.20260924.d
instructprotein,controlled_representation_minus_likelihood,-0.011986973263406074,-0.025702365468603623,0.0026806588896059963,201,163,2000,wild-type family at 50% identity,20260925,C_P,results/R2/repr_behaviour_gap_20260926/gap_direct_contrast.json,d02eb6d27d66fea0263e2499c43a35db45350fd479a14dcb1c95268258871322,gap_arms.instructprotein.20260925.d
llama-2-7b,controlled_representation_minus_likelihood,-0.002097543544905521,-0.01083442645192442,0.005541957761115105,201,163,2000,wild-type family at 50% identity,20260923,C_P,results/R2/repr_behaviour_gap_20260926/gap_direct_contrast.json,d02eb6d27d66fea0263e2499c43a35db45350fd479a14dcb1c95268258871322,gap_arms.llama-2-7b.20260923.d
llama-2-7b,controlled_representation_minus_likelihood,5.578632279944811e-05,-0.008641808330303402,0.007766325097363291,201,163,2000,wild-type family at 50% identity,20260924,C_P,results/R2/repr_behaviour_gap_20260926/gap_direct_contrast.json,d02eb6d27d66fea0263e2499c43a35db45350fd479a14dcb1c95268258871322,gap_arms.llama-2-7b.20260924.d
llama-2-7b,controlled_representation_minus_likelihood,-0.00946328911480343,-0.01969198286647851,-0.000922037470570846,201,163,2000,wild-type family at 50% identity,20260925,C_P,results/R2/repr_behaviour_gap_20260926/gap_direct_contrast.json,d02eb6d27d66fea0263e2499c43a35db45350fd479a14dcb1c95268258871322,gap_arms.llama-2-7b.20260925.d
llama-3.2-3b,controlled_representation_minus_likelihood,-0.0066836952025312955,-0.0158664625614525,0.0022049635652884245,201,163,2000,wild-type family at 50% identity,20260923,C_P,results/R2/repr_behaviour_gap_20260926/gap_direct_contrast.json,d02eb6d27d66fea0263e2499c43a35db45350fd479a14dcb1c95268258871322,gap_arms.llama-3.2-3b.20260923.d
llama-3.2-3b,controlled_representation_minus_likelihood,-0.009427275787263668,-0.01884150703966577,-0.00028165323635216417,201,163,2000,wild-type family at 50% identity,20260924,C_P,results/R2/repr_behaviour_gap_20260926/gap_direct_contrast.json,d02eb6d27d66fea0263e2499c43a35db45350fd479a14dcb1c95268258871322,gap_arms.llama-3.2-3b.20260924.d
llama-3.2-3b,controlled_representation_minus_likelihood,-0.015029269973406898,-0.025080998078515215,-0.005919723911945607,201,163,2000,wild-type family at 50% identity,20260925,C_P,results/R2/repr_behaviour_gap_20260926/gap_direct_contrast.json,d02eb6d27d66fea0263e2499c43a35db45350fd479a14dcb1c95268258871322,gap_arms.llama-3.2-3b.20260925.d
progen2-base,controlled_representation_minus_likelihood,0.0014878277056902466,-0.011671620232456255,0.01579060698333428,201,163,2000,wild-type family at 50% identity,20260923,C_P,results/R2/repr_behaviour_gap_20260926/gap_direct_contrast.json,d02eb6d27d66fea0263e2499c43a35db45350fd479a14dcb1c95268258871322,gap_arms.progen2-base.20260923.d
progen2-base,controlled_representation_minus_likelihood,-0.001961300365973368,-0.01565257751409593,0.011832273190534329,201,163,2000,wild-type family at 50% identity,20260924,C_P,results/R2/repr_behaviour_gap_20260926/gap_direct_contrast.json,d02eb6d27d66fea0263e2499c43a35db45350fd479a14dcb1c95268258871322,gap_arms.progen2-base.20260924.d
progen2-base,controlled_representation_minus_likelihood,-0.008920882272405447,-0.022726600362370727,0.005203048208501526,201,163,2000,wild-type family at 50% identity,20260925,C_P,results/R2/repr_behaviour_gap_20260926/gap_direct_contrast.json,d02eb6d27d66fea0263e2499c43a35db45350fd479a14dcb1c95268258871322,gap_arms.progen2-base.20260925.d
progen2-large,controlled_representation_minus_likelihood,0.001189471887026554,-0.011424167759345417,0.013864788659933467,201,163,2000,wild-type family at 50% identity,20260923,C_P,results/R2/repr_behaviour_gap_20260926/gap_direct_contrast.json,d02eb6d27d66fea0263e2499c43a35db45350fd479a14dcb1c95268258871322,gap_arms.progen2-large.20260923.d
progen2-large,controlled_representation_minus_likelihood,3.665228671215709e-05,-0.01066701429796085,0.0117697045933169,201,163,2000,wild-type family at 50% identity,20260924,C_P,results/R2/repr_behaviour_gap_20260926/gap_direct_contrast.json,d02eb6d27d66fea0263e2499c43a35db45350fd479a14dcb1c95268258871322,gap_arms.progen2-large.20260924.d
progen2-large,controlled_representation_minus_likelihood,-0.00853700232666647,-0.02096879731306661,0.004413532813513442,201,163,2000,wild-type family at 50% identity,20260925,C_P,results/R2/repr_behaviour_gap_20260926/gap_direct_contrast.json,d02eb6d27d66fea0263e2499c43a35db45350fd479a14dcb1c95268258871322,gap_arms.progen2-large.20260925.d
progen2-medium,controlled_representation_minus_likelihood,-0.004969444124530753,-0.016819661971389857,0.007396595829260239,201,163,2000,wild-type family at 50% identity,20260923,C_P,results/R2/repr_behaviour_gap_20260926/gap_direct_contrast.json,d02eb6d27d66fea0263e2499c43a35db45350fd479a14dcb1c95268258871322,gap_arms.progen2-medium.20260923.d
progen2-medium,controlled_representation_minus_likelihood,-0.0099260380569424,-0.02141230649208802,0.0017588521476274695,201,163,2000,wild-type family at 50% identity,20260924,C_P,results/R2/repr_behaviour_gap_20260926/gap_direct_contrast.json,d02eb6d27d66fea0263e2499c43a35db45350fd479a14dcb1c95268258871322,gap_arms.progen2-medium.20260924.d
progen2-medium,controlled_representation_minus_likelihood,-0.0109015685154684,-0.022274862589241006,0.000691965644792753,201,163,2000,wild-type family at 50% identity,20260925,C_P,results/R2/repr_behaviour_gap_20260926/gap_direct_contrast.json,d02eb6d27d66fea0263e2499c43a35db45350fd479a14dcb1c95268258871322,gap_arms.progen2-medium.20260925.d
progen2-small,controlled_representation_minus_likelihood,0.006598351176777662,-0.005875633165891982,0.02032157348579158,201,163,2000,wild-type family at 50% identity,20260923,C_P,results/R2/repr_behaviour_gap_20260926/gap_direct_contrast.json,d02eb6d27d66fea0263e2499c43a35db45350fd479a14dcb1c95268258871322,gap_arms.progen2-small.20260923.d
progen2-small,controlled_representation_minus_likelihood,0.001694153052239865,-0.010088744936425241,0.014807250079844264,201,163,2000,wild-type family at 50% identity,20260924,C_P,results/R2/repr_behaviour_gap_20260926/gap_direct_contrast.json,d02eb6d27d66fea0263e2499c43a35db45350fd479a14dcb1c95268258871322,gap_arms.progen2-small.20260924.d
progen2-small,controlled_representation_minus_likelihood,-0.000864242882772263,-0.013792350591189365,0.012956302237164026,201,163,2000,wild-type family at 50% identity,20260925,C_P,results/R2/repr_behaviour_gap_20260926/gap_direct_contrast.json,d02eb6d27d66fea0263e2499c43a35db45350fd479a14dcb1c95268258871322,gap_arms.progen2-small.20260925.d
progen2-xlarge,controlled_representation_minus_likelihood,-0.019867277436539446,-0.031514231378564996,-0.008578965633393616,201,163,2000,wild-type family at 50% identity,20260923,C_P,results/R2/repr_behaviour_gap_20260926/gap_direct_contrast.json,d02eb6d27d66fea0263e2499c43a35db45350fd479a14dcb1c95268258871322,gap_arms.progen2-xlarge.20260923.d
progen2-xlarge,controlled_representation_minus_likelihood,-0.015496753537208287,-0.026829053544367088,-0.004792798688613501,201,163,2000,wild-type family at 50% identity,20260924,C_P,results/R2/repr_behaviour_gap_20260926/gap_direct_contrast.json,d02eb6d27d66fea0263e2499c43a35db45350fd479a14dcb1c95268258871322,gap_arms.progen2-xlarge.20260924.d
progen2-xlarge,controlled_representation_minus_likelihood,-0.01754949076245919,-0.029689153785587157,-0.006053527024376619,201,163,2000,wild-type family at 50% identity,20260925,C_P,results/R2/repr_behaviour_gap_20260926/gap_direct_contrast.json,d02eb6d27d66fea0263e2499c43a35db45350fd479a14dcb1c95268258871322,gap_arms.progen2-xlarge.20260925.d
progen3-112m,controlled_representation_minus_likelihood,0.009436313094866502,-0.0030705045629644463,0.022336588474109454,201,163,2000,wild-type family at 50% identity,20260923,C_P,results/R2/repr_behaviour_gap_20260926/gap_direct_contrast.json,d02eb6d27d66fea0263e2499c43a35db45350fd479a14dcb1c95268258871322,gap_arms.progen3-112m.20260923.d
progen3-112m,controlled_representation_minus_likelihood,0.005908170440645308,-0.007002356446481601,0.019271476485047342,201,163,2000,wild-type family at 50% identity,20260924,C_P,results/R2/repr_behaviour_gap_20260926/gap_direct_contrast.json,d02eb6d27d66fea0263e2499c43a35db45350fd479a14dcb1c95268258871322,gap_arms.progen3-112m.20260924.d
progen3-112m,controlled_representation_minus_likelihood,0.004525735425977135,-0.008098891461045973,0.018554492566608273,201,163,2000,wild-type family at 50% identity,20260925,C_P,results/R2/repr_behaviour_gap_20260926/gap_direct_contrast.json,d02eb6d27d66fea0263e2499c43a35db45350fd479a14dcb1c95268258871322,gap_arms.progen3-112m.20260925.d
progen3-3b,controlled_representation_minus_likelihood,0.004550527085129935,-0.0069001499437463774,0.01662834570724346,201,163,2000,wild-type family at 50% identity,20260923,C_P,results/R2/repr_behaviour_gap_20260926/gap_direct_contrast.json,d02eb6d27d66fea0263e2499c43a35db45350fd479a14dcb1c95268258871322,gap_arms.progen3-3b.20260923.d
progen3-3b,controlled_representation_minus_likelihood,0.0011636035022898623,-0.00925013924595465,0.01139601141579861,201,163,2000,wild-type family at 50% identity,20260924,C_P,results/R2/repr_behaviour_gap_20260926/gap_direct_contrast.json,d02eb6d27d66fea0263e2499c43a35db45350fd479a14dcb1c95268258871322,gap_arms.progen3-3b.20260924.d
progen3-3b,controlled_representation_minus_likelihood,-0.0019572831726473116,-0.013607611845725093,0.01049324041936494,201,163,2000,wild-type family at 50% identity,20260925,C_P,results/R2/repr_behaviour_gap_20260926/gap_direct_contrast.json,d02eb6d27d66fea0263e2499c43a35db45350fd479a14dcb1c95268258871322,gap_arms.progen3-3b.20260925.d
prollama,controlled_representation_minus_likelihood,0.008303435760452645,-0.005684993698517187,0.02271568883947012,201,163,2000,wild-type family at 50% identity,20260923,C_P,results/R2/repr_behaviour_gap_20260926/gap_direct_contrast.json,d02eb6d27d66fea0263e2499c43a35db45350fd479a14dcb1c95268258871322,gap_arms.prollama.20260923.d
prollama,controlled_representation_minus_likelihood,0.007536969682321377,-0.004833306590009551,0.021442142904687853,201,163,2000,wild-type family at 50% identity,20260924,C_P,results/R2/repr_behaviour_gap_20260926/gap_direct_contrast.json,d02eb6d27d66fea0263e2499c43a35db45350fd479a14dcb1c95268258871322,gap_arms.prollama.20260924.d
prollama,controlled_representation_minus_likelihood,-0.0009637938782686852,-0.01563944184455415,0.012860937306052493,201,163,2000,wild-type family at 50% identity,20260925,C_P,results/R2/repr_behaviour_gap_20260926/gap_direct_contrast.json,d02eb6d27d66fea0263e2499c43a35db45350fd479a14dcb1c95268258871322,gap_arms.prollama.20260925.d
prollama-stage-1,controlled_representation_minus_likelihood,0.0077877996622529215,-0.005776805437508298,0.022179378926830563,201,163,2000,wild-type family at 50% identity,20260923,C_P,results/R2/repr_behaviour_gap_20260926/gap_direct_contrast.json,d02eb6d27d66fea0263e2499c43a35db45350fd479a14dcb1c95268258871322,gap_arms.prollama-stage-1.20260923.d
prollama-stage-1,controlled_representation_minus_likelihood,0.005747591043482181,-0.0068973224196412905,0.019150339863617274,201,163,2000,wild-type family at 50% identity,20260924,C_P,results/R2/repr_behaviour_gap_20260926/gap_direct_contrast.json,d02eb6d27d66fea0263e2499c43a35db45350fd479a14dcb1c95268258871322,gap_arms.prollama-stage-1.20260924.d
prollama-stage-1,controlled_representation_minus_likelihood,-0.002338162875143487,-0.01641719834351456,0.011585124380840741,201,163,2000,wild-type family at 50% identity,20260925,C_P,results/R2/repr_behaviour_gap_20260926/gap_direct_contrast.json,d02eb6d27d66fea0263e2499c43a35db45350fd479a14dcb1c95268258871322,gap_arms.prollama-stage-1.20260925.d
proteinglm-7b-clm,controlled_representation_minus_likelihood,0.011902021357047704,-0.0006460477585385357,0.02490925389547519,201,163,2000,wild-type family at 50% identity,20260923,C_P,results/R2/repr_behaviour_gap_20260926/gap_direct_contrast.json,d02eb6d27d66fea0263e2499c43a35db45350fd479a14dcb1c95268258871322,gap_arms.proteinglm-7b-clm.20260923.d
proteinglm-7b-clm,controlled_representation_minus_likelihood,0.017239304291608873,0.005056706223524891,0.029983002966560306,201,163,2000,wild-type family at 50% identity,20260924,C_P,results/R2/repr_behaviour_gap_20260926/gap_direct_contrast.json,d02eb6d27d66fea0263e2499c43a35db45350fd479a14dcb1c95268258871322,gap_arms.proteinglm-7b-clm.20260924.d
proteinglm-7b-clm,controlled_representation_minus_likelihood,0.008034992153000419,-0.004492146498897669,0.02108964885890994,201,163,2000,wild-type family at 50% identity,20260925,C_P,results/R2/repr_behaviour_gap_20260926/gap_direct_contrast.json,d02eb6d27d66fea0263e2499c43a35db45350fd479a14dcb1c95268258871322,gap_arms.proteinglm-7b-clm.20260925.d
protgpt2,controlled_representation_minus_likelihood,-0.002054355114789383,-0.014380391094616288,0.010917565230236494,201,163,2000,wild-type family at 50% identity,20260923,C_P,results/R2/repr_behaviour_gap_20260926/gap_direct_contrast.json,d02eb6d27d66fea0263e2499c43a35db45350fd479a14dcb1c95268258871322,gap_arms.protgpt2.20260923.d
protgpt2,controlled_representation_minus_likelihood,-0.006118588936413127,-0.01846742439243022,0.007126834558310218,201,163,2000,wild-type family at 50% identity,20260924,C_P,results/R2/repr_behaviour_gap_20260926/gap_direct_contrast.json,d02eb6d27d66fea0263e2499c43a35db45350fd479a14dcb1c95268258871322,gap_arms.protgpt2.20260924.d
protgpt2,controlled_representation_minus_likelihood,-0.009074767531386028,-0.021522659669308105,0.004887822075696942,201,163,2000,wild-type family at 50% identity,20260925,C_P,results/R2/repr_behaviour_gap_20260926/gap_direct_contrast.json,d02eb6d27d66fea0263e2499c43a35db45350fd479a14dcb1c95268258871322,gap_arms.protgpt2.20260925.d
protgpt3-1.3b,controlled_representation_minus_likelihood,-0.0002339675643146627,-0.012389594224553544,0.0128624837101225,201,163,2000,wild-type family at 50% identity,20260923,C_P,results/R2/repr_behaviour_gap_20260926/gap_direct_contrast.json,d02eb6d27d66fea0263e2499c43a35db45350fd479a14dcb1c95268258871322,gap_arms.protgpt3-1.3b.20260923.d
protgpt3-1.3b,controlled_representation_minus_likelihood,-0.002067707782092837,-0.01309371880401606,0.009857643421739427,201,163,2000,wild-type family at 50% identity,20260924,C_P,results/R2/repr_behaviour_gap_20260926/gap_direct_contrast.json,d02eb6d27d66fea0263e2499c43a35db45350fd479a14dcb1c95268258871322,gap_arms.protgpt3-1.3b.20260924.d
protgpt3-1.3b,controlled_representation_minus_likelihood,0.0023041741590207414,-0.0107145009653649,0.016110292492035203,201,163,2000,wild-type family at 50% identity,20260925,C_P,results/R2/repr_behaviour_gap_20260926/gap_direct_contrast.json,d02eb6d27d66fea0263e2499c43a35db45350fd479a14dcb1c95268258871322,gap_arms.protgpt3-1.3b.20260925.d
qwen2.5-0.5b,controlled_representation_minus_likelihood,-0.006349400097727076,-0.013928445663000104,0.0010772220102194254,201,163,2000,wild-type family at 50% identity,20260923,C_P,results/R2/repr_behaviour_gap_20260926/gap_direct_contrast.json,d02eb6d27d66fea0263e2499c43a35db45350fd479a14dcb1c95268258871322,gap_arms.qwen2.5-0.5b.20260923.d
qwen2.5-0.5b,controlled_representation_minus_likelihood,-0.007751763048507648,-0.015398974315359916,-0.00018487397695027055,201,163,2000,wild-type family at 50% identity,20260924,C_P,results/R2/repr_behaviour_gap_20260926/gap_direct_contrast.json,d02eb6d27d66fea0263e2499c43a35db45350fd479a14dcb1c95268258871322,gap_arms.qwen2.5-0.5b.20260924.d
qwen2.5-0.5b,controlled_representation_minus_likelihood,-0.01541457470929811,-0.025008189968772923,-0.006852639612796081,201,163,2000,wild-type family at 50% identity,20260925,C_P,results/R2/repr_behaviour_gap_20260926/gap_direct_contrast.json,d02eb6d27d66fea0263e2499c43a35db45350fd479a14dcb1c95268258871322,gap_arms.qwen2.5-0.5b.20260925.d
qwen2.5-0.5b-instruct,controlled_representation_minus_likelihood,-0.007506571433026702,-0.014856070776383677,-0.0006182232277238365,201,163,2000,wild-type family at 50% identity,20260923,C_P,results/R2/repr_behaviour_gap_20260926/gap_direct_contrast.json,d02eb6d27d66fea0263e2499c43a35db45350fd479a14dcb1c95268258871322,gap_arms.qwen2.5-0.5b-instruct.20260923.d
qwen2.5-0.5b-instruct,controlled_representation_minus_likelihood,-0.01047618002913532,-0.017628886493334894,-0.003399904931153482,201,163,2000,wild-type family at 50% identity,20260924,C_P,results/R2/repr_behaviour_gap_20260926/gap_direct_contrast.json,d02eb6d27d66fea0263e2499c43a35db45350fd479a14dcb1c95268258871322,gap_arms.qwen2.5-0.5b-instruct.20260924.d
qwen2.5-0.5b-instruct,controlled_representation_minus_likelihood,-0.01709196132598695,-0.027334648944393004,-0.008540389594803842,201,163,2000,wild-type family at 50% identity,20260925,C_P,results/R2/repr_behaviour_gap_20260926/gap_direct_contrast.json,d02eb6d27d66fea0263e2499c43a35db45350fd479a14dcb1c95268258871322,gap_arms.qwen2.5-0.5b-instruct.20260925.d
qwen2.5-32b,controlled_representation_minus_likelihood,0.0036365117428175963,-0.005259012326459734,0.012987572017075346,201,163,2000,wild-type family at 50% identity,20260923,C_P,results/R2/repr_behaviour_gap_20260926/gap_direct_contrast.json,d02eb6d27d66fea0263e2499c43a35db45350fd479a14dcb1c95268258871322,gap_arms.qwen2.5-32b.20260923.d
qwen2.5-32b,controlled_representation_minus_likelihood,-0.0031967389432170346,-0.01280623277099106,0.006476381528810155,201,163,2000,wild-type family at 50% identity,20260924,C_P,results/R2/repr_behaviour_gap_20260926/gap_direct_contrast.json,d02eb6d27d66fea0263e2499c43a35db45350fd479a14dcb1c95268258871322,gap_arms.qwen2.5-32b.20260924.d
qwen2.5-32b,controlled_representation_minus_likelihood,-0.0043175579906753235,-0.01543697854010245,0.006903689070988751,201,163,2000,wild-type family at 50% identity,20260925,C_P,results/R2/repr_behaviour_gap_20260926/gap_direct_contrast.json,d02eb6d27d66fea0263e2499c43a35db45350fd479a14dcb1c95268258871322,gap_arms.qwen2.5-32b.20260925.d
qwen2.5-7b,controlled_representation_minus_likelihood,-0.0011934503685624728,-0.01052051341749524,0.008108396851014157,201,163,2000,wild-type family at 50% identity,20260923,C_P,results/R2/repr_behaviour_gap_20260926/gap_direct_contrast.json,d02eb6d27d66fea0263e2499c43a35db45350fd479a14dcb1c95268258871322,gap_arms.qwen2.5-7b.20260923.d
qwen2.5-7b,controlled_representation_minus_likelihood,-0.0025390099431772625,-0.011151199661495534,0.005888119083182665,201,163,2000,wild-type family at 50% identity,20260924,C_P,results/R2/repr_behaviour_gap_20260926/gap_direct_contrast.json,d02eb6d27d66fea0263e2499c43a35db45350fd479a14dcb1c95268258871322,gap_arms.qwen2.5-7b.20260924.d
qwen2.5-7b,controlled_representation_minus_likelihood,-0.010512801692391783,-0.021021461220512447,-0.0003495499845200196,201,163,2000,wild-type family at 50% identity,20260925,C_P,results/R2/repr_behaviour_gap_20260926/gap_direct_contrast.json,d02eb6d27d66fea0263e2499c43a35db45350fd479a14dcb1c95268258871322,gap_arms.qwen2.5-7b.20260925.d
qwen3-8b-base,controlled_representation_minus_likelihood,-0.010547937371243342,-0.019388088687029677,-0.002399555349051335,201,163,2000,wild-type family at 50% identity,20260923,C_P,results/R2/repr_behaviour_gap_20260926/gap_direct_contrast.json,d02eb6d27d66fea0263e2499c43a35db45350fd479a14dcb1c95268258871322,gap_arms.qwen3-8b-base.20260923.d
qwen3-8b-base,controlled_representation_minus_likelihood,-0.01416743077111534,-0.023233365826278288,-0.005377732973600574,201,163,2000,wild-type family at 50% identity,20260924,C_P,results/R2/repr_behaviour_gap_20260926/gap_direct_contrast.json,d02eb6d27d66fea0263e2499c43a35db45350fd479a14dcb1c95268258871322,gap_arms.qwen3-8b-base.20260924.d
qwen3-8b-base,controlled_representation_minus_likelihood,-0.019443178218856088,-0.02944183612211704,-0.010022256925425735,201,163,2000,wild-type family at 50% identity,20260925,C_P,results/R2/repr_behaviour_gap_20260926/gap_direct_contrast.json,d02eb6d27d66fea0263e2499c43a35db45350fd479a14dcb1c95268258871322,gap_arms.qwen3-8b-base.20260925.d
rita-xl,controlled_representation_minus_likelihood,-0.003943637595260301,-0.014096880632792817,0.00721585844944757,201,163,2000,wild-type family at 50% identity,20260923,C_P,results/R2/repr_behaviour_gap_20260926/gap_direct_contrast.json,d02eb6d27d66fea0263e2499c43a35db45350fd479a14dcb1c95268258871322,gap_arms.rita-xl.20260923.d
rita-xl,controlled_representation_minus_likelihood,-0.00650221520686166,-0.016806320862913778,0.0041782310973897995,201,163,2000,wild-type family at 50% identity,20260924,C_P,results/R2/repr_behaviour_gap_20260926/gap_direct_contrast.json,d02eb6d27d66fea0263e2499c43a35db45350fd479a14dcb1c95268258871322,gap_arms.rita-xl.20260924.d
rita-xl,controlled_representation_minus_likelihood,-0.008995383820809812,-0.01972007543551251,0.0029877469515916053,201,163,2000,wild-type family at 50% identity,20260925,C_P,results/R2/repr_behaviour_gap_20260926/gap_direct_contrast.json,d02eb6d27d66fea0263e2499c43a35db45350fd479a14dcb1c95268258871322,gap_arms.rita-xl.20260925.d
