arm,endpoint,split_seed,estimate,ci_low,ci_high,n_units,n_domains,n_variants,unit,source_path,source_sha256,source_pointer
bygpt5-base-en,primary_likelihood,20260923,-2.6347859822039295e-06,-3.7890902847604544e-05,3.104918946014241e-05,96,428,109568,squared normalised fitness,results/R1/external_confirmation_20260924/fits/fit_bygpt5-base-en.json,ab6fae0b6bd2a81a29bbf58db85ff9a4fb2bff4d332c2de4363f163d8a069b08,per_seed.20260923.primary_likelihood
bygpt5-base-en,primary_likelihood_spearman,20260923,-2.4781079383443157e-05,-0.0003132339746651085,0.00026145941377645203,96,428,109568,dimensionless Spearman,results/R1/external_confirmation_20260924/fits/fit_bygpt5-base-en.json,ab6fae0b6bd2a81a29bbf58db85ff9a4fb2bff4d332c2de4363f163d8a069b08,per_seed.20260923.primary_likelihood_spearman
bygpt5-base-en,primary_likelihood,20260924,1.1217603479404756e-07,-2.595139915509551e-05,2.6588400464611583e-05,96,428,109568,squared normalised fitness,results/R1/external_confirmation_20260924/fits/fit_bygpt5-base-en.json,ab6fae0b6bd2a81a29bbf58db85ff9a4fb2bff4d332c2de4363f163d8a069b08,per_seed.20260924.primary_likelihood
bygpt5-base-en,primary_likelihood_spearman,20260924,0.00012202024552313766,-0.00012929868763685533,0.0003770797101396729,96,428,109568,dimensionless Spearman,results/R1/external_confirmation_20260924/fits/fit_bygpt5-base-en.json,ab6fae0b6bd2a81a29bbf58db85ff9a4fb2bff4d332c2de4363f163d8a069b08,per_seed.20260924.primary_likelihood_spearman
bygpt5-base-en,primary_likelihood,20260925,-3.1645959476513356e-05,-6.401739591857029e-05,-3.012628477087258e-06,96,428,109568,squared normalised fitness,results/R1/external_confirmation_20260924/fits/fit_bygpt5-base-en.json,ab6fae0b6bd2a81a29bbf58db85ff9a4fb2bff4d332c2de4363f163d8a069b08,per_seed.20260925.primary_likelihood
bygpt5-base-en,primary_likelihood_spearman,20260925,3.693937618387002e-05,-0.00020529320736278021,0.0002800467175487063,96,428,109568,dimensionless Spearman,results/R1/external_confirmation_20260924/fits/fit_bygpt5-base-en.json,ab6fae0b6bd2a81a29bbf58db85ff9a4fb2bff4d332c2de4363f163d8a069b08,per_seed.20260925.primary_likelihood_spearman
bygpt5-medium-en,primary_likelihood,20260923,-4.9892108149881e-05,-0.00011423456739961874,-8.914479280064217e-06,96,428,109568,squared normalised fitness,results/R1/external_confirmation_20260924/fits/fit_bygpt5-medium-en.json,4b7b7f46562d8c7ef47bfc24d011e29ecb58f63e26ef8a97447881a484d1d700,per_seed.20260923.primary_likelihood
bygpt5-medium-en,primary_likelihood_spearman,20260923,-0.0002377814221159129,-0.00048028532542627425,-5.139666073735836e-06,96,428,109568,dimensionless Spearman,results/R1/external_confirmation_20260924/fits/fit_bygpt5-medium-en.json,4b7b7f46562d8c7ef47bfc24d011e29ecb58f63e26ef8a97447881a484d1d700,per_seed.20260923.primary_likelihood_spearman
bygpt5-medium-en,primary_likelihood,20260924,-2.923928544821005e-05,-6.077250292199529e-05,-3.499545804896537e-06,96,428,109568,squared normalised fitness,results/R1/external_confirmation_20260924/fits/fit_bygpt5-medium-en.json,4b7b7f46562d8c7ef47bfc24d011e29ecb58f63e26ef8a97447881a484d1d700,per_seed.20260924.primary_likelihood
bygpt5-medium-en,primary_likelihood_spearman,20260924,-0.00020033780108004548,-0.0003931766786342163,-1.926572480361306e-05,96,428,109568,dimensionless Spearman,results/R1/external_confirmation_20260924/fits/fit_bygpt5-medium-en.json,4b7b7f46562d8c7ef47bfc24d011e29ecb58f63e26ef8a97447881a484d1d700,per_seed.20260924.primary_likelihood_spearman
bygpt5-medium-en,primary_likelihood,20260925,-2.349977596471222e-05,-5.910882373193063e-05,1.8342189152718945e-06,96,428,109568,squared normalised fitness,results/R1/external_confirmation_20260924/fits/fit_bygpt5-medium-en.json,4b7b7f46562d8c7ef47bfc24d011e29ecb58f63e26ef8a97447881a484d1d700,per_seed.20260925.primary_likelihood
bygpt5-medium-en,primary_likelihood_spearman,20260925,-0.00015460699846060058,-0.0003136495501641958,-6.955784435247282e-07,96,428,109568,dimensionless Spearman,results/R1/external_confirmation_20260924/fits/fit_bygpt5-medium-en.json,4b7b7f46562d8c7ef47bfc24d011e29ecb58f63e26ef8a97447881a484d1d700,per_seed.20260925.primary_likelihood_spearman
bygpt5-small-en,primary_likelihood,20260923,-1.240019797030054e-06,-8.5153901717783e-06,6.810224744572082e-06,96,428,109568,squared normalised fitness,results/R1/external_confirmation_20260924/fits/fit_bygpt5-small-en.json,1363cfe92b0d366d7da7969835bb61409a953d50812e64d0df230cc3f6ff0ab0,per_seed.20260923.primary_likelihood
bygpt5-small-en,primary_likelihood_spearman,20260923,-2.0755672660532505e-07,-7.311012219123555e-05,7.501676189993941e-05,96,428,109568,dimensionless Spearman,results/R1/external_confirmation_20260924/fits/fit_bygpt5-small-en.json,1363cfe92b0d366d7da7969835bb61409a953d50812e64d0df230cc3f6ff0ab0,per_seed.20260923.primary_likelihood_spearman
bygpt5-small-en,primary_likelihood,20260924,-1.07722443325397e-05,-2.425297433997981e-05,2.343116292685031e-06,96,428,109568,squared normalised fitness,results/R1/external_confirmation_20260924/fits/fit_bygpt5-small-en.json,1363cfe92b0d366d7da7969835bb61409a953d50812e64d0df230cc3f6ff0ab0,per_seed.20260924.primary_likelihood
bygpt5-small-en,primary_likelihood_spearman,20260924,-0.0001569161847398156,-0.0003041732619744121,-1.7643659931047384e-05,96,428,109568,dimensionless Spearman,results/R1/external_confirmation_20260924/fits/fit_bygpt5-small-en.json,1363cfe92b0d366d7da7969835bb61409a953d50812e64d0df230cc3f6ff0ab0,per_seed.20260924.primary_likelihood_spearman
bygpt5-small-en,primary_likelihood,20260925,-1.6818862795550107e-05,-3.2332282378984394e-05,-2.955254742865589e-06,96,428,109568,squared normalised fitness,results/R1/external_confirmation_20260924/fits/fit_bygpt5-small-en.json,1363cfe92b0d366d7da7969835bb61409a953d50812e64d0df230cc3f6ff0ab0,per_seed.20260925.primary_likelihood
bygpt5-small-en,primary_likelihood_spearman,20260925,-0.00011816460588953742,-0.0002698321558903023,2.5997350178127755e-05,96,428,109568,dimensionless Spearman,results/R1/external_confirmation_20260924/fits/fit_bygpt5-small-en.json,1363cfe92b0d366d7da7969835bb61409a953d50812e64d0df230cc3f6ff0ab0,per_seed.20260925.primary_likelihood_spearman
dialogpt-small,primary_likelihood,20260923,-1.629362055996689e-05,-4.7060557201092314e-05,1.3305497092398172e-05,96,428,109568,squared normalised fitness,results/R1/external_confirmation_20260924/fits/fit_dialogpt-small.json,a1d720db9345d72ae278e2bc679b3ad94674afe4ab1e18b3b0eaa957673fe421,per_seed.20260923.primary_likelihood
dialogpt-small,primary_likelihood_spearman,20260923,-0.0001521449698766149,-0.00037958321789093404,4.955595415968068e-05,96,428,109568,dimensionless Spearman,results/R1/external_confirmation_20260924/fits/fit_dialogpt-small.json,a1d720db9345d72ae278e2bc679b3ad94674afe4ab1e18b3b0eaa957673fe421,per_seed.20260923.primary_likelihood_spearman
dialogpt-small,primary_likelihood,20260924,-1.0491947647004618e-06,-1.7082404176636404e-05,1.5097086043163234e-05,96,428,109568,squared normalised fitness,results/R1/external_confirmation_20260924/fits/fit_dialogpt-small.json,a1d720db9345d72ae278e2bc679b3ad94674afe4ab1e18b3b0eaa957673fe421,per_seed.20260924.primary_likelihood
dialogpt-small,primary_likelihood_spearman,20260924,2.8273589200015592e-05,-9.990588912058141e-05,0.0001660248258536738,96,428,109568,dimensionless Spearman,results/R1/external_confirmation_20260924/fits/fit_dialogpt-small.json,a1d720db9345d72ae278e2bc679b3ad94674afe4ab1e18b3b0eaa957673fe421,per_seed.20260924.primary_likelihood_spearman
dialogpt-small,primary_likelihood,20260925,-3.463339710226953e-05,-6.627838813014255e-05,-8.17359329741266e-06,96,428,109568,squared normalised fitness,results/R1/external_confirmation_20260924/fits/fit_dialogpt-small.json,a1d720db9345d72ae278e2bc679b3ad94674afe4ab1e18b3b0eaa957673fe421,per_seed.20260925.primary_likelihood
dialogpt-small,primary_likelihood_spearman,20260925,-6.141332193312927e-05,-0.0002823804091442262,0.00013643994907202559,96,428,109568,dimensionless Spearman,results/R1/external_confirmation_20260924/fits/fit_dialogpt-small.json,a1d720db9345d72ae278e2bc679b3ad94674afe4ab1e18b3b0eaa957673fe421,per_seed.20260925.primary_likelihood_spearman
galactica-1.3b,primary_likelihood,20260923,-7.431402755207746e-06,-0.00011541214492353239,5.678507206630305e-05,96,428,109568,squared normalised fitness,results/R1/external_confirmation_20260924/fits/fit_galactica-1.3b.json,198acee4fb41e0a87184f46576caf1dadf53b06bb850b4a2caf1da9df8a6c47a,per_seed.20260923.primary_likelihood
galactica-1.3b,primary_likelihood_spearman,20260923,-1.7730145394860015e-05,-0.00012084920294159747,7.41012189599e-05,96,428,109568,dimensionless Spearman,results/R1/external_confirmation_20260924/fits/fit_galactica-1.3b.json,198acee4fb41e0a87184f46576caf1dadf53b06bb850b4a2caf1da9df8a6c47a,per_seed.20260923.primary_likelihood_spearman
galactica-1.3b,primary_likelihood,20260924,-5.8595469165209114e-05,-0.0002162013523653619,4.922698508288104e-05,96,428,109568,squared normalised fitness,results/R1/external_confirmation_20260924/fits/fit_galactica-1.3b.json,198acee4fb41e0a87184f46576caf1dadf53b06bb850b4a2caf1da9df8a6c47a,per_seed.20260924.primary_likelihood
galactica-1.3b,primary_likelihood_spearman,20260924,3.2035588636111995e-05,-0.00014181966131496934,0.00020652136949251214,96,428,109568,dimensionless Spearman,results/R1/external_confirmation_20260924/fits/fit_galactica-1.3b.json,198acee4fb41e0a87184f46576caf1dadf53b06bb850b4a2caf1da9df8a6c47a,per_seed.20260924.primary_likelihood_spearman
galactica-1.3b,primary_likelihood,20260925,-5.5977331744603166e-05,-0.00011650228530189065,-3.2602700890662475e-06,96,428,109568,squared normalised fitness,results/R1/external_confirmation_20260924/fits/fit_galactica-1.3b.json,198acee4fb41e0a87184f46576caf1dadf53b06bb850b4a2caf1da9df8a6c47a,per_seed.20260925.primary_likelihood
galactica-1.3b,primary_likelihood_spearman,20260925,1.836270197409791e-05,-0.00013108683497750162,0.00016529598521131843,96,428,109568,dimensionless Spearman,results/R1/external_confirmation_20260924/fits/fit_galactica-1.3b.json,198acee4fb41e0a87184f46576caf1dadf53b06bb850b4a2caf1da9df8a6c47a,per_seed.20260925.primary_likelihood_spearman
galactica-125m,primary_likelihood,20260923,5.650033732704714e-05,-2.2823252646361773e-05,0.00014290886238944975,96,428,109568,squared normalised fitness,results/R1/external_confirmation_20260924/fits/fit_galactica-125m.json,2275c2667227c9c436aad8c4fab6e588ecfd86c5e3a852bf70b5bb199306bcfb,per_seed.20260923.primary_likelihood
galactica-125m,primary_likelihood_spearman,20260923,0.00031412344111136524,-0.00019826195573060843,0.0008715635913559523,96,428,109568,dimensionless Spearman,results/R1/external_confirmation_20260924/fits/fit_galactica-125m.json,2275c2667227c9c436aad8c4fab6e588ecfd86c5e3a852bf70b5bb199306bcfb,per_seed.20260923.primary_likelihood_spearman
galactica-125m,primary_likelihood,20260924,2.707682556817431e-05,-5.143808470674986e-05,0.00010762437891112715,96,428,109568,squared normalised fitness,results/R1/external_confirmation_20260924/fits/fit_galactica-125m.json,2275c2667227c9c436aad8c4fab6e588ecfd86c5e3a852bf70b5bb199306bcfb,per_seed.20260924.primary_likelihood
galactica-125m,primary_likelihood_spearman,20260924,6.218277172564833e-05,-0.0005268894277676505,0.000648779264847528,96,428,109568,dimensionless Spearman,results/R1/external_confirmation_20260924/fits/fit_galactica-125m.json,2275c2667227c9c436aad8c4fab6e588ecfd86c5e3a852bf70b5bb199306bcfb,per_seed.20260924.primary_likelihood_spearman
galactica-125m,primary_likelihood,20260925,9.700450155939363e-06,-7.198850541523411e-05,9.759480842370305e-05,96,428,109568,squared normalised fitness,results/R1/external_confirmation_20260924/fits/fit_galactica-125m.json,2275c2667227c9c436aad8c4fab6e588ecfd86c5e3a852bf70b5bb199306bcfb,per_seed.20260925.primary_likelihood
galactica-125m,primary_likelihood_spearman,20260925,0.00022086322620619558,-0.00037103652027122545,0.0007970142637458786,96,428,109568,dimensionless Spearman,results/R1/external_confirmation_20260924/fits/fit_galactica-125m.json,2275c2667227c9c436aad8c4fab6e588ecfd86c5e3a852bf70b5bb199306bcfb,per_seed.20260925.primary_likelihood_spearman
galactica-30b,primary_likelihood,20260923,9.154981260011778e-05,-7.426411013997186e-05,0.0002623154612363346,96,428,109568,squared normalised fitness,results/R1/external_confirmation_20260924/fits/fit_galactica-30b.json,c3e91916cdaf4f09612bc94f4195d084e585039b3c4c49804b470b6deafb3982,per_seed.20260923.primary_likelihood
galactica-30b,primary_likelihood_spearman,20260923,0.00011681655016578755,-0.00032216719091538034,0.0005042873081032507,96,428,109568,dimensionless Spearman,results/R1/external_confirmation_20260924/fits/fit_galactica-30b.json,c3e91916cdaf4f09612bc94f4195d084e585039b3c4c49804b470b6deafb3982,per_seed.20260923.primary_likelihood_spearman
galactica-30b,primary_likelihood,20260924,0.00016035239298962345,-5.674174930748319e-05,0.0004097075910882514,96,428,109568,squared normalised fitness,results/R1/external_confirmation_20260924/fits/fit_galactica-30b.json,c3e91916cdaf4f09612bc94f4195d084e585039b3c4c49804b470b6deafb3982,per_seed.20260924.primary_likelihood
galactica-30b,primary_likelihood_spearman,20260924,0.00012030022098197034,-0.00033425135618572944,0.0005649697218906059,96,428,109568,dimensionless Spearman,results/R1/external_confirmation_20260924/fits/fit_galactica-30b.json,c3e91916cdaf4f09612bc94f4195d084e585039b3c4c49804b470b6deafb3982,per_seed.20260924.primary_likelihood_spearman
galactica-30b,primary_likelihood,20260925,5.047552258856232e-05,-9.984126505316035e-05,0.00020949004595974456,96,428,109568,squared normalised fitness,results/R1/external_confirmation_20260924/fits/fit_galactica-30b.json,c3e91916cdaf4f09612bc94f4195d084e585039b3c4c49804b470b6deafb3982,per_seed.20260925.primary_likelihood
galactica-30b,primary_likelihood_spearman,20260925,0.00020513745895955342,-0.00020104687614476877,0.0005804513487725841,96,428,109568,dimensionless Spearman,results/R1/external_confirmation_20260924/fits/fit_galactica-30b.json,c3e91916cdaf4f09612bc94f4195d084e585039b3c4c49804b470b6deafb3982,per_seed.20260925.primary_likelihood_spearman
galactica-6.7b,primary_likelihood,20260923,4.58947555838873e-05,-6.918945273813304e-05,0.00014279437474672274,96,428,109568,squared normalised fitness,results/R1/external_confirmation_20260924/fits/fit_galactica-6.7b.json,296042c1de9991174e5626ba8858c69ca3e2e76c2c7ceb5bb04a1110a7c4a2d7,per_seed.20260923.primary_likelihood
galactica-6.7b,primary_likelihood_spearman,20260923,0.00017543568014628634,-2.270172893788882e-05,0.0003641999061047624,96,428,109568,dimensionless Spearman,results/R1/external_confirmation_20260924/fits/fit_galactica-6.7b.json,296042c1de9991174e5626ba8858c69ca3e2e76c2c7ceb5bb04a1110a7c4a2d7,per_seed.20260923.primary_likelihood_spearman
galactica-6.7b,primary_likelihood,20260924,8.827552363998192e-05,-0.00018576448426398811,0.0003924493927158581,96,428,109568,squared normalised fitness,results/R1/external_confirmation_20260924/fits/fit_galactica-6.7b.json,296042c1de9991174e5626ba8858c69ca3e2e76c2c7ceb5bb04a1110a7c4a2d7,per_seed.20260924.primary_likelihood
galactica-6.7b,primary_likelihood_spearman,20260924,0.00033143199064077246,-3.86939447861552e-05,0.0007187609336844957,96,428,109568,dimensionless Spearman,results/R1/external_confirmation_20260924/fits/fit_galactica-6.7b.json,296042c1de9991174e5626ba8858c69ca3e2e76c2c7ceb5bb04a1110a7c4a2d7,per_seed.20260924.primary_likelihood_spearman
galactica-6.7b,primary_likelihood,20260925,-4.7991354742420526e-05,-0.00018735270591467007,7.978272033454543e-05,96,428,109568,squared normalised fitness,results/R1/external_confirmation_20260924/fits/fit_galactica-6.7b.json,296042c1de9991174e5626ba8858c69ca3e2e76c2c7ceb5bb04a1110a7c4a2d7,per_seed.20260925.primary_likelihood
galactica-6.7b,primary_likelihood_spearman,20260925,0.0003100015139216266,5.674554347396693e-05,0.0005651366660083116,96,428,109568,dimensionless Spearman,results/R1/external_confirmation_20260924/fits/fit_galactica-6.7b.json,296042c1de9991174e5626ba8858c69ca3e2e76c2c7ceb5bb04a1110a7c4a2d7,per_seed.20260925.primary_likelihood_spearman
gpt2-large,primary_likelihood,20260923,-9.108822101026726e-06,-1.9964470723919507e-05,9.123799848445599e-07,96,428,109568,squared normalised fitness,results/R1/external_confirmation_20260924/fits/fit_gpt2-large.json,16b6ae3db2fb201ad70f1240898d7699b45e82551e529fa0030e3c05095ab6e5,per_seed.20260923.primary_likelihood
gpt2-large,primary_likelihood_spearman,20260923,-5.766318360640551e-05,-0.0001728098763356357,5.104867787752252e-05,96,428,109568,dimensionless Spearman,results/R1/external_confirmation_20260924/fits/fit_gpt2-large.json,16b6ae3db2fb201ad70f1240898d7699b45e82551e529fa0030e3c05095ab6e5,per_seed.20260923.primary_likelihood_spearman
gpt2-large,primary_likelihood,20260924,-4.058800607873543e-06,-1.3833996016719211e-05,5.101457765416053e-06,96,428,109568,squared normalised fitness,results/R1/external_confirmation_20260924/fits/fit_gpt2-large.json,16b6ae3db2fb201ad70f1240898d7699b45e82551e529fa0030e3c05095ab6e5,per_seed.20260924.primary_likelihood
gpt2-large,primary_likelihood_spearman,20260924,-1.9590763668092695e-05,-0.00011144861863830753,6.88017267992397e-05,96,428,109568,dimensionless Spearman,results/R1/external_confirmation_20260924/fits/fit_gpt2-large.json,16b6ae3db2fb201ad70f1240898d7699b45e82551e529fa0030e3c05095ab6e5,per_seed.20260924.primary_likelihood_spearman
gpt2-large,primary_likelihood,20260925,-7.357456971739176e-06,-1.8534701692729264e-05,9.634594525726828e-07,96,428,109568,squared normalised fitness,results/R1/external_confirmation_20260924/fits/fit_gpt2-large.json,16b6ae3db2fb201ad70f1240898d7699b45e82551e529fa0030e3c05095ab6e5,per_seed.20260925.primary_likelihood
gpt2-large,primary_likelihood_spearman,20260925,-2.506308152205843e-05,-9.591415006632803e-05,4.49447599512961e-05,96,428,109568,dimensionless Spearman,results/R1/external_confirmation_20260924/fits/fit_gpt2-large.json,16b6ae3db2fb201ad70f1240898d7699b45e82551e529fa0030e3c05095ab6e5,per_seed.20260925.primary_likelihood_spearman
gpt2-medium,primary_likelihood,20260923,-1.6498413617711252e-05,-9.361489362978364e-05,5.170101713167175e-05,96,428,109568,squared normalised fitness,results/R1/external_confirmation_20260924/fits/fit_gpt2-medium.json,85e0c171ae2d19bfd6a5e8640e569d079a045ce7c23f9aa9f290121d05952d7f,per_seed.20260923.primary_likelihood
gpt2-medium,primary_likelihood_spearman,20260923,-0.00013955270749185355,-0.0005596547645969352,0.0003011062956797215,96,428,109568,dimensionless Spearman,results/R1/external_confirmation_20260924/fits/fit_gpt2-medium.json,85e0c171ae2d19bfd6a5e8640e569d079a045ce7c23f9aa9f290121d05952d7f,per_seed.20260923.primary_likelihood_spearman
gpt2-medium,primary_likelihood,20260924,9.451042905732517e-06,-5.525468058620668e-05,6.849061290012078e-05,96,428,109568,squared normalised fitness,results/R1/external_confirmation_20260924/fits/fit_gpt2-medium.json,85e0c171ae2d19bfd6a5e8640e569d079a045ce7c23f9aa9f290121d05952d7f,per_seed.20260924.primary_likelihood
gpt2-medium,primary_likelihood_spearman,20260924,-0.00017670811172490082,-0.0006296026654576202,0.0002712667080497565,96,428,109568,dimensionless Spearman,results/R1/external_confirmation_20260924/fits/fit_gpt2-medium.json,85e0c171ae2d19bfd6a5e8640e569d079a045ce7c23f9aa9f290121d05952d7f,per_seed.20260924.primary_likelihood_spearman
gpt2-medium,primary_likelihood,20260925,1.0880642208105059e-05,-5.2621577280800334e-05,6.624672447860195e-05,96,428,109568,squared normalised fitness,results/R1/external_confirmation_20260924/fits/fit_gpt2-medium.json,85e0c171ae2d19bfd6a5e8640e569d079a045ce7c23f9aa9f290121d05952d7f,per_seed.20260925.primary_likelihood
gpt2-medium,primary_likelihood_spearman,20260925,-5.878422438038662e-05,-0.0004704433796545347,0.0003377454934249535,96,428,109568,dimensionless Spearman,results/R1/external_confirmation_20260924/fits/fit_gpt2-medium.json,85e0c171ae2d19bfd6a5e8640e569d079a045ce7c23f9aa9f290121d05952d7f,per_seed.20260925.primary_likelihood_spearman
gpt2-xl,primary_likelihood,20260923,-7.092400745784784e-06,-1.850134734222162e-05,3.591662531595986e-06,96,428,109568,squared normalised fitness,results/R1/external_confirmation_20260924/fits/fit_gpt2-xl.json,fd2190e8f6e67aca9ab510d81e03abec85d9b549c23b30c18224fd288e490b2b,per_seed.20260923.primary_likelihood
gpt2-xl,primary_likelihood_spearman,20260923,-6.647062996111767e-05,-0.00017102798117139739,3.5817697491032006e-05,96,428,109568,dimensionless Spearman,results/R1/external_confirmation_20260924/fits/fit_gpt2-xl.json,fd2190e8f6e67aca9ab510d81e03abec85d9b549c23b30c18224fd288e490b2b,per_seed.20260923.primary_likelihood_spearman
gpt2-xl,primary_likelihood,20260924,-8.523912100626372e-06,-2.9349127850989683e-05,1.2117518294209354e-05,96,428,109568,squared normalised fitness,results/R1/external_confirmation_20260924/fits/fit_gpt2-xl.json,fd2190e8f6e67aca9ab510d81e03abec85d9b549c23b30c18224fd288e490b2b,per_seed.20260924.primary_likelihood
gpt2-xl,primary_likelihood_spearman,20260924,-0.00013183342207297288,-0.00028687580023667604,2.9933753759893287e-05,96,428,109568,dimensionless Spearman,results/R1/external_confirmation_20260924/fits/fit_gpt2-xl.json,fd2190e8f6e67aca9ab510d81e03abec85d9b549c23b30c18224fd288e490b2b,per_seed.20260924.primary_likelihood_spearman
gpt2-xl,primary_likelihood,20260925,-6.7279023374001035e-06,-2.1153894586136657e-05,9.01181049150995e-06,96,428,109568,squared normalised fitness,results/R1/external_confirmation_20260924/fits/fit_gpt2-xl.json,fd2190e8f6e67aca9ab510d81e03abec85d9b549c23b30c18224fd288e490b2b,per_seed.20260925.primary_likelihood
gpt2-xl,primary_likelihood_spearman,20260925,-6.790508802563442e-05,-0.00022042942974757803,8.173257035629427e-05,96,428,109568,dimensionless Spearman,results/R1/external_confirmation_20260924/fits/fit_gpt2-xl.json,fd2190e8f6e67aca9ab510d81e03abec85d9b549c23b30c18224fd288e490b2b,per_seed.20260925.primary_likelihood_spearman
gpt2,primary_likelihood,20260923,2.0039660966920717e-06,-3.130976896212581e-05,3.543321467688364e-05,96,428,109568,squared normalised fitness,results/R1/external_confirmation_20260924/fits/fit_gpt2.json,e421adf45f3a807d918f24964c8aed8b63dc51986b4859ef0366effb2391bd85,per_seed.20260923.primary_likelihood
gpt2,primary_likelihood_spearman,20260923,-1.5756819668043959e-06,-0.0002938504786297943,0.00029698452829937547,96,428,109568,dimensionless Spearman,results/R1/external_confirmation_20260924/fits/fit_gpt2.json,e421adf45f3a807d918f24964c8aed8b63dc51986b4859ef0366effb2391bd85,per_seed.20260923.primary_likelihood_spearman
gpt2,primary_likelihood,20260924,-9.934837815879534e-06,-4.512766008317319e-05,2.3146377490233196e-05,96,428,109568,squared normalised fitness,results/R1/external_confirmation_20260924/fits/fit_gpt2.json,e421adf45f3a807d918f24964c8aed8b63dc51986b4859ef0366effb2391bd85,per_seed.20260924.primary_likelihood
gpt2,primary_likelihood_spearman,20260924,-0.00010825860429162217,-0.00037092353475637503,0.00014548961544025537,96,428,109568,dimensionless Spearman,results/R1/external_confirmation_20260924/fits/fit_gpt2.json,e421adf45f3a807d918f24964c8aed8b63dc51986b4859ef0366effb2391bd85,per_seed.20260924.primary_likelihood_spearman
gpt2,primary_likelihood,20260925,-6.3506042483131514e-06,-4.080199169742896e-05,2.8077743598314938e-05,96,428,109568,squared normalised fitness,results/R1/external_confirmation_20260924/fits/fit_gpt2.json,e421adf45f3a807d918f24964c8aed8b63dc51986b4859ef0366effb2391bd85,per_seed.20260925.primary_likelihood
gpt2,primary_likelihood_spearman,20260925,-5.0013843557122893e-05,-0.0003505303658328821,0.0002737553395671655,96,428,109568,dimensionless Spearman,results/R1/external_confirmation_20260924/fits/fit_gpt2.json,e421adf45f3a807d918f24964c8aed8b63dc51986b4859ef0366effb2391bd85,per_seed.20260925.primary_likelihood_spearman
instructprotein,primary_likelihood,20260923,-5.18041138962541e-05,-0.0002957005040122589,0.00018219443137231802,96,428,109568,squared normalised fitness,results/R1/external_confirmation_20260924/fits/fit_instructprotein.json,40663271b165e24aea63b650388654872d21e2a7d3052a3c016f6698299e1cf7,per_seed.20260923.primary_likelihood
instructprotein,primary_likelihood_spearman,20260923,0.0009525193931195717,0.0002469689096224853,0.0016994402119106967,96,428,109568,dimensionless Spearman,results/R1/external_confirmation_20260924/fits/fit_instructprotein.json,40663271b165e24aea63b650388654872d21e2a7d3052a3c016f6698299e1cf7,per_seed.20260923.primary_likelihood_spearman
instructprotein,primary_likelihood,20260924,2.7044383833356026e-05,-0.0002560280705354571,0.0003141261392132711,96,428,109568,squared normalised fitness,results/R1/external_confirmation_20260924/fits/fit_instructprotein.json,40663271b165e24aea63b650388654872d21e2a7d3052a3c016f6698299e1cf7,per_seed.20260924.primary_likelihood
instructprotein,primary_likelihood_spearman,20260924,0.0013365211169588719,0.0005740796285685204,0.002180499946637244,96,428,109568,dimensionless Spearman,results/R1/external_confirmation_20260924/fits/fit_instructprotein.json,40663271b165e24aea63b650388654872d21e2a7d3052a3c016f6698299e1cf7,per_seed.20260924.primary_likelihood_spearman
instructprotein,primary_likelihood,20260925,-1.8654754757934067e-05,-0.00029082647906918883,0.0002462576287320605,96,428,109568,squared normalised fitness,results/R1/external_confirmation_20260924/fits/fit_instructprotein.json,40663271b165e24aea63b650388654872d21e2a7d3052a3c016f6698299e1cf7,per_seed.20260925.primary_likelihood
instructprotein,primary_likelihood_spearman,20260925,0.0012707951571996753,0.000524957757813452,0.0020510127191508236,96,428,109568,dimensionless Spearman,results/R1/external_confirmation_20260924/fits/fit_instructprotein.json,40663271b165e24aea63b650388654872d21e2a7d3052a3c016f6698299e1cf7,per_seed.20260925.primary_likelihood_spearman
llama-2-7b,primary_likelihood,20260923,-5.8952544553433446e-06,-1.829747340750756e-05,2.4793267532377783e-06,96,428,109568,squared normalised fitness,results/R1/external_confirmation_20260924/fits/fit_llama-2-7b.json,93690f6214e87655e486707aceb78433261be5376c4ad0276c02240152964c78,per_seed.20260923.primary_likelihood
llama-2-7b,primary_likelihood_spearman,20260923,7.664176587619996e-06,-5.635980195542832e-05,6.90747926274059e-05,96,428,109568,dimensionless Spearman,results/R1/external_confirmation_20260924/fits/fit_llama-2-7b.json,93690f6214e87655e486707aceb78433261be5376c4ad0276c02240152964c78,per_seed.20260923.primary_likelihood_spearman
llama-2-7b,primary_likelihood,20260924,-9.985434237432441e-06,-2.4709888039425114e-05,1.1502909152656473e-06,96,428,109568,squared normalised fitness,results/R1/external_confirmation_20260924/fits/fit_llama-2-7b.json,93690f6214e87655e486707aceb78433261be5376c4ad0276c02240152964c78,per_seed.20260924.primary_likelihood
llama-2-7b,primary_likelihood_spearman,20260924,2.5629449822157707e-05,-7.314532618886739e-05,0.00012040209911445702,96,428,109568,dimensionless Spearman,results/R1/external_confirmation_20260924/fits/fit_llama-2-7b.json,93690f6214e87655e486707aceb78433261be5376c4ad0276c02240152964c78,per_seed.20260924.primary_likelihood_spearman
llama-2-7b,primary_likelihood,20260925,-1.846728188848957e-05,-3.298786309149052e-05,-6.531380806991441e-06,96,428,109568,squared normalised fitness,results/R1/external_confirmation_20260924/fits/fit_llama-2-7b.json,93690f6214e87655e486707aceb78433261be5376c4ad0276c02240152964c78,per_seed.20260925.primary_likelihood
llama-2-7b,primary_likelihood_spearman,20260925,-0.00015333645470611067,-0.00030072787310389065,-1.5745292366179754e-05,96,428,109568,dimensionless Spearman,results/R1/external_confirmation_20260924/fits/fit_llama-2-7b.json,93690f6214e87655e486707aceb78433261be5376c4ad0276c02240152964c78,per_seed.20260925.primary_likelihood_spearman
llama-3.2-3b,primary_likelihood,20260923,-1.2500756417106249e-05,-2.9091472727381592e-05,2.654945808618441e-06,96,428,109568,squared normalised fitness,results/R1/external_confirmation_20260924/fits/fit_llama-3.2-3b.json,8d6f7b2a91fc01a539abc727abaeb53565a5911c746bb4740c0a7f2ffaa630ca,per_seed.20260923.primary_likelihood
llama-3.2-3b,primary_likelihood_spearman,20260923,-2.884900445243595e-05,-0.00015542347965535509,9.290564903982195e-05,96,428,109568,dimensionless Spearman,results/R1/external_confirmation_20260924/fits/fit_llama-3.2-3b.json,8d6f7b2a91fc01a539abc727abaeb53565a5911c746bb4740c0a7f2ffaa630ca,per_seed.20260923.primary_likelihood_spearman
llama-3.2-3b,primary_likelihood,20260924,-2.078676585739869e-05,-3.93638675534002e-05,-4.321170090385548e-06,96,428,109568,squared normalised fitness,results/R1/external_confirmation_20260924/fits/fit_llama-3.2-3b.json,8d6f7b2a91fc01a539abc727abaeb53565a5911c746bb4740c0a7f2ffaa630ca,per_seed.20260924.primary_likelihood
llama-3.2-3b,primary_likelihood_spearman,20260924,-6.698209057870586e-05,-0.0002094352094801535,7.475982234386914e-05,96,428,109568,dimensionless Spearman,results/R1/external_confirmation_20260924/fits/fit_llama-3.2-3b.json,8d6f7b2a91fc01a539abc727abaeb53565a5911c746bb4740c0a7f2ffaa630ca,per_seed.20260924.primary_likelihood_spearman
llama-3.2-3b,primary_likelihood,20260925,-2.211178298906877e-05,-4.205108581535347e-05,-3.487541241123576e-06,96,428,109568,squared normalised fitness,results/R1/external_confirmation_20260924/fits/fit_llama-3.2-3b.json,8d6f7b2a91fc01a539abc727abaeb53565a5911c746bb4740c0a7f2ffaa630ca,per_seed.20260925.primary_likelihood
llama-3.2-3b,primary_likelihood_spearman,20260925,-0.00011978040019308349,-0.00025774937123696526,2.2770709283032536e-05,96,428,109568,dimensionless Spearman,results/R1/external_confirmation_20260924/fits/fit_llama-3.2-3b.json,8d6f7b2a91fc01a539abc727abaeb53565a5911c746bb4740c0a7f2ffaa630ca,per_seed.20260925.primary_likelihood_spearman
progen2-base,primary_likelihood,20260923,0.0005757844605212032,-0.00010993342335720074,0.0012310530337450245,96,428,109568,squared normalised fitness,results/R1/external_confirmation_20260924/fits/fit_progen2-base.json,5018aff2ba949136a5079826ed212ddfe6928fa7c4f07b2de685797ff697cb76,per_seed.20260923.primary_likelihood
progen2-base,primary_likelihood_spearman,20260923,0.005319952682582154,0.0031448840225161657,0.007457566287073319,96,428,109568,dimensionless Spearman,results/R1/external_confirmation_20260924/fits/fit_progen2-base.json,5018aff2ba949136a5079826ed212ddfe6928fa7c4f07b2de685797ff697cb76,per_seed.20260923.primary_likelihood_spearman
progen2-base,primary_likelihood,20260924,0.0005766652258942841,1.8115056899920622e-05,0.0011083701260891352,96,428,109568,squared normalised fitness,results/R1/external_confirmation_20260924/fits/fit_progen2-base.json,5018aff2ba949136a5079826ed212ddfe6928fa7c4f07b2de685797ff697cb76,per_seed.20260924.primary_likelihood
progen2-base,primary_likelihood_spearman,20260924,0.0058480959243244575,0.0034728950652006883,0.008062175094288533,96,428,109568,dimensionless Spearman,results/R1/external_confirmation_20260924/fits/fit_progen2-base.json,5018aff2ba949136a5079826ed212ddfe6928fa7c4f07b2de685797ff697cb76,per_seed.20260924.primary_likelihood_spearman
progen2-base,primary_likelihood,20260925,0.0006884042320082747,6.68641600676742e-05,0.0013044849015316524,96,428,109568,squared normalised fitness,results/R1/external_confirmation_20260924/fits/fit_progen2-base.json,5018aff2ba949136a5079826ed212ddfe6928fa7c4f07b2de685797ff697cb76,per_seed.20260925.primary_likelihood
progen2-base,primary_likelihood_spearman,20260925,0.005131392913381497,0.0028216842920635683,0.007345178680821444,96,428,109568,dimensionless Spearman,results/R1/external_confirmation_20260924/fits/fit_progen2-base.json,5018aff2ba949136a5079826ed212ddfe6928fa7c4f07b2de685797ff697cb76,per_seed.20260925.primary_likelihood_spearman
progen2-large,primary_likelihood,20260923,0.0005482242440192705,-2.0877905240495953e-05,0.0011332306504542521,96,428,109568,squared normalised fitness,results/R1/external_confirmation_20260924/fits/fit_progen2-large.json,e07f6a689e14b2659da86d001d09eaa919b0449f4f71d6e3b377689c6556fab4,per_seed.20260923.primary_likelihood
progen2-large,primary_likelihood_spearman,20260923,0.003677501918030792,0.0017328752440983176,0.005621136381122574,96,428,109568,dimensionless Spearman,results/R1/external_confirmation_20260924/fits/fit_progen2-large.json,e07f6a689e14b2659da86d001d09eaa919b0449f4f71d6e3b377689c6556fab4,per_seed.20260923.primary_likelihood_spearman
progen2-large,primary_likelihood,20260924,0.0004987328012512898,2.925376086466561e-05,0.000989574268858921,96,428,109568,squared normalised fitness,results/R1/external_confirmation_20260924/fits/fit_progen2-large.json,e07f6a689e14b2659da86d001d09eaa919b0449f4f71d6e3b377689c6556fab4,per_seed.20260924.primary_likelihood
progen2-large,primary_likelihood_spearman,20260924,0.003951088336766029,0.0018059199874293972,0.006057431328270792,96,428,109568,dimensionless Spearman,results/R1/external_confirmation_20260924/fits/fit_progen2-large.json,e07f6a689e14b2659da86d001d09eaa919b0449f4f71d6e3b377689c6556fab4,per_seed.20260924.primary_likelihood_spearman
progen2-large,primary_likelihood,20260925,0.00047265937086539113,-8.631510307590988e-05,0.0010434134433698519,96,428,109568,squared normalised fitness,results/R1/external_confirmation_20260924/fits/fit_progen2-large.json,e07f6a689e14b2659da86d001d09eaa919b0449f4f71d6e3b377689c6556fab4,per_seed.20260925.primary_likelihood
progen2-large,primary_likelihood_spearman,20260925,0.0038584072126138422,0.0017304446944429444,0.005979886302738661,96,428,109568,dimensionless Spearman,results/R1/external_confirmation_20260924/fits/fit_progen2-large.json,e07f6a689e14b2659da86d001d09eaa919b0449f4f71d6e3b377689c6556fab4,per_seed.20260925.primary_likelihood_spearman
progen2-medium,primary_likelihood,20260923,0.0004975362664034695,-9.852590828215071e-05,0.0011187339655808573,96,428,109568,squared normalised fitness,results/R1/external_confirmation_20260924/fits/fit_progen2-medium.json,d58b5159ac108a9e4ec77fbc5696133441170e420f2c933b63199852b5dec77d,per_seed.20260923.primary_likelihood
progen2-medium,primary_likelihood_spearman,20260923,0.00521521060843215,0.002962576010558749,0.007408310542536228,96,428,109568,dimensionless Spearman,results/R1/external_confirmation_20260924/fits/fit_progen2-medium.json,d58b5159ac108a9e4ec77fbc5696133441170e420f2c933b63199852b5dec77d,per_seed.20260923.primary_likelihood_spearman
progen2-medium,primary_likelihood,20260924,0.00048747039415396055,-2.109649668739503e-05,0.0010019660741830145,96,428,109568,squared normalised fitness,results/R1/external_confirmation_20260924/fits/fit_progen2-medium.json,d58b5159ac108a9e4ec77fbc5696133441170e420f2c933b63199852b5dec77d,per_seed.20260924.primary_likelihood
progen2-medium,primary_likelihood_spearman,20260924,0.005884317586253632,0.003528402852984948,0.00821395907731821,96,428,109568,dimensionless Spearman,results/R1/external_confirmation_20260924/fits/fit_progen2-medium.json,d58b5159ac108a9e4ec77fbc5696133441170e420f2c933b63199852b5dec77d,per_seed.20260924.primary_likelihood_spearman
progen2-medium,primary_likelihood,20260925,0.0004982363217602216,-0.00010473166752644246,0.0010939547554624741,96,428,109568,squared normalised fitness,results/R1/external_confirmation_20260924/fits/fit_progen2-medium.json,d58b5159ac108a9e4ec77fbc5696133441170e420f2c933b63199852b5dec77d,per_seed.20260925.primary_likelihood
progen2-medium,primary_likelihood_spearman,20260925,0.005555040056894943,0.00314093660504071,0.007924307340431636,96,428,109568,dimensionless Spearman,results/R1/external_confirmation_20260924/fits/fit_progen2-medium.json,d58b5159ac108a9e4ec77fbc5696133441170e420f2c933b63199852b5dec77d,per_seed.20260925.primary_likelihood_spearman
progen2-small,primary_likelihood,20260923,7.067087124376149e-05,-0.0002911121277171076,0.00045442705448684524,96,428,109568,squared normalised fitness,results/R1/external_confirmation_20260924/fits/fit_progen2-small.json,400d0889b04af5f15f039c1cbd52730c79422d5f8aa9e5338f8d6236575d8872,per_seed.20260923.primary_likelihood
progen2-small,primary_likelihood_spearman,20260923,0.0019906512580056914,0.0008797952446415065,0.003174580396182668,96,428,109568,dimensionless Spearman,results/R1/external_confirmation_20260924/fits/fit_progen2-small.json,400d0889b04af5f15f039c1cbd52730c79422d5f8aa9e5338f8d6236575d8872,per_seed.20260923.primary_likelihood_spearman
progen2-small,primary_likelihood,20260924,0.00019755340747232026,-0.00011162972496271816,0.0005276337109676543,96,428,109568,squared normalised fitness,results/R1/external_confirmation_20260924/fits/fit_progen2-small.json,400d0889b04af5f15f039c1cbd52730c79422d5f8aa9e5338f8d6236575d8872,per_seed.20260924.primary_likelihood
progen2-small,primary_likelihood_spearman,20260924,0.002178927793132765,0.0008280820829772958,0.0035938350018146097,96,428,109568,dimensionless Spearman,results/R1/external_confirmation_20260924/fits/fit_progen2-small.json,400d0889b04af5f15f039c1cbd52730c79422d5f8aa9e5338f8d6236575d8872,per_seed.20260924.primary_likelihood_spearman
progen2-small,primary_likelihood,20260925,0.00011558379330855785,-0.000245609883067826,0.00050903445485264,96,428,109568,squared normalised fitness,results/R1/external_confirmation_20260924/fits/fit_progen2-small.json,400d0889b04af5f15f039c1cbd52730c79422d5f8aa9e5338f8d6236575d8872,per_seed.20260925.primary_likelihood
progen2-small,primary_likelihood_spearman,20260925,0.001954210796913918,0.0006336792810942829,0.0033446443316896965,96,428,109568,dimensionless Spearman,results/R1/external_confirmation_20260924/fits/fit_progen2-small.json,400d0889b04af5f15f039c1cbd52730c79422d5f8aa9e5338f8d6236575d8872,per_seed.20260925.primary_likelihood_spearman
progen2-xlarge,primary_likelihood,20260923,0.0016335294103677186,0.0009944325278628675,0.002232538170245213,96,428,109568,squared normalised fitness,results/R1/external_confirmation_20260924/fits/fit_progen2-xlarge.json,1f876e35c6b674d70d5609a0c0fef455b2faf7d189bf78844a6bfa34d7505743,per_seed.20260923.primary_likelihood
progen2-xlarge,primary_likelihood_spearman,20260923,0.007622818384924832,0.0044022825388714505,0.011102723645172166,96,428,109568,dimensionless Spearman,results/R1/external_confirmation_20260924/fits/fit_progen2-xlarge.json,1f876e35c6b674d70d5609a0c0fef455b2faf7d189bf78844a6bfa34d7505743,per_seed.20260923.primary_likelihood_spearman
progen2-xlarge,primary_likelihood,20260924,0.0014506457337635753,0.0008312124657979019,0.00205789976633558,96,428,109568,squared normalised fitness,results/R1/external_confirmation_20260924/fits/fit_progen2-xlarge.json,1f876e35c6b674d70d5609a0c0fef455b2faf7d189bf78844a6bfa34d7505743,per_seed.20260924.primary_likelihood
progen2-xlarge,primary_likelihood_spearman,20260924,0.007971700666774351,0.004816166561008549,0.011261619015337414,96,428,109568,dimensionless Spearman,results/R1/external_confirmation_20260924/fits/fit_progen2-xlarge.json,1f876e35c6b674d70d5609a0c0fef455b2faf7d189bf78844a6bfa34d7505743,per_seed.20260924.primary_likelihood_spearman
progen2-xlarge,primary_likelihood,20260925,0.0015382571761604485,0.0009299123235055835,0.0020917968250550516,96,428,109568,squared normalised fitness,results/R1/external_confirmation_20260924/fits/fit_progen2-xlarge.json,1f876e35c6b674d70d5609a0c0fef455b2faf7d189bf78844a6bfa34d7505743,per_seed.20260925.primary_likelihood
progen2-xlarge,primary_likelihood_spearman,20260925,0.00721387869389196,0.004084064757283477,0.010618527150035539,96,428,109568,dimensionless Spearman,results/R1/external_confirmation_20260924/fits/fit_progen2-xlarge.json,1f876e35c6b674d70d5609a0c0fef455b2faf7d189bf78844a6bfa34d7505743,per_seed.20260925.primary_likelihood_spearman
progen3-112m,primary_likelihood,20260923,0.00033001781580259794,-0.00019550199749722983,0.0007857490084654633,96,428,109568,squared normalised fitness,results/R1/external_confirmation_20260924/fits/fit_progen3-112m.json,133dc7e7d1004e0359f191b675fceb65c2d9854998e632a01f4d7c4ead4d45b6,per_seed.20260923.primary_likelihood
progen3-112m,primary_likelihood_spearman,20260923,0.0052471985972781035,0.0035808606661448866,0.006860041496987426,96,428,109568,dimensionless Spearman,results/R1/external_confirmation_20260924/fits/fit_progen3-112m.json,133dc7e7d1004e0359f191b675fceb65c2d9854998e632a01f4d7c4ead4d45b6,per_seed.20260923.primary_likelihood_spearman
progen3-112m,primary_likelihood,20260924,0.0002035150503726461,-0.00038423811052727366,0.0006966673316244794,96,428,109568,squared normalised fitness,results/R1/external_confirmation_20260924/fits/fit_progen3-112m.json,133dc7e7d1004e0359f191b675fceb65c2d9854998e632a01f4d7c4ead4d45b6,per_seed.20260924.primary_likelihood
progen3-112m,primary_likelihood_spearman,20260924,0.005586495592125752,0.003977723061530253,0.007193585887460704,96,428,109568,dimensionless Spearman,results/R1/external_confirmation_20260924/fits/fit_progen3-112m.json,133dc7e7d1004e0359f191b675fceb65c2d9854998e632a01f4d7c4ead4d45b6,per_seed.20260924.primary_likelihood_spearman
progen3-112m,primary_likelihood,20260925,0.00026249124161524664,-0.0001880031355928704,0.0006777940443710106,96,428,109568,squared normalised fitness,results/R1/external_confirmation_20260924/fits/fit_progen3-112m.json,133dc7e7d1004e0359f191b675fceb65c2d9854998e632a01f4d7c4ead4d45b6,per_seed.20260925.primary_likelihood
progen3-112m,primary_likelihood_spearman,20260925,0.005587547254674229,0.004038876403395804,0.007155150050057052,96,428,109568,dimensionless Spearman,results/R1/external_confirmation_20260924/fits/fit_progen3-112m.json,133dc7e7d1004e0359f191b675fceb65c2d9854998e632a01f4d7c4ead4d45b6,per_seed.20260925.primary_likelihood_spearman
progen3-3b,primary_likelihood,20260923,0.0004948743330222461,-3.6838248814684326e-05,0.0010202482005410513,96,428,109568,squared normalised fitness,results/R1/external_confirmation_20260924/fits/fit_progen3-3b.json,922c123e060070a21a1676fbb190bde3a70374c79cec741d346a004b74862290,per_seed.20260923.primary_likelihood
progen3-3b,primary_likelihood_spearman,20260923,0.0039578324692809115,0.0018668091670519264,0.006063141028720325,96,428,109568,dimensionless Spearman,results/R1/external_confirmation_20260924/fits/fit_progen3-3b.json,922c123e060070a21a1676fbb190bde3a70374c79cec741d346a004b74862290,per_seed.20260923.primary_likelihood_spearman
progen3-3b,primary_likelihood,20260924,0.0003758038763166063,-0.0001349594538586218,0.0008813364069139654,96,428,109568,squared normalised fitness,results/R1/external_confirmation_20260924/fits/fit_progen3-3b.json,922c123e060070a21a1676fbb190bde3a70374c79cec741d346a004b74862290,per_seed.20260924.primary_likelihood
progen3-3b,primary_likelihood_spearman,20260924,0.004352144897652937,0.002086084642865373,0.006546100648950966,96,428,109568,dimensionless Spearman,results/R1/external_confirmation_20260924/fits/fit_progen3-3b.json,922c123e060070a21a1676fbb190bde3a70374c79cec741d346a004b74862290,per_seed.20260924.primary_likelihood_spearman
progen3-3b,primary_likelihood,20260925,0.00046010909832282904,-0.00011340173721313617,0.0010394594098697618,96,428,109568,squared normalised fitness,results/R1/external_confirmation_20260924/fits/fit_progen3-3b.json,922c123e060070a21a1676fbb190bde3a70374c79cec741d346a004b74862290,per_seed.20260925.primary_likelihood
progen3-3b,primary_likelihood_spearman,20260925,0.004277128406736733,0.0020333528511964957,0.006475450982921042,96,428,109568,dimensionless Spearman,results/R1/external_confirmation_20260924/fits/fit_progen3-3b.json,922c123e060070a21a1676fbb190bde3a70374c79cec741d346a004b74862290,per_seed.20260925.primary_likelihood_spearman
prollama-stage-1,primary_likelihood,20260923,0.0002919452668479245,-0.00012600271244728726,0.0007137184869340708,96,428,109568,squared normalised fitness,results/R1/external_confirmation_20260924/fits/fit_prollama-stage-1.json,98a6214113b605c47df5cb08f3b712c13e3d1e5e2b14ba407765e8c2ae08fd98,per_seed.20260923.primary_likelihood
prollama-stage-1,primary_likelihood_spearman,20260923,0.00465809985189125,0.002694768531897427,0.00667919174518494,96,428,109568,dimensionless Spearman,results/R1/external_confirmation_20260924/fits/fit_prollama-stage-1.json,98a6214113b605c47df5cb08f3b712c13e3d1e5e2b14ba407765e8c2ae08fd98,per_seed.20260923.primary_likelihood_spearman
prollama-stage-1,primary_likelihood,20260924,4.157345300567866e-05,-0.0006523383622007349,0.0006516297992468852,96,428,109568,squared normalised fitness,results/R1/external_confirmation_20260924/fits/fit_prollama-stage-1.json,98a6214113b605c47df5cb08f3b712c13e3d1e5e2b14ba407765e8c2ae08fd98,per_seed.20260924.primary_likelihood
prollama-stage-1,primary_likelihood_spearman,20260924,0.0046620865764203925,0.002487721453277817,0.006805196909975907,96,428,109568,dimensionless Spearman,results/R1/external_confirmation_20260924/fits/fit_prollama-stage-1.json,98a6214113b605c47df5cb08f3b712c13e3d1e5e2b14ba407765e8c2ae08fd98,per_seed.20260924.primary_likelihood_spearman
prollama-stage-1,primary_likelihood,20260925,0.00013333328173566086,-0.00031886082318747746,0.0005805891015327394,96,428,109568,squared normalised fitness,results/R1/external_confirmation_20260924/fits/fit_prollama-stage-1.json,98a6214113b605c47df5cb08f3b712c13e3d1e5e2b14ba407765e8c2ae08fd98,per_seed.20260925.primary_likelihood
prollama-stage-1,primary_likelihood_spearman,20260925,0.005074677803438937,0.0029712601575034494,0.007222889317921296,96,428,109568,dimensionless Spearman,results/R1/external_confirmation_20260924/fits/fit_prollama-stage-1.json,98a6214113b605c47df5cb08f3b712c13e3d1e5e2b14ba407765e8c2ae08fd98,per_seed.20260925.primary_likelihood_spearman
prollama,primary_likelihood,20260923,4.6120411709289754e-05,-0.00045939097861878985,0.00045529440446619336,96,428,109568,squared normalised fitness,results/R1/external_confirmation_20260924/fits/fit_prollama.json,844f32fee2311de7d14be96f0aeac5e67035bc5a8c771c1c88eff9019e8590ee,per_seed.20260923.primary_likelihood
prollama,primary_likelihood_spearman,20260923,0.003047605822268408,0.0011607358231683828,0.0050004674358262715,96,428,109568,dimensionless Spearman,results/R1/external_confirmation_20260924/fits/fit_prollama.json,844f32fee2311de7d14be96f0aeac5e67035bc5a8c771c1c88eff9019e8590ee,per_seed.20260923.primary_likelihood_spearman
prollama,primary_likelihood,20260924,-5.571882096478851e-05,-0.0006247159937700562,0.00044934887109314756,96,428,109568,squared normalised fitness,results/R1/external_confirmation_20260924/fits/fit_prollama.json,844f32fee2311de7d14be96f0aeac5e67035bc5a8c771c1c88eff9019e8590ee,per_seed.20260924.primary_likelihood
prollama,primary_likelihood_spearman,20260924,0.0029999232919585574,0.0008444417348407644,0.0052134320568020445,96,428,109568,dimensionless Spearman,results/R1/external_confirmation_20260924/fits/fit_prollama.json,844f32fee2311de7d14be96f0aeac5e67035bc5a8c771c1c88eff9019e8590ee,per_seed.20260924.primary_likelihood_spearman
prollama,primary_likelihood,20260925,0.00010503689551325135,-0.00041533325023321467,0.0005395016952935007,96,428,109568,squared normalised fitness,results/R1/external_confirmation_20260924/fits/fit_prollama.json,844f32fee2311de7d14be96f0aeac5e67035bc5a8c771c1c88eff9019e8590ee,per_seed.20260925.primary_likelihood
prollama,primary_likelihood_spearman,20260925,0.003306660122794116,0.001394360867751674,0.005384154573797286,96,428,109568,dimensionless Spearman,results/R1/external_confirmation_20260924/fits/fit_prollama.json,844f32fee2311de7d14be96f0aeac5e67035bc5a8c771c1c88eff9019e8590ee,per_seed.20260925.primary_likelihood_spearman
proteinglm-7b-clm,primary_likelihood,20260923,0.0014339804618560756,0.0008010177201495378,0.002022644234281574,96,428,109568,squared normalised fitness,results/R1/external_confirmation_20260924/fits/fit_proteinglm-7b-clm.json,237020a44441b208fc3a7085e8c4e037c28ef793a8010034e0a028733f7f5cce,per_seed.20260923.primary_likelihood
proteinglm-7b-clm,primary_likelihood_spearman,20260923,0.0069868412260233005,0.0038867266382388325,0.010087850325242918,96,428,109568,dimensionless Spearman,results/R1/external_confirmation_20260924/fits/fit_proteinglm-7b-clm.json,237020a44441b208fc3a7085e8c4e037c28ef793a8010034e0a028733f7f5cce,per_seed.20260923.primary_likelihood_spearman
proteinglm-7b-clm,primary_likelihood,20260924,0.0010035579787193844,0.0003658921922646095,0.0015964529850395288,96,428,109568,squared normalised fitness,results/R1/external_confirmation_20260924/fits/fit_proteinglm-7b-clm.json,237020a44441b208fc3a7085e8c4e037c28ef793a8010034e0a028733f7f5cce,per_seed.20260924.primary_likelihood
proteinglm-7b-clm,primary_likelihood_spearman,20260924,0.007446862927524156,0.0043617209890517645,0.010466120125326514,96,428,109568,dimensionless Spearman,results/R1/external_confirmation_20260924/fits/fit_proteinglm-7b-clm.json,237020a44441b208fc3a7085e8c4e037c28ef793a8010034e0a028733f7f5cce,per_seed.20260924.primary_likelihood_spearman
proteinglm-7b-clm,primary_likelihood,20260925,0.0011361602066228254,0.00048790262065953344,0.0017717008686306752,96,428,109568,squared normalised fitness,results/R1/external_confirmation_20260924/fits/fit_proteinglm-7b-clm.json,237020a44441b208fc3a7085e8c4e037c28ef793a8010034e0a028733f7f5cce,per_seed.20260925.primary_likelihood
proteinglm-7b-clm,primary_likelihood_spearman,20260925,0.006393980731007637,0.0033397401690154357,0.009427939452405427,96,428,109568,dimensionless Spearman,results/R1/external_confirmation_20260924/fits/fit_proteinglm-7b-clm.json,237020a44441b208fc3a7085e8c4e037c28ef793a8010034e0a028733f7f5cce,per_seed.20260925.primary_likelihood_spearman
protgpt2,primary_likelihood,20260923,8.783742402500323e-05,-0.0004189467165910744,0.0005502221444557481,96,428,109568,squared normalised fitness,results/R1/external_confirmation_20260924/fits/fit_protgpt2.json,cf6c5ee6a5d20a2b4a3a0df96667f04d854a56b4db678c87b77be7e17cf94d02,per_seed.20260923.primary_likelihood
protgpt2,primary_likelihood_spearman,20260923,0.0023903004969410883,0.0007811940165755761,0.003955914052008967,96,428,109568,dimensionless Spearman,results/R1/external_confirmation_20260924/fits/fit_protgpt2.json,cf6c5ee6a5d20a2b4a3a0df96667f04d854a56b4db678c87b77be7e17cf94d02,per_seed.20260923.primary_likelihood_spearman
protgpt2,primary_likelihood,20260924,0.0001375593959372283,-0.00029879263854918345,0.0005440388397432879,96,428,109568,squared normalised fitness,results/R1/external_confirmation_20260924/fits/fit_protgpt2.json,cf6c5ee6a5d20a2b4a3a0df96667f04d854a56b4db678c87b77be7e17cf94d02,per_seed.20260924.primary_likelihood
protgpt2,primary_likelihood_spearman,20260924,0.0023209011828485646,0.0006482602880543533,0.0039523390238671114,96,428,109568,dimensionless Spearman,results/R1/external_confirmation_20260924/fits/fit_protgpt2.json,cf6c5ee6a5d20a2b4a3a0df96667f04d854a56b4db678c87b77be7e17cf94d02,per_seed.20260924.primary_likelihood_spearman
protgpt2,primary_likelihood,20260925,0.00018259236019044036,-0.00023676082799178825,0.0005812104089402342,96,428,109568,squared normalised fitness,results/R1/external_confirmation_20260924/fits/fit_protgpt2.json,cf6c5ee6a5d20a2b4a3a0df96667f04d854a56b4db678c87b77be7e17cf94d02,per_seed.20260925.primary_likelihood
protgpt2,primary_likelihood_spearman,20260925,0.002196144226916535,0.0005513215293331519,0.003757323118457673,96,428,109568,dimensionless Spearman,results/R1/external_confirmation_20260924/fits/fit_protgpt2.json,cf6c5ee6a5d20a2b4a3a0df96667f04d854a56b4db678c87b77be7e17cf94d02,per_seed.20260925.primary_likelihood_spearman
protgpt3-1.3b,primary_likelihood,20260923,-9.609633146654513e-05,-0.000437504454228418,0.00022937444748681541,96,428,109568,squared normalised fitness,results/R1/external_confirmation_20260924/fits/fit_protgpt3-1.3b.json,75f1e96e325abbad998e9b2c359565fe012e45b83d40708815852f3b7b803fb6,per_seed.20260923.primary_likelihood
protgpt3-1.3b,primary_likelihood_spearman,20260923,0.0016368600673472994,0.0008518824643244687,0.0024030068721198963,96,428,109568,dimensionless Spearman,results/R1/external_confirmation_20260924/fits/fit_protgpt3-1.3b.json,75f1e96e325abbad998e9b2c359565fe012e45b83d40708815852f3b7b803fb6,per_seed.20260923.primary_likelihood_spearman
protgpt3-1.3b,primary_likelihood,20260924,7.74665325752107e-05,-0.0002266440035763751,0.0003858197509590855,96,428,109568,squared normalised fitness,results/R1/external_confirmation_20260924/fits/fit_protgpt3-1.3b.json,75f1e96e325abbad998e9b2c359565fe012e45b83d40708815852f3b7b803fb6,per_seed.20260924.primary_likelihood
protgpt3-1.3b,primary_likelihood_spearman,20260924,0.001854778725646342,0.0009837790784091925,0.002749387994073823,96,428,109568,dimensionless Spearman,results/R1/external_confirmation_20260924/fits/fit_protgpt3-1.3b.json,75f1e96e325abbad998e9b2c359565fe012e45b83d40708815852f3b7b803fb6,per_seed.20260924.primary_likelihood_spearman
protgpt3-1.3b,primary_likelihood,20260925,8.938830007010533e-06,-0.0002761123621739602,0.0003121007245036986,96,428,109568,squared normalised fitness,results/R1/external_confirmation_20260924/fits/fit_protgpt3-1.3b.json,75f1e96e325abbad998e9b2c359565fe012e45b83d40708815852f3b7b803fb6,per_seed.20260925.primary_likelihood
protgpt3-1.3b,primary_likelihood_spearman,20260925,0.0018911590605720653,0.0009828975564160208,0.002836875743928249,96,428,109568,dimensionless Spearman,results/R1/external_confirmation_20260924/fits/fit_protgpt3-1.3b.json,75f1e96e325abbad998e9b2c359565fe012e45b83d40708815852f3b7b803fb6,per_seed.20260925.primary_likelihood_spearman
qwen2.5-0.5b-instruct,primary_likelihood,20260923,-2.4584102513362474e-05,-7.408910781780454e-05,1.3551638881645942e-05,96,428,109568,squared normalised fitness,results/R1/external_confirmation_20260924/fits/fit_qwen2.5-0.5b-instruct.json,a4c5a45075410d91fedb750d5d119779057527e887ed1102befbaea105d1b74d,per_seed.20260923.primary_likelihood
qwen2.5-0.5b-instruct,primary_likelihood_spearman,20260923,-6.687352473313309e-05,-0.00040986557743906833,0.00026908344120792755,96,428,109568,dimensionless Spearman,results/R1/external_confirmation_20260924/fits/fit_qwen2.5-0.5b-instruct.json,a4c5a45075410d91fedb750d5d119779057527e887ed1102befbaea105d1b74d,per_seed.20260923.primary_likelihood_spearman
qwen2.5-0.5b-instruct,primary_likelihood,20260924,-6.175145090640214e-06,-4.4775799532740616e-05,2.5531091755263557e-05,96,428,109568,squared normalised fitness,results/R1/external_confirmation_20260924/fits/fit_qwen2.5-0.5b-instruct.json,a4c5a45075410d91fedb750d5d119779057527e887ed1102befbaea105d1b74d,per_seed.20260924.primary_likelihood
qwen2.5-0.5b-instruct,primary_likelihood_spearman,20260924,6.538125267828208e-05,-0.0002490491314158601,0.000392906434254265,96,428,109568,dimensionless Spearman,results/R1/external_confirmation_20260924/fits/fit_qwen2.5-0.5b-instruct.json,a4c5a45075410d91fedb750d5d119779057527e887ed1102befbaea105d1b74d,per_seed.20260924.primary_likelihood_spearman
qwen2.5-0.5b-instruct,primary_likelihood,20260925,1.4111870903452319e-06,-2.9946551078267625e-05,3.225041920570573e-05,96,428,109568,squared normalised fitness,results/R1/external_confirmation_20260924/fits/fit_qwen2.5-0.5b-instruct.json,a4c5a45075410d91fedb750d5d119779057527e887ed1102befbaea105d1b74d,per_seed.20260925.primary_likelihood
qwen2.5-0.5b-instruct,primary_likelihood_spearman,20260925,8.96651854660043e-05,-0.00023775529895223626,0.0004201233407327362,96,428,109568,dimensionless Spearman,results/R1/external_confirmation_20260924/fits/fit_qwen2.5-0.5b-instruct.json,a4c5a45075410d91fedb750d5d119779057527e887ed1102befbaea105d1b74d,per_seed.20260925.primary_likelihood_spearman
qwen2.5-0.5b,primary_likelihood,20260923,-2.2270342420652683e-05,-5.400775841351312e-05,1.2070994814930729e-06,96,428,109568,squared normalised fitness,results/R1/external_confirmation_20260924/fits/fit_qwen2.5-0.5b.json,386ee4f7687790ce2d8e29cb19c1114e7c302ab12bb8040dbfbfe9b9336b58fe,per_seed.20260923.primary_likelihood
qwen2.5-0.5b,primary_likelihood_spearman,20260923,-0.00014298569639293397,-0.0003463273268635164,4.356781981260346e-05,96,428,109568,dimensionless Spearman,results/R1/external_confirmation_20260924/fits/fit_qwen2.5-0.5b.json,386ee4f7687790ce2d8e29cb19c1114e7c302ab12bb8040dbfbfe9b9336b58fe,per_seed.20260923.primary_likelihood_spearman
qwen2.5-0.5b,primary_likelihood,20260924,-2.3989575840085552e-05,-5.8189316185719854e-05,2.34280631007379e-06,96,428,109568,squared normalised fitness,results/R1/external_confirmation_20260924/fits/fit_qwen2.5-0.5b.json,386ee4f7687790ce2d8e29cb19c1114e7c302ab12bb8040dbfbfe9b9336b58fe,per_seed.20260924.primary_likelihood
qwen2.5-0.5b,primary_likelihood_spearman,20260924,2.872201570572229e-05,-0.00011521103614184446,0.00016897901447383186,96,428,109568,dimensionless Spearman,results/R1/external_confirmation_20260924/fits/fit_qwen2.5-0.5b.json,386ee4f7687790ce2d8e29cb19c1114e7c302ab12bb8040dbfbfe9b9336b58fe,per_seed.20260924.primary_likelihood_spearman
qwen2.5-0.5b,primary_likelihood,20260925,-1.4467766418055824e-05,-3.3908906921998615e-05,2.518272949952202e-06,96,428,109568,squared normalised fitness,results/R1/external_confirmation_20260924/fits/fit_qwen2.5-0.5b.json,386ee4f7687790ce2d8e29cb19c1114e7c302ab12bb8040dbfbfe9b9336b58fe,per_seed.20260925.primary_likelihood
qwen2.5-0.5b,primary_likelihood_spearman,20260925,-0.00013803086831944687,-0.0002964924689816478,7.761447869177582e-07,96,428,109568,dimensionless Spearman,results/R1/external_confirmation_20260924/fits/fit_qwen2.5-0.5b.json,386ee4f7687790ce2d8e29cb19c1114e7c302ab12bb8040dbfbfe9b9336b58fe,per_seed.20260925.primary_likelihood_spearman
qwen2.5-32b,primary_likelihood,20260923,5.939664381681501e-05,-7.773834546469676e-05,0.00021139728508222605,96,428,109568,squared normalised fitness,results/R1/external_confirmation_20260924/fits/fit_qwen2.5-32b.json,6e767a45e74992643640a11112dbfc7ece0217b35155eb9d86d544001042320e,per_seed.20260923.primary_likelihood
qwen2.5-32b,primary_likelihood_spearman,20260923,0.0002668487968928005,-0.0006579140684996932,0.0011339291386022637,96,428,109568,dimensionless Spearman,results/R1/external_confirmation_20260924/fits/fit_qwen2.5-32b.json,6e767a45e74992643640a11112dbfc7ece0217b35155eb9d86d544001042320e,per_seed.20260923.primary_likelihood_spearman
qwen2.5-32b,primary_likelihood,20260924,0.0001541559534736993,-1.0752552804550165e-05,0.00039166434341228603,96,428,109568,squared normalised fitness,results/R1/external_confirmation_20260924/fits/fit_qwen2.5-32b.json,6e767a45e74992643640a11112dbfc7ece0217b35155eb9d86d544001042320e,per_seed.20260924.primary_likelihood
qwen2.5-32b,primary_likelihood_spearman,20260924,0.00038554855472097254,-0.0006396601051649436,0.001457347450549432,96,428,109568,dimensionless Spearman,results/R1/external_confirmation_20260924/fits/fit_qwen2.5-32b.json,6e767a45e74992643640a11112dbfc7ece0217b35155eb9d86d544001042320e,per_seed.20260924.primary_likelihood_spearman
qwen2.5-32b,primary_likelihood,20260925,0.00010798548403501589,-8.453599795318106e-05,0.0003719509963930617,96,428,109568,squared normalised fitness,results/R1/external_confirmation_20260924/fits/fit_qwen2.5-32b.json,6e767a45e74992643640a11112dbfc7ece0217b35155eb9d86d544001042320e,per_seed.20260925.primary_likelihood
qwen2.5-32b,primary_likelihood_spearman,20260925,0.0008906737455350054,-0.0001909146623986495,0.0022007307615601,96,428,109568,dimensionless Spearman,results/R1/external_confirmation_20260924/fits/fit_qwen2.5-32b.json,6e767a45e74992643640a11112dbfc7ece0217b35155eb9d86d544001042320e,per_seed.20260925.primary_likelihood_spearman
qwen2.5-7b,primary_likelihood,20260923,6.089030053067876e-05,-4.0628111510845504e-05,0.00017750330383446542,96,428,109568,squared normalised fitness,results/R1/external_confirmation_20260924/fits/fit_qwen2.5-7b.json,a1d1c216f30fe44524bf03fdb0c3900c20922d6eb2e164ca3f7a74c1595ff84a,per_seed.20260923.primary_likelihood
qwen2.5-7b,primary_likelihood_spearman,20260923,0.000229109524976701,-0.00043531048518660574,0.0010497986082308155,96,428,109568,dimensionless Spearman,results/R1/external_confirmation_20260924/fits/fit_qwen2.5-7b.json,a1d1c216f30fe44524bf03fdb0c3900c20922d6eb2e164ca3f7a74c1595ff84a,per_seed.20260923.primary_likelihood_spearman
qwen2.5-7b,primary_likelihood,20260924,9.325269423649328e-05,-2.1106189357052896e-05,0.000232561640957494,96,428,109568,squared normalised fitness,results/R1/external_confirmation_20260924/fits/fit_qwen2.5-7b.json,a1d1c216f30fe44524bf03fdb0c3900c20922d6eb2e164ca3f7a74c1595ff84a,per_seed.20260924.primary_likelihood
qwen2.5-7b,primary_likelihood_spearman,20260924,0.00026763970425369016,-0.0005340625776427678,0.0012045256987965993,96,428,109568,dimensionless Spearman,results/R1/external_confirmation_20260924/fits/fit_qwen2.5-7b.json,a1d1c216f30fe44524bf03fdb0c3900c20922d6eb2e164ca3f7a74c1595ff84a,per_seed.20260924.primary_likelihood_spearman
qwen2.5-7b,primary_likelihood,20260925,5.771501838687246e-05,-5.845292764321142e-05,0.00020633587856596562,96,428,109568,squared normalised fitness,results/R1/external_confirmation_20260924/fits/fit_qwen2.5-7b.json,a1d1c216f30fe44524bf03fdb0c3900c20922d6eb2e164ca3f7a74c1595ff84a,per_seed.20260925.primary_likelihood
qwen2.5-7b,primary_likelihood_spearman,20260925,0.0005003548901604733,-0.00025268647507181084,0.0015405717667894695,96,428,109568,dimensionless Spearman,results/R1/external_confirmation_20260924/fits/fit_qwen2.5-7b.json,a1d1c216f30fe44524bf03fdb0c3900c20922d6eb2e164ca3f7a74c1595ff84a,per_seed.20260925.primary_likelihood_spearman
qwen3-8b-base,primary_likelihood,20260923,1.888810550475572e-05,-2.912229517332639e-05,7.154539566068035e-05,96,428,109568,squared normalised fitness,results/R1/external_confirmation_20260924/fits/fit_qwen3-8b-base.json,544710558f1b10a196682e344760c58e99ef36159d56544a6d67c1c4702a1a9d,per_seed.20260923.primary_likelihood
qwen3-8b-base,primary_likelihood_spearman,20260923,0.00014330627872697244,-0.00023762410717305757,0.0005333271106048652,96,428,109568,dimensionless Spearman,results/R1/external_confirmation_20260924/fits/fit_qwen3-8b-base.json,544710558f1b10a196682e344760c58e99ef36159d56544a6d67c1c4702a1a9d,per_seed.20260923.primary_likelihood_spearman
qwen3-8b-base,primary_likelihood,20260924,2.332773456264819e-06,-3.6770541751954504e-05,4.362848028180252e-05,96,428,109568,squared normalised fitness,results/R1/external_confirmation_20260924/fits/fit_qwen3-8b-base.json,544710558f1b10a196682e344760c58e99ef36159d56544a6d67c1c4702a1a9d,per_seed.20260924.primary_likelihood
qwen3-8b-base,primary_likelihood_spearman,20260924,4.9069177751450603e-05,-0.0003047709428627824,0.00042012243867788074,96,428,109568,dimensionless Spearman,results/R1/external_confirmation_20260924/fits/fit_qwen3-8b-base.json,544710558f1b10a196682e344760c58e99ef36159d56544a6d67c1c4702a1a9d,per_seed.20260924.primary_likelihood_spearman
qwen3-8b-base,primary_likelihood,20260925,-3.038373063573522e-05,-7.745897087251604e-05,1.3599631114535303e-05,96,428,109568,squared normalised fitness,results/R1/external_confirmation_20260924/fits/fit_qwen3-8b-base.json,544710558f1b10a196682e344760c58e99ef36159d56544a6d67c1c4702a1a9d,per_seed.20260925.primary_likelihood
qwen3-8b-base,primary_likelihood_spearman,20260925,0.00010427370528719128,-0.00026771279287573217,0.00047644180831837645,96,428,109568,dimensionless Spearman,results/R1/external_confirmation_20260924/fits/fit_qwen3-8b-base.json,544710558f1b10a196682e344760c58e99ef36159d56544a6d67c1c4702a1a9d,per_seed.20260925.primary_likelihood_spearman
rita-xl,primary_likelihood,20260923,0.0002566251974294074,-0.00016545398866452742,0.0006757142115744595,96,428,109568,squared normalised fitness,results/R1/external_confirmation_20260924/fits/fit_rita-xl.json,2a646f2b6c7c7ef460fe81cd9d002d0de9df4f098ee2c5a2d8524de9cfb8979e,per_seed.20260923.primary_likelihood
rita-xl,primary_likelihood_spearman,20260923,0.00321999727916935,0.0010024285229014614,0.00542913952256377,96,428,109568,dimensionless Spearman,results/R1/external_confirmation_20260924/fits/fit_rita-xl.json,2a646f2b6c7c7ef460fe81cd9d002d0de9df4f098ee2c5a2d8524de9cfb8979e,per_seed.20260923.primary_likelihood_spearman
rita-xl,primary_likelihood,20260924,0.0002479732719695526,-0.00017245954480372963,0.0006686012032571134,96,428,109568,squared normalised fitness,results/R1/external_confirmation_20260924/fits/fit_rita-xl.json,2a646f2b6c7c7ef460fe81cd9d002d0de9df4f098ee2c5a2d8524de9cfb8979e,per_seed.20260924.primary_likelihood
rita-xl,primary_likelihood_spearman,20260924,0.0039272822476393585,0.0017790581033724961,0.006006526066792322,96,428,109568,dimensionless Spearman,results/R1/external_confirmation_20260924/fits/fit_rita-xl.json,2a646f2b6c7c7ef460fe81cd9d002d0de9df4f098ee2c5a2d8524de9cfb8979e,per_seed.20260924.primary_likelihood_spearman
rita-xl,primary_likelihood,20260925,0.0003141758787625774,-0.00013216122978166396,0.0007653329321571106,96,428,109568,squared normalised fitness,results/R1/external_confirmation_20260924/fits/fit_rita-xl.json,2a646f2b6c7c7ef460fe81cd9d002d0de9df4f098ee2c5a2d8524de9cfb8979e,per_seed.20260925.primary_likelihood
rita-xl,primary_likelihood_spearman,20260925,0.003459424846790326,0.0012715899033004154,0.005596543052027375,96,428,109568,dimensionless Spearman,results/R1/external_confirmation_20260924/fits/fit_rita-xl.json,2a646f2b6c7c7ef460fe81cd9d002d0de9df4f098ee2c5a2d8524de9cfb8979e,per_seed.20260925.primary_likelihood_spearman
