arm,stratum,endpoint,estimate,ci_low,ci_high,n_rows,n_groups,resamples,position_only_nll_nats_per_token,verdict,source_path,source_sha256,source_pointer
progen2-medium,pooled,paired_win_rate,0.37875,0.34335377188358346,0.41463890386628177,800,710,2000,1.514239072315395,no_gain_at_this_budget,results/R5/context_homologue_20260826/context_homologue.json,16badad0491e13c6ab4cc6917165b56b9965f8db57e3187846af2bd33a97086d,arms.progen2-medium.pooled.auroc
progen2-medium,pooled,fractional_reduction,-0.03045499022600773,-0.040021607344098875,-0.021590050907983313,800,710,2000,1.514239072315395,no_gain_at_this_budget,results/R5/context_homologue_20260826/context_homologue.json,16badad0491e13c6ab4cc6917165b56b9965f8db57e3187846af2bd33a97086d,arms.progen2-medium.pooled.fractional_reduction
progen2-medium,decisive_stratum,paired_win_rate,0.4626865671641791,0.34328358208955223,0.582089552238806,67,67,2000,1.8019490072976296,no_gain_at_this_budget,results/R5/context_homologue_20260826/context_homologue.json,16badad0491e13c6ab4cc6917165b56b9965f8db57e3187846af2bd33a97086d,arms.progen2-medium.decisive_stratum.auroc
progen2-medium,decisive_stratum,fractional_reduction,-0.0022917069495475314,-0.0135601148972676,0.009700392648123729,67,67,2000,1.8019490072976296,no_gain_at_this_budget,results/R5/context_homologue_20260826/context_homologue.json,16badad0491e13c6ab4cc6917165b56b9965f8db57e3187846af2bd33a97086d,arms.progen2-medium.decisive_stratum.fractional_reduction
progen2-small,pooled,paired_win_rate,0.6525,0.6199987373737373,0.6851425178510763,800,710,2000,1.7553845878690482,in_context_copying_and_local_overlap,results/R5/context_homologue_20260826/context_homologue.json,16badad0491e13c6ab4cc6917165b56b9965f8db57e3187846af2bd33a97086d,arms.progen2-small.pooled.auroc
progen2-small,pooled,fractional_reduction,0.04263221092499245,0.034793772398432586,0.050785480454496844,800,710,2000,1.7553845878690482,in_context_copying_and_local_overlap,results/R5/context_homologue_20260826/context_homologue.json,16badad0491e13c6ab4cc6917165b56b9965f8db57e3187846af2bd33a97086d,arms.progen2-small.pooled.fractional_reduction
progen2-small,decisive_stratum,paired_win_rate,0.5671641791044776,0.44776119402985076,0.6865671641791045,67,67,2000,2.067707640021595,in_context_copying_and_local_overlap,results/R5/context_homologue_20260826/context_homologue.json,16badad0491e13c6ab4cc6917165b56b9965f8db57e3187846af2bd33a97086d,arms.progen2-small.decisive_stratum.auroc
progen2-small,decisive_stratum,fractional_reduction,0.003943910532354652,0.0001893922744644185,0.008353474942464518,67,67,2000,2.067707640021595,in_context_copying_and_local_overlap,results/R5/context_homologue_20260826/context_homologue.json,16badad0491e13c6ab4cc6917165b56b9965f8db57e3187846af2bd33a97086d,arms.progen2-small.decisive_stratum.fractional_reduction
protgpt2,pooled,paired_win_rate,0.78625,0.7562790748295936,0.814819293295714,800,710,2000,7.582612153589725,in_context_copying_and_local_overlap,results/R5/context_homologue_20260826/context_homologue.json,16badad0491e13c6ab4cc6917165b56b9965f8db57e3187846af2bd33a97086d,arms.protgpt2.pooled.auroc
protgpt2,pooled,fractional_reduction,0.07221288098100061,0.060424490794140154,0.08447183752394877,800,710,2000,7.582612153589725,in_context_copying_and_local_overlap,results/R5/context_homologue_20260826/context_homologue.json,16badad0491e13c6ab4cc6917165b56b9965f8db57e3187846af2bd33a97086d,arms.protgpt2.pooled.fractional_reduction
protgpt2,decisive_stratum,paired_win_rate,0.5970149253731343,0.47745735607675904,0.7164179104477612,67,66,2000,7.3614325523376465,in_context_copying_and_local_overlap,results/R5/context_homologue_20260826/context_homologue.json,16badad0491e13c6ab4cc6917165b56b9965f8db57e3187846af2bd33a97086d,arms.protgpt2.decisive_stratum.auroc
protgpt2,decisive_stratum,fractional_reduction,0.001964716048052747,-0.012847348495299907,0.016995023625164807,67,66,2000,7.3614325523376465,in_context_copying_and_local_overlap,results/R5/context_homologue_20260826/context_homologue.json,16badad0491e13c6ab4cc6917165b56b9965f8db57e3187846af2bd33a97086d,arms.protgpt2.decisive_stratum.fractional_reduction
galactica-1.3b,pooled,paired_win_rate,0.96,0.9461528822055137,0.9733180823360598,800,710,2000,2.8045582048594953,in_context_relatedness_beyond_composition_and_local_copying,results/R5/context_homologue_expansion_20260919/context_homologue.json,e03b5fa50ab4f6ca6b276a3c0bea38172116b05fab0f5bb622fa403f708e0bbf,arms.galactica-1.3b.pooled.auroc
galactica-1.3b,pooled,fractional_reduction,0.31321891531520324,0.29118002543844657,0.3342473154484307,800,710,2000,2.8045582048594953,in_context_relatedness_beyond_composition_and_local_copying,results/R5/context_homologue_expansion_20260919/context_homologue.json,e03b5fa50ab4f6ca6b276a3c0bea38172116b05fab0f5bb622fa403f708e0bbf,arms.galactica-1.3b.pooled.fractional_reduction
galactica-1.3b,decisive_stratum,paired_win_rate,0.7164179104477612,0.6119402985074627,0.8208955223880597,67,67,2000,2.8168062345305485,in_context_relatedness_beyond_composition_and_local_copying,results/R5/context_homologue_expansion_20260919/context_homologue.json,e03b5fa50ab4f6ca6b276a3c0bea38172116b05fab0f5bb622fa403f708e0bbf,arms.galactica-1.3b.decisive_stratum.auroc
galactica-1.3b,decisive_stratum,fractional_reduction,0.013125007574784938,0.00853904231539224,0.018149138511848784,67,67,2000,2.8168062345305485,in_context_relatedness_beyond_composition_and_local_copying,results/R5/context_homologue_expansion_20260919/context_homologue.json,e03b5fa50ab4f6ca6b276a3c0bea38172116b05fab0f5bb622fa403f708e0bbf,arms.galactica-1.3b.decisive_stratum.fractional_reduction
galactica-125m,pooled,paired_win_rate,0.86,0.8348381358363733,0.8830845771144279,800,710,2000,2.9569559502601623,in_context_copying_and_local_overlap,results/R5/context_homologue_expansion_20260919/context_homologue.json,e03b5fa50ab4f6ca6b276a3c0bea38172116b05fab0f5bb622fa403f708e0bbf,arms.galactica-125m.pooled.auroc
galactica-125m,pooled,fractional_reduction,0.08986207728344621,0.07861263926030748,0.10195466262326768,800,710,2000,2.9569559502601623,in_context_copying_and_local_overlap,results/R5/context_homologue_expansion_20260919/context_homologue.json,e03b5fa50ab4f6ca6b276a3c0bea38172116b05fab0f5bb622fa403f708e0bbf,arms.galactica-125m.pooled.fractional_reduction
galactica-125m,decisive_stratum,paired_win_rate,0.6119402985074627,0.4925373134328358,0.7313432835820896,67,67,2000,2.9149458799789203,in_context_copying_and_local_overlap,results/R5/context_homologue_expansion_20260919/context_homologue.json,e03b5fa50ab4f6ca6b276a3c0bea38172116b05fab0f5bb622fa403f708e0bbf,arms.galactica-125m.decisive_stratum.auroc
galactica-125m,decisive_stratum,fractional_reduction,-9.99004221689978e-06,-0.0017230012733790644,0.0014618866118299011,67,67,2000,2.9149458799789203,in_context_copying_and_local_overlap,results/R5/context_homologue_expansion_20260919/context_homologue.json,e03b5fa50ab4f6ca6b276a3c0bea38172116b05fab0f5bb622fa403f708e0bbf,arms.galactica-125m.decisive_stratum.fractional_reduction
galactica-30b,pooled,paired_win_rate,0.9125,0.8929879112559457,0.9319984469991098,800,710,2000,2.500410951972008,in_context_copying_and_local_overlap,results/R5/context_homologue_expansion_20260919/context_homologue.json,e03b5fa50ab4f6ca6b276a3c0bea38172116b05fab0f5bb622fa403f708e0bbf,arms.galactica-30b.pooled.auroc
galactica-30b,pooled,fractional_reduction,0.29508272810178837,0.27375871407358054,0.3158703313225385,800,710,2000,2.500410951972008,in_context_copying_and_local_overlap,results/R5/context_homologue_expansion_20260919/context_homologue.json,e03b5fa50ab4f6ca6b276a3c0bea38172116b05fab0f5bb622fa403f708e0bbf,arms.galactica-30b.pooled.fractional_reduction
galactica-30b,decisive_stratum,paired_win_rate,0.6716417910447762,0.5667910447761194,0.7761194029850746,67,67,2000,2.6633351471886706,in_context_copying_and_local_overlap,results/R5/context_homologue_expansion_20260919/context_homologue.json,e03b5fa50ab4f6ca6b276a3c0bea38172116b05fab0f5bb622fa403f708e0bbf,arms.galactica-30b.decisive_stratum.auroc
galactica-30b,decisive_stratum,fractional_reduction,0.009831125671010209,-0.009714896308473865,0.027922129776772192,67,67,2000,2.6633351471886706,in_context_copying_and_local_overlap,results/R5/context_homologue_expansion_20260919/context_homologue.json,e03b5fa50ab4f6ca6b276a3c0bea38172116b05fab0f5bb622fa403f708e0bbf,arms.galactica-30b.decisive_stratum.fractional_reduction
galactica-6.7b,pooled,paired_win_rate,0.95625,0.9407279662392468,0.9701148608351436,800,710,2000,2.6686020539700985,in_context_relatedness_beyond_composition_and_local_copying,results/R5/context_homologue_expansion_20260919/context_homologue.json,e03b5fa50ab4f6ca6b276a3c0bea38172116b05fab0f5bb622fa403f708e0bbf,arms.galactica-6.7b.pooled.auroc
galactica-6.7b,pooled,fractional_reduction,0.33652592167716316,0.31440752101542574,0.35759981781494926,800,710,2000,2.6686020539700985,in_context_relatedness_beyond_composition_and_local_copying,results/R5/context_homologue_expansion_20260919/context_homologue.json,e03b5fa50ab4f6ca6b276a3c0bea38172116b05fab0f5bb622fa403f708e0bbf,arms.galactica-6.7b.pooled.fractional_reduction
galactica-6.7b,decisive_stratum,paired_win_rate,0.7761194029850746,0.6716417910447762,0.8805970149253731,67,67,2000,2.726009925799583,in_context_relatedness_beyond_composition_and_local_copying,results/R5/context_homologue_expansion_20260919/context_homologue.json,e03b5fa50ab4f6ca6b276a3c0bea38172116b05fab0f5bb622fa403f708e0bbf,arms.galactica-6.7b.decisive_stratum.auroc
galactica-6.7b,decisive_stratum,fractional_reduction,0.026726184221060392,0.012128370076800565,0.040113623937873905,67,67,2000,2.726009925799583,in_context_relatedness_beyond_composition_and_local_copying,results/R5/context_homologue_expansion_20260919/context_homologue.json,e03b5fa50ab4f6ca6b276a3c0bea38172116b05fab0f5bb622fa403f708e0bbf,arms.galactica-6.7b.decisive_stratum.fractional_reduction
instructprotein,pooled,paired_win_rate,0.89875,0.8757762065198291,0.9195685812013248,800,710,2000,3.4122116488218306,in_context_relatedness_beyond_composition_and_local_copying,results/R5/context_homologue_expansion_20260919/context_homologue.json,e03b5fa50ab4f6ca6b276a3c0bea38172116b05fab0f5bb622fa403f708e0bbf,arms.instructprotein.pooled.auroc
instructprotein,pooled,fractional_reduction,0.19030727329742617,0.17489689054477436,0.2059681236289399,800,710,2000,3.4122116488218306,in_context_relatedness_beyond_composition_and_local_copying,results/R5/context_homologue_expansion_20260919/context_homologue.json,e03b5fa50ab4f6ca6b276a3c0bea38172116b05fab0f5bb622fa403f708e0bbf,arms.instructprotein.pooled.fractional_reduction
instructprotein,decisive_stratum,paired_win_rate,0.6865671641791045,0.5671641791044776,0.7910447761194029,67,67,2000,3.362519680564083,in_context_relatedness_beyond_composition_and_local_copying,results/R5/context_homologue_expansion_20260919/context_homologue.json,e03b5fa50ab4f6ca6b276a3c0bea38172116b05fab0f5bb622fa403f708e0bbf,arms.instructprotein.decisive_stratum.auroc
instructprotein,decisive_stratum,fractional_reduction,0.018822032909779244,0.00696178228938318,0.029533801180828337,67,67,2000,3.362519680564083,in_context_relatedness_beyond_composition_and_local_copying,results/R5/context_homologue_expansion_20260919/context_homologue.json,e03b5fa50ab4f6ca6b276a3c0bea38172116b05fab0f5bb622fa403f708e0bbf,arms.instructprotein.decisive_stratum.fractional_reduction
llama-2-7b,pooled,paired_win_rate,0.9625,0.9485268682944876,0.9749687108886108,800,710,2000,4.495194215476513,in_context_relatedness_beyond_composition_and_local_copying,results/R5/context_homologue_expansion_20260919/context_homologue.json,e03b5fa50ab4f6ca6b276a3c0bea38172116b05fab0f5bb622fa403f708e0bbf,arms.llama-2-7b.pooled.auroc
llama-2-7b,pooled,fractional_reduction,0.2818653967928899,0.2620438842510733,0.3010027126506509,800,710,2000,4.495194215476513,in_context_relatedness_beyond_composition_and_local_copying,results/R5/context_homologue_expansion_20260919/context_homologue.json,e03b5fa50ab4f6ca6b276a3c0bea38172116b05fab0f5bb622fa403f708e0bbf,arms.llama-2-7b.pooled.fractional_reduction
llama-2-7b,decisive_stratum,paired_win_rate,0.746268656716418,0.6376811594202898,0.8507462686567164,67,66,2000,4.552556080604667,in_context_relatedness_beyond_composition_and_local_copying,results/R5/context_homologue_expansion_20260919/context_homologue.json,e03b5fa50ab4f6ca6b276a3c0bea38172116b05fab0f5bb622fa403f708e0bbf,arms.llama-2-7b.decisive_stratum.auroc
llama-2-7b,decisive_stratum,fractional_reduction,0.009935962069361256,0.005837798403280469,0.013783166637356537,67,66,2000,4.552556080604667,in_context_relatedness_beyond_composition_and_local_copying,results/R5/context_homologue_expansion_20260919/context_homologue.json,e03b5fa50ab4f6ca6b276a3c0bea38172116b05fab0f5bb622fa403f708e0bbf,arms.llama-2-7b.decisive_stratum.fractional_reduction
progen2-base,pooled,paired_win_rate,0.64625,0.6102709495140064,0.682780254539695,800,710,2000,1.9032161689177156,in_context_copying_and_local_overlap,results/R5/context_homologue_expansion_20260919/context_homologue.json,e03b5fa50ab4f6ca6b276a3c0bea38172116b05fab0f5bb622fa403f708e0bbf,arms.progen2-base.pooled.auroc
progen2-base,pooled,fractional_reduction,0.09320144556579844,0.07668080424391482,0.11035004232764943,800,710,2000,1.9032161689177156,in_context_copying_and_local_overlap,results/R5/context_homologue_expansion_20260919/context_homologue.json,e03b5fa50ab4f6ca6b276a3c0bea38172116b05fab0f5bb622fa403f708e0bbf,arms.progen2-base.pooled.fractional_reduction
progen2-base,decisive_stratum,paired_win_rate,0.47761194029850745,0.3582089552238806,0.5970149253731343,67,67,2000,2.035985743821557,in_context_copying_and_local_overlap,results/R5/context_homologue_expansion_20260919/context_homologue.json,e03b5fa50ab4f6ca6b276a3c0bea38172116b05fab0f5bb622fa403f708e0bbf,arms.progen2-base.decisive_stratum.auroc
progen2-base,decisive_stratum,fractional_reduction,0.0044847697972445364,-0.004941601373187382,0.01509442045235631,67,67,2000,2.035985743821557,in_context_copying_and_local_overlap,results/R5/context_homologue_expansion_20260919/context_homologue.json,e03b5fa50ab4f6ca6b276a3c0bea38172116b05fab0f5bb622fa403f708e0bbf,arms.progen2-base.decisive_stratum.fractional_reduction
progen2-large,pooled,paired_win_rate,0.58,0.5451054590862302,0.6152890739833414,800,710,2000,1.4125232591480017,in_context_copying_and_local_overlap,results/R5/context_homologue_expansion_20260919/context_homologue.json,e03b5fa50ab4f6ca6b276a3c0bea38172116b05fab0f5bb622fa403f708e0bbf,arms.progen2-large.pooled.auroc
progen2-large,pooled,fractional_reduction,0.02234130214933812,0.01500398806550506,0.029813908438322472,800,710,2000,1.4125232591480017,in_context_copying_and_local_overlap,results/R5/context_homologue_expansion_20260919/context_homologue.json,e03b5fa50ab4f6ca6b276a3c0bea38172116b05fab0f5bb622fa403f708e0bbf,arms.progen2-large.pooled.fractional_reduction
progen2-large,decisive_stratum,paired_win_rate,0.47761194029850745,0.3582089552238806,0.5970149253731343,67,67,2000,1.7103030886223067,in_context_copying_and_local_overlap,results/R5/context_homologue_expansion_20260919/context_homologue.json,e03b5fa50ab4f6ca6b276a3c0bea38172116b05fab0f5bb622fa403f708e0bbf,arms.progen2-large.decisive_stratum.auroc
progen2-large,decisive_stratum,fractional_reduction,0.002623961439348281,-0.005152253193831364,0.010822999279712522,67,67,2000,1.7103030886223067,in_context_copying_and_local_overlap,results/R5/context_homologue_expansion_20260919/context_homologue.json,e03b5fa50ab4f6ca6b276a3c0bea38172116b05fab0f5bb622fa403f708e0bbf,arms.progen2-large.decisive_stratum.fractional_reduction
progen2-xlarge,pooled,paired_win_rate,0.22625,0.19849513392350474,0.2561297373426982,800,710,2000,1.040936093442142,no_gain_at_this_budget,results/R5/context_homologue_expansion_20260919/context_homologue.json,e03b5fa50ab4f6ca6b276a3c0bea38172116b05fab0f5bb622fa403f708e0bbf,arms.progen2-xlarge.pooled.auroc
progen2-xlarge,pooled,fractional_reduction,-0.08775792520923474,-0.09885717441360725,-0.07642416282950928,800,710,2000,1.040936093442142,no_gain_at_this_budget,results/R5/context_homologue_expansion_20260919/context_homologue.json,e03b5fa50ab4f6ca6b276a3c0bea38172116b05fab0f5bb622fa403f708e0bbf,arms.progen2-xlarge.pooled.fractional_reduction
progen2-xlarge,decisive_stratum,paired_win_rate,0.4626865671641791,0.34328358208955223,0.582089552238806,67,67,2000,1.2462638598769458,no_gain_at_this_budget,results/R5/context_homologue_expansion_20260919/context_homologue.json,e03b5fa50ab4f6ca6b276a3c0bea38172116b05fab0f5bb622fa403f708e0bbf,arms.progen2-xlarge.decisive_stratum.auroc
progen2-xlarge,decisive_stratum,fractional_reduction,-0.007026910173411837,-0.015506980710985427,0.001539847281791602,67,67,2000,1.2462638598769458,no_gain_at_this_budget,results/R5/context_homologue_expansion_20260919/context_homologue.json,e03b5fa50ab4f6ca6b276a3c0bea38172116b05fab0f5bb622fa403f708e0bbf,arms.progen2-xlarge.decisive_stratum.fractional_reduction
prollama,pooled,paired_win_rate,0.93875,0.9219301555900373,0.9542647100385405,800,710,2000,4.534082026481628,in_context_relatedness_beyond_composition_and_local_copying,results/R5/context_homologue_expansion_20260919/context_homologue.json,e03b5fa50ab4f6ca6b276a3c0bea38172116b05fab0f5bb622fa403f708e0bbf,arms.prollama.pooled.auroc
prollama,pooled,fractional_reduction,0.3323720402113784,0.3103698890908984,0.35354278302055164,800,710,2000,4.534082026481628,in_context_relatedness_beyond_composition_and_local_copying,results/R5/context_homologue_expansion_20260919/context_homologue.json,e03b5fa50ab4f6ca6b276a3c0bea38172116b05fab0f5bb622fa403f708e0bbf,arms.prollama.pooled.fractional_reduction
prollama,decisive_stratum,paired_win_rate,0.7910447761194029,0.6865671641791045,0.8823529411764706,67,66,2000,4.484342293952828,in_context_relatedness_beyond_composition_and_local_copying,results/R5/context_homologue_expansion_20260919/context_homologue.json,e03b5fa50ab4f6ca6b276a3c0bea38172116b05fab0f5bb622fa403f708e0bbf,arms.prollama.decisive_stratum.auroc
prollama,decisive_stratum,fractional_reduction,0.02307197501681591,0.013592753848420335,0.03309132882460688,67,66,2000,4.484342293952828,in_context_relatedness_beyond_composition_and_local_copying,results/R5/context_homologue_expansion_20260919/context_homologue.json,e03b5fa50ab4f6ca6b276a3c0bea38172116b05fab0f5bb622fa403f708e0bbf,arms.prollama.decisive_stratum.fractional_reduction
prollama-stage-1,pooled,paired_win_rate,0.94,0.9220924600592785,0.9555012855691137,800,710,2000,4.184007104337216,in_context_relatedness_beyond_composition_and_local_copying,results/R5/context_homologue_expansion_20260919/context_homologue.json,e03b5fa50ab4f6ca6b276a3c0bea38172116b05fab0f5bb622fa403f708e0bbf,arms.prollama-stage-1.pooled.auroc
prollama-stage-1,pooled,fractional_reduction,0.35760285893614735,0.33547197904655557,0.3789209696594975,800,710,2000,4.184007104337216,in_context_relatedness_beyond_composition_and_local_copying,results/R5/context_homologue_expansion_20260919/context_homologue.json,e03b5fa50ab4f6ca6b276a3c0bea38172116b05fab0f5bb622fa403f708e0bbf,arms.prollama-stage-1.pooled.fractional_reduction
prollama-stage-1,decisive_stratum,paired_win_rate,0.7910447761194029,0.691061237928007,0.8805970149253731,67,66,2000,4.174490611944625,in_context_relatedness_beyond_composition_and_local_copying,results/R5/context_homologue_expansion_20260919/context_homologue.json,e03b5fa50ab4f6ca6b276a3c0bea38172116b05fab0f5bb622fa403f708e0bbf,arms.prollama-stage-1.decisive_stratum.auroc
prollama-stage-1,decisive_stratum,fractional_reduction,0.03353622850141494,0.0196192494206371,0.047291453450294445,67,66,2000,4.174490611944625,in_context_relatedness_beyond_composition_and_local_copying,results/R5/context_homologue_expansion_20260919/context_homologue.json,e03b5fa50ab4f6ca6b276a3c0bea38172116b05fab0f5bb622fa403f708e0bbf,arms.prollama-stage-1.decisive_stratum.fractional_reduction
proteinglm-7b-clm,pooled,paired_win_rate,0.3775,0.34107234715727563,0.4150508907133257,800,710,2000,0.8151460261829198,no_gain_at_this_budget,results/R5/context_homologue_expansion_20260919/context_homologue.json,e03b5fa50ab4f6ca6b276a3c0bea38172116b05fab0f5bb622fa403f708e0bbf,arms.proteinglm-7b-clm.pooled.auroc
proteinglm-7b-clm,pooled,fractional_reduction,-0.01395085416022511,-0.017919365414875772,-0.009830101421874642,800,710,2000,0.8151460261829198,no_gain_at_this_budget,results/R5/context_homologue_expansion_20260919/context_homologue.json,e03b5fa50ab4f6ca6b276a3c0bea38172116b05fab0f5bb622fa403f708e0bbf,arms.proteinglm-7b-clm.pooled.fractional_reduction
proteinglm-7b-clm,decisive_stratum,paired_win_rate,0.5223880597014925,0.40298507462686567,0.6417910447761194,67,67,2000,1.0096803343118126,no_gain_at_this_budget,results/R5/context_homologue_expansion_20260919/context_homologue.json,e03b5fa50ab4f6ca6b276a3c0bea38172116b05fab0f5bb622fa403f708e0bbf,arms.proteinglm-7b-clm.decisive_stratum.auroc
proteinglm-7b-clm,decisive_stratum,fractional_reduction,-0.0005206432644011092,-0.0022107279185561574,0.0010134736131174008,67,67,2000,1.0096803343118126,no_gain_at_this_budget,results/R5/context_homologue_expansion_20260919/context_homologue.json,e03b5fa50ab4f6ca6b276a3c0bea38172116b05fab0f5bb622fa403f708e0bbf,arms.proteinglm-7b-clm.decisive_stratum.fractional_reduction
protgpt3-1.3b,pooled,paired_win_rate,0.60875,0.5732319281677855,0.6453654032083955,800,710,2000,1.9222210457921027,in_context_copying_and_local_overlap,results/R5/context_homologue_expansion_20260919/context_homologue.json,e03b5fa50ab4f6ca6b276a3c0bea38172116b05fab0f5bb622fa403f708e0bbf,arms.protgpt3-1.3b.pooled.auroc
protgpt3-1.3b,pooled,fractional_reduction,0.06905091553983553,0.05099284155917046,0.08741774055978713,800,710,2000,1.9222210457921027,in_context_copying_and_local_overlap,results/R5/context_homologue_expansion_20260919/context_homologue.json,e03b5fa50ab4f6ca6b276a3c0bea38172116b05fab0f5bb622fa403f708e0bbf,arms.protgpt3-1.3b.pooled.fractional_reduction
protgpt3-1.3b,decisive_stratum,paired_win_rate,0.4626865671641791,0.3582089552238806,0.582089552238806,67,67,2000,2.1765527831974314,in_context_copying_and_local_overlap,results/R5/context_homologue_expansion_20260919/context_homologue.json,e03b5fa50ab4f6ca6b276a3c0bea38172116b05fab0f5bb622fa403f708e0bbf,arms.protgpt3-1.3b.decisive_stratum.auroc
protgpt3-1.3b,decisive_stratum,fractional_reduction,-0.05047572605166331,-0.08866474773612644,-0.014878451013703758,67,67,2000,2.1765527831974314,in_context_copying_and_local_overlap,results/R5/context_homologue_expansion_20260919/context_homologue.json,e03b5fa50ab4f6ca6b276a3c0bea38172116b05fab0f5bb622fa403f708e0bbf,arms.protgpt3-1.3b.decisive_stratum.fractional_reduction
rita-xl,pooled,paired_win_rate,0.41125,0.376720901126408,0.4450156168662155,800,710,2000,0.8780948785413056,no_gain_at_this_budget,results/R5/context_homologue_expansion_20260919/context_homologue.json,e03b5fa50ab4f6ca6b276a3c0bea38172116b05fab0f5bb622fa403f708e0bbf,arms.rita-xl.pooled.auroc
rita-xl,pooled,fractional_reduction,-0.008740522114044304,-0.011947282500565459,-0.005775884425929464,800,710,2000,0.8780948785413056,no_gain_at_this_budget,results/R5/context_homologue_expansion_20260919/context_homologue.json,e03b5fa50ab4f6ca6b276a3c0bea38172116b05fab0f5bb622fa403f708e0bbf,arms.rita-xl.pooled.fractional_reduction
rita-xl,decisive_stratum,paired_win_rate,0.40298507462686567,0.2835820895522388,0.5223880597014925,67,67,2000,1.2075328865825241,no_gain_at_this_budget,results/R5/context_homologue_expansion_20260919/context_homologue.json,e03b5fa50ab4f6ca6b276a3c0bea38172116b05fab0f5bb622fa403f708e0bbf,arms.rita-xl.decisive_stratum.auroc
rita-xl,decisive_stratum,fractional_reduction,6.528260462749253e-05,-0.001139392876574743,0.0012313341547066413,67,67,2000,1.2075328865825241,no_gain_at_this_budget,results/R5/context_homologue_expansion_20260919/context_homologue.json,e03b5fa50ab4f6ca6b276a3c0bea38172116b05fab0f5bb622fa403f708e0bbf,arms.rita-xl.decisive_stratum.fractional_reduction
progen3-112m,pooled,paired_win_rate,0.48,0.44471424132441084,0.5158458740633908,800,710,2000,3.1164302164316178,no_gain_at_this_budget,results/R5/context_homologue_progen3_20260924/context_homologue.json,cd90106ecc61f8e4e4b3e977882c5a07ab5bc6748a6556ee3cb3a4cb8e281008,arms.progen3-112m.pooled.auroc
progen3-112m,pooled,fractional_reduction,-0.0013386789897272793,-0.0032936104182441864,0.0005897572554312181,800,710,2000,3.1164302164316178,no_gain_at_this_budget,results/R5/context_homologue_progen3_20260924/context_homologue.json,cd90106ecc61f8e4e4b3e977882c5a07ab5bc6748a6556ee3cb3a4cb8e281008,arms.progen3-112m.pooled.fractional_reduction
progen3-112m,decisive_stratum,paired_win_rate,0.43283582089552236,0.31343283582089554,0.5522388059701493,67,67,2000,3.105461704197215,no_gain_at_this_budget,results/R5/context_homologue_progen3_20260924/context_homologue.json,cd90106ecc61f8e4e4b3e977882c5a07ab5bc6748a6556ee3cb3a4cb8e281008,arms.progen3-112m.decisive_stratum.auroc
progen3-112m,decisive_stratum,fractional_reduction,0.0013971933587664193,-0.005019092353364502,0.008190091308761804,67,67,2000,3.105461704197215,no_gain_at_this_budget,results/R5/context_homologue_progen3_20260924/context_homologue.json,cd90106ecc61f8e4e4b3e977882c5a07ab5bc6748a6556ee3cb3a4cb8e281008,arms.progen3-112m.decisive_stratum.fractional_reduction
progen3-3b,pooled,paired_win_rate,0.79875,0.7687476679104478,0.8282461879890566,800,710,2000,2.728905912935734,in_context_copying_and_local_overlap,results/R5/context_homologue_progen3_20260924/context_homologue.json,cd90106ecc61f8e4e4b3e977882c5a07ab5bc6748a6556ee3cb3a4cb8e281008,arms.progen3-3b.pooled.auroc
progen3-3b,pooled,fractional_reduction,0.1782501537095566,0.16007191697463843,0.19587883574890205,800,710,2000,2.728905912935734,in_context_copying_and_local_overlap,results/R5/context_homologue_progen3_20260924/context_homologue.json,cd90106ecc61f8e4e4b3e977882c5a07ab5bc6748a6556ee3cb3a4cb8e281008,arms.progen3-3b.pooled.fractional_reduction
progen3-3b,decisive_stratum,paired_win_rate,0.5522388059701493,0.43283582089552236,0.6716417910447762,67,67,2000,2.8282600196439827,in_context_copying_and_local_overlap,results/R5/context_homologue_progen3_20260924/context_homologue.json,cd90106ecc61f8e4e4b3e977882c5a07ab5bc6748a6556ee3cb3a4cb8e281008,arms.progen3-3b.decisive_stratum.auroc
progen3-3b,decisive_stratum,fractional_reduction,0.006964351958492155,-0.008768906393073915,0.022049855623359673,67,67,2000,2.8282600196439827,in_context_copying_and_local_overlap,results/R5/context_homologue_progen3_20260924/context_homologue.json,cd90106ecc61f8e4e4b3e977882c5a07ab5bc6748a6556ee3cb3a4cb8e281008,arms.progen3-3b.decisive_stratum.fractional_reduction
