release_family,checkpoints,protein_pretraining,estimate,ci_low,ci_high,biological_groups,simultaneous_family,bootstrap_resamples,source_path,source_sha256,source_pointer
ByGPT5,3,no,-0.00011140589970112389,-0.00041568429176793906,0.00019287249236569126,163,16,10000,results/shared/followup_support_20260927/lineage_robustness.json,bc9e3743e0da46f306a81c5946aa79aff7be20a89fea570722c0848769ef8b93,family_records.ByGPT5
DialoGPT,1,no,-0.00013649255884903258,-0.00036717249787860675,9.418738018054156e-05,163,16,10000,results/shared/followup_support_20260927/lineage_robustness.json,bc9e3743e0da46f306a81c5946aa79aff7be20a89fea570722c0848769ef8b93,family_records.DialoGPT
Galactica,4,no,0.0005164441152626616,-0.0004207377439207293,0.0014536259744460526,163,16,10000,results/shared/followup_support_20260927/lineage_robustness.json,bc9e3743e0da46f306a81c5946aa79aff7be20a89fea570722c0848769ef8b93,family_records.Galactica
GPT2,4,no,5.993506236712308e-05,-0.0002904303697775415,0.00041030049451178764,163,16,10000,results/shared/followup_support_20260927/lineage_robustness.json,bc9e3743e0da46f306a81c5946aa79aff7be20a89fea570722c0848769ef8b93,family_records.GPT2
Llama2,1,no,-8.117410888687695e-05,-0.0004893681158003136,0.00032701989802655964,163,16,10000,results/shared/followup_support_20260927/lineage_robustness.json,bc9e3743e0da46f306a81c5946aa79aff7be20a89fea570722c0848769ef8b93,family_records.Llama2
Llama3,1,no,-1.6131288004068624e-05,-0.00026907877908934205,0.00023681620308120478,163,16,10000,results/shared/followup_support_20260927/lineage_robustness.json,bc9e3743e0da46f306a81c5946aa79aff7be20a89fea570722c0848769ef8b93,family_records.Llama3
Qwen2.5,4,no,3.7114444850324394e-05,-0.00010663962664881536,0.00018086851634946415,163,16,10000,results/shared/followup_support_20260927/lineage_robustness.json,bc9e3743e0da46f306a81c5946aa79aff7be20a89fea570722c0848769ef8b93,family_records.Qwen2.5
Qwen3,1,no,-0.0001171898480055484,-0.0004249323732227315,0.00019055267721163473,163,16,10000,results/shared/followup_support_20260927/lineage_robustness.json,bc9e3743e0da46f306a81c5946aa79aff7be20a89fea570722c0848769ef8b93,family_records.Qwen3
InstructProtein,1,yes,0.008582471358955344,0.002989522041197925,0.014175420676712763,163,16,10000,results/shared/followup_support_20260927/lineage_robustness.json,bc9e3743e0da46f306a81c5946aa79aff7be20a89fea570722c0848769ef8b93,family_records.InstructProtein
ProGen2,5,yes,0.020047540349102996,0.012702903310045387,0.027392177388160605,163,16,10000,results/shared/followup_support_20260927/lineage_robustness.json,bc9e3743e0da46f306a81c5946aa79aff7be20a89fea570722c0848769ef8b93,family_records.ProGen2
ProGen3,2,yes,0.01803827847331659,0.011511687274244859,0.024564869672388318,163,16,10000,results/shared/followup_support_20260927/lineage_robustness.json,bc9e3743e0da46f306a81c5946aa79aff7be20a89fea570722c0848769ef8b93,family_records.ProGen3
ProLLaMA,2,yes,0.0035999263309845937,0.00044140567388737664,0.00675844698808181,163,16,10000,results/shared/followup_support_20260927/lineage_robustness.json,bc9e3743e0da46f306a81c5946aa79aff7be20a89fea570722c0848769ef8b93,family_records.ProLLaMA
ProteinGLM,1,yes,0.023812999491655804,0.014587332087252509,0.033038666896059096,163,16,10000,results/shared/followup_support_20260927/lineage_robustness.json,bc9e3743e0da46f306a81c5946aa79aff7be20a89fea570722c0848769ef8b93,family_records.ProteinGLM
ProtGPT2,1,yes,0.015332201056227023,0.008090778942710826,0.02257362316974322,163,16,10000,results/shared/followup_support_20260927/lineage_robustness.json,bc9e3743e0da46f306a81c5946aa79aff7be20a89fea570722c0848769ef8b93,family_records.ProtGPT2
ProtGPT3,1,yes,0.010977394312359319,0.004772815168875173,0.017181973455843463,163,16,10000,results/shared/followup_support_20260927/lineage_robustness.json,bc9e3743e0da46f306a81c5946aa79aff7be20a89fea570722c0848769ef8b93,family_records.ProtGPT3
RITA,1,yes,0.01925355172830586,0.011014375381324545,0.027492728075287177,163,16,10000,results/shared/followup_support_20260927/lineage_robustness.json,bc9e3743e0da46f306a81c5946aa79aff7be20a89fea570722c0848769ef8b93,family_records.RITA
