arm,split_seed,target,estimate,ci_low,ci_high,groups,cycles,source_path,source_sha256,source_pointer
protgpt2,20260923,nested_adjusted,-5.3184928633632405e-05,-0.00021471083017531817,6.0066533050635306e-05,64,8192,results/R3/pairwise_residual_nested_20260927/residual_protgpt2.json,634855131ad39b07606a77fc0b6b733078d120c2a343cb23ea478c5e8b87fcae,seeds.20260923.mse_reduction_kcal2
protgpt2,20260923,historical_raw,0.0008499500751383367,0.0004111276689717249,0.0013013028040409582,64,8192,archive/logs/R3/pairwise_epistasis_20260924/panel/panel.json,65b5cc3cdf654ed523d97aa6c9e2c540246f3d7f7f8e48571a39419391d43ba0,panel.all.C_G_T+M|C_G_T.arms.protgpt2.per_seed.20260923
protgpt2,20260924,nested_adjusted,-2.6706075669236866e-05,-5.7450114452412385e-05,4.74940767466627e-07,64,8192,results/R3/pairwise_residual_nested_20260927/residual_protgpt2.json,634855131ad39b07606a77fc0b6b733078d120c2a343cb23ea478c5e8b87fcae,seeds.20260924.mse_reduction_kcal2
protgpt2,20260924,historical_raw,0.0008556160269358479,0.0003790851404059225,0.0013317039501249091,64,8192,archive/logs/R3/pairwise_epistasis_20260924/panel/panel.json,65b5cc3cdf654ed523d97aa6c9e2c540246f3d7f7f8e48571a39419391d43ba0,panel.all.C_G_T+M|C_G_T.arms.protgpt2.per_seed.20260924
protgpt2,20260925,nested_adjusted,-2.30376572830785e-05,-0.0001330412237071345,5.2260113796429295e-05,64,8192,results/R3/pairwise_residual_nested_20260927/residual_protgpt2.json,634855131ad39b07606a77fc0b6b733078d120c2a343cb23ea478c5e8b87fcae,seeds.20260925.mse_reduction_kcal2
protgpt2,20260925,historical_raw,0.0010355911193252825,0.0005623002836016338,0.0015287557167623,64,8192,archive/logs/R3/pairwise_epistasis_20260924/panel/panel.json,65b5cc3cdf654ed523d97aa6c9e2c540246f3d7f7f8e48571a39419391d43ba0,panel.all.C_G_T+M|C_G_T.arms.protgpt2.per_seed.20260925
progen3-3b,20260923,nested_adjusted,-8.86443399181748e-05,-0.00024084894458250352,3.552890784304443e-05,64,8192,results/R3/pairwise_residual_nested_20260927/residual_progen3-3b.json,19615241198729501932b11784622e6663f302a4da7acd33599cfbb3c6e3dc41,seeds.20260923.mse_reduction_kcal2
progen3-3b,20260923,historical_raw,0.0012624745096162949,0.000464564808388685,0.002137619011955454,64,8192,archive/logs/R3/pairwise_epistasis_20260924/panel/panel.json,65b5cc3cdf654ed523d97aa6c9e2c540246f3d7f7f8e48571a39419391d43ba0,panel.all.C_G_T+M|C_G_T.arms.progen3-3b.per_seed.20260923
progen3-3b,20260924,nested_adjusted,-9.889960687173597e-06,-5.7882938287088677e-05,4.15786687172438e-05,64,8192,results/R3/pairwise_residual_nested_20260927/residual_progen3-3b.json,19615241198729501932b11784622e6663f302a4da7acd33599cfbb3c6e3dc41,seeds.20260924.mse_reduction_kcal2
progen3-3b,20260924,historical_raw,0.0011592465487881287,0.00034353125690696874,0.0020398417976303955,64,8192,archive/logs/R3/pairwise_epistasis_20260924/panel/panel.json,65b5cc3cdf654ed523d97aa6c9e2c540246f3d7f7f8e48571a39419391d43ba0,panel.all.C_G_T+M|C_G_T.arms.progen3-3b.per_seed.20260924
progen3-3b,20260925,nested_adjusted,-4.6865553662733817e-05,-0.0001608770227658451,4.7814936842964526e-05,64,8192,results/R3/pairwise_residual_nested_20260927/residual_progen3-3b.json,19615241198729501932b11784622e6663f302a4da7acd33599cfbb3c6e3dc41,seeds.20260925.mse_reduction_kcal2
progen3-3b,20260925,historical_raw,0.0012478967719154262,0.0004456960649667783,0.0021323945641334874,64,8192,archive/logs/R3/pairwise_epistasis_20260924/panel/panel.json,65b5cc3cdf654ed523d97aa6c9e2c540246f3d7f7f8e48571a39419391d43ba0,panel.all.C_G_T+M|C_G_T.arms.progen3-3b.per_seed.20260925
prollama,20260923,nested_adjusted,-2.3998215965444648e-05,-0.00019925654094438383,0.00015375431874554488,64,8192,results/R3/pairwise_residual_nested_20260927/residual_prollama.json,76473edac1214f068572a43428bc1e1958e746291eda4a6b762b99376f5e6764,seeds.20260923.mse_reduction_kcal2
prollama,20260923,historical_raw,0.0010040078729613162,0.00035754154738383743,0.0017310876852356103,64,8192,archive/logs/R3/pairwise_epistasis_20260924/panel/panel.json,65b5cc3cdf654ed523d97aa6c9e2c540246f3d7f7f8e48571a39419391d43ba0,panel.all.C_G_T+M|C_G_T.arms.prollama.per_seed.20260923
prollama,20260924,nested_adjusted,1.4223210228030136e-06,-5.447199483301283e-05,5.5384429712491024e-05,64,8192,results/R3/pairwise_residual_nested_20260927/residual_prollama.json,76473edac1214f068572a43428bc1e1958e746291eda4a6b762b99376f5e6764,seeds.20260924.mse_reduction_kcal2
prollama,20260924,historical_raw,0.0009584813110314096,0.0003324006648128395,0.0016353090243429414,64,8192,archive/logs/R3/pairwise_epistasis_20260924/panel/panel.json,65b5cc3cdf654ed523d97aa6c9e2c540246f3d7f7f8e48571a39419391d43ba0,panel.all.C_G_T+M|C_G_T.arms.prollama.per_seed.20260924
prollama,20260925,nested_adjusted,3.449992743002786e-05,-9.321657323503005e-05,0.00016495750873217295,64,8192,results/R3/pairwise_residual_nested_20260927/residual_prollama.json,76473edac1214f068572a43428bc1e1958e746291eda4a6b762b99376f5e6764,seeds.20260925.mse_reduction_kcal2
prollama,20260925,historical_raw,0.0010760211608873283,0.0004197339386950667,0.0018004982276032771,64,8192,archive/logs/R3/pairwise_epistasis_20260924/panel/panel.json,65b5cc3cdf654ed523d97aa6c9e2c540246f3d7f7f8e48571a39419391d43ba0,panel.all.C_G_T+M|C_G_T.arms.prollama.per_seed.20260925
