population,metric,variants,backgrounds,sites,groups,estimate,ci_low,ci_high,source_path,source_sha256,source_pointer
broad_qualification,channel_difference_mean_kcal_mol,261572,290,16549,101,0.14046923679897805,0.11189436602657549,0.1695593925477522,results/R4/gate_stability_20260924/endpoint/endpoint_qualification.json,30f1bb8ee0afac585dc63ccfb639ac5777864425e60a50991c293335c11c8e7b,agreement.natural.family_group.agreement.channel_difference_mean_kcal_mol
broad_qualification,channel_difference_rms_kcal_mol,261572,290,16549,101,0.35917168343000166,0.3374709995057279,0.3802883953604218,results/R4/gate_stability_20260924/endpoint/endpoint_qualification.json,30f1bb8ee0afac585dc63ccfb639ac5777864425e60a50991c293335c11c8e7b,agreement.natural.family_group.agreement.channel_difference_rms_kcal_mol
broad_qualification,mean_ddg_chymotrypsin_kcal_mol,261572,290,16549,101,-0.6824864373010281,-0.7291443121762691,-0.6370402514647513,results/R4/gate_stability_20260924/endpoint/endpoint_qualification.json,30f1bb8ee0afac585dc63ccfb639ac5777864425e60a50991c293335c11c8e7b,agreement.natural.family_group.agreement.mean_ddg_chymotrypsin_kcal_mol
broad_qualification,mean_ddg_trypsin_kcal_mol,261572,290,16549,101,-0.54201720050205,-0.5861642252238458,-0.49852397735341186,results/R4/gate_stability_20260924/endpoint/endpoint_qualification.json,30f1bb8ee0afac585dc63ccfb639ac5777864425e60a50991c293335c11c8e7b,agreement.natural.family_group.agreement.mean_ddg_trypsin_kcal_mol
broad_qualification,pearson_r,261572,290,16549,101,0.9371695749467883,0.9291640549740419,0.9447013385992764,results/R4/gate_stability_20260924/endpoint/endpoint_qualification.json,30f1bb8ee0afac585dc63ccfb639ac5777864425e60a50991c293335c11c8e7b,agreement.natural.family_group.agreement.pearson_r
broad_qualification,per_channel_discordance_sd_kcal_mol,261572,290,16549,101,0.23374418890215642,0.22088619130162168,0.24582438657043815,results/R4/gate_stability_20260924/endpoint/endpoint_qualification.json,30f1bb8ee0afac585dc63ccfb639ac5777864425e60a50991c293335c11c8e7b,agreement.natural.family_group.agreement.per_channel_discordance_sd_kcal_mol
broad_qualification,sd_ddg_chymotrypsin_kcal_mol,261572,290,16549,101,0.9404884975267261,0.9030115937418248,0.9772581934141963,results/R4/gate_stability_20260924/endpoint/endpoint_qualification.json,30f1bb8ee0afac585dc63ccfb639ac5777864425e60a50991c293335c11c8e7b,agreement.natural.family_group.agreement.sd_ddg_chymotrypsin_kcal_mol
broad_qualification,sd_ddg_trypsin_kcal_mol,261572,290,16549,101,0.921585655556,0.8848340131874695,0.9573158156851125,results/R4/gate_stability_20260924/endpoint/endpoint_qualification.json,30f1bb8ee0afac585dc63ccfb639ac5777864425e60a50991c293335c11c8e7b,agreement.natural.family_group.agreement.sd_ddg_trypsin_kcal_mol
broad_qualification,shared_component_sd_kcal_mol,261572,290,16549,101,0.9012674527618335,0.8642804791313732,0.9381599971617433,results/R4/gate_stability_20260924/endpoint/endpoint_qualification.json,30f1bb8ee0afac585dc63ccfb639ac5777864425e60a50991c293335c11c8e7b,agreement.natural.family_group.agreement.shared_component_sd_kcal_mol
broad_qualification,shared_to_discordance_ratio,261572,290,16549,101,3.855785493512728,3.6121401659035564,4.125175877069981,results/R4/gate_stability_20260924/endpoint/endpoint_qualification.json,30f1bb8ee0afac585dc63ccfb639ac5777864425e60a50991c293335c11c8e7b,agreement.natural.family_group.agreement.shared_to_discordance_ratio
broad_qualification,within_background_spearman,261572,290,16549,101,0.9124524682664279,0.9003028275075979,0.9245299007573126,results/R4/gate_stability_20260924/endpoint/endpoint_qualification.json,30f1bb8ee0afac585dc63ccfb639ac5777864425e60a50991c293335c11c8e7b,agreement.natural.family_group.agreement.within_background_spearman
exact_model_cohort,mean_ddg_trypsin_kcal_mol,25856,101,5664,101,-0.5046155007176963,-0.5522713076433958,-0.45795470864584004,results/shared/followup_support_20260927/exact_stability_qualification.json,eaa0fc67207493f58f41ade3a136de98e51b8fcfea386fd59031152f682c9957,agreement.natural.family_group.agreement.mean_ddg_trypsin_kcal_mol
exact_model_cohort,mean_ddg_chymotrypsin_kcal_mol,25856,101,5664,101,-0.6596827836047996,-0.7102800572751073,-0.6124490072858649,results/shared/followup_support_20260927/exact_stability_qualification.json,eaa0fc67207493f58f41ade3a136de98e51b8fcfea386fd59031152f682c9957,agreement.natural.family_group.agreement.mean_ddg_chymotrypsin_kcal_mol
exact_model_cohort,sd_ddg_trypsin_kcal_mol,25856,101,5664,101,0.9227667622579167,0.8850771509698716,0.9602237742002652,results/shared/followup_support_20260927/exact_stability_qualification.json,eaa0fc67207493f58f41ade3a136de98e51b8fcfea386fd59031152f682c9957,agreement.natural.family_group.agreement.sd_ddg_trypsin_kcal_mol
exact_model_cohort,sd_ddg_chymotrypsin_kcal_mol,25856,101,5664,101,0.9366020730597768,0.89765924048776,0.975267621602512,results/shared/followup_support_20260927/exact_stability_qualification.json,eaa0fc67207493f58f41ade3a136de98e51b8fcfea386fd59031152f682c9957,agreement.natural.family_group.agreement.sd_ddg_chymotrypsin_kcal_mol
exact_model_cohort,pearson_r,25856,101,5664,101,0.9337251845930148,0.9229135566442592,0.9440373876664582,results/shared/followup_support_20260927/exact_stability_qualification.json,eaa0fc67207493f58f41ade3a136de98e51b8fcfea386fd59031152f682c9957,agreement.natural.family_group.agreement.pearson_r
exact_model_cohort,shared_component_sd_kcal_mol,25856,101,5664,101,0.8983241295589232,0.8596347178758371,0.9376386858754724,results/shared/followup_support_20260927/exact_stability_qualification.json,eaa0fc67207493f58f41ade3a136de98e51b8fcfea386fd59031152f682c9957,agreement.natural.family_group.agreement.shared_component_sd_kcal_mol
exact_model_cohort,channel_difference_mean_kcal_mol,25856,101,5664,101,0.15506728288710325,0.11978786387871644,0.19301810612990697,results/shared/followup_support_20260927/exact_stability_qualification.json,eaa0fc67207493f58f41ade3a136de98e51b8fcfea386fd59031152f682c9957,agreement.natural.family_group.agreement.channel_difference_mean_kcal_mol
exact_model_cohort,channel_difference_rms_kcal_mol,25856,101,5664,101,0.3725524386099553,0.341951659890805,0.403685180463596,results/shared/followup_support_20260927/exact_stability_qualification.json,eaa0fc67207493f58f41ade3a136de98e51b8fcfea386fd59031152f682c9957,agreement.natural.family_group.agreement.channel_difference_rms_kcal_mol
exact_model_cohort,per_channel_discordance_sd_kcal_mol,25856,101,5664,101,0.2395302249114249,0.22223691424778083,0.2555733742030672,results/shared/followup_support_20260927/exact_stability_qualification.json,eaa0fc67207493f58f41ade3a136de98e51b8fcfea386fd59031152f682c9957,agreement.natural.family_group.agreement.per_channel_discordance_sd_kcal_mol
exact_model_cohort,shared_to_discordance_ratio,25856,101,5664,101,3.750358143282801,3.456223683812938,4.10052429276128,results/shared/followup_support_20260927/exact_stability_qualification.json,eaa0fc67207493f58f41ade3a136de98e51b8fcfea386fd59031152f682c9957,agreement.natural.family_group.agreement.shared_to_discordance_ratio
exact_model_cohort,within_background_spearman,25856,101,5664,101,0.9043537218793976,0.887551092523778,0.9207331759368997,results/shared/followup_support_20260927/exact_stability_qualification.json,eaa0fc67207493f58f41ade3a136de98e51b8fcfea386fd59031152f682c9957,agreement.natural.family_group.agreement.within_background_spearman
